prenom,sexe,annee,dep,n
MAELIG,F,2000,01,6
MAELIG,F,2000,02,3
MAELIG,F,2000,03,6
MAELIG,F,2000,04,8
MAELIG,F,2000,05,1
MAELIG,F,2000,06,6
MAELIG,F,2000,07,2
MAELIG,F,2000,08,7
MAELIG,F,2000,09,3
MAELIG,F,2000,11,6
MAELIG,F,2000,12,4
MAELIG,F,2000,13,4
MAELIG,F,2000,14,4
MAELIG,F,2000,15,1
MAELIG,F,2000,16,7
MAELIG,F,2000,17,1
MAELIG,F,2000,18,4
MAELIG,F,2000,19,5
MAELIG,F,2000,21,1
MAELIG,F,2000,22,27
MAELIG,F,2000,23,3
MAELIG,F,2000,24,5
MAELIG,F,2000,25,4
MAELIG,F,2000,26,1
MAELIG,F,2000,27,3
MAELIG,F,2000,28,5
MAELIG,F,2000,29,24
MAELIG,F,2000,2A,3
MAELIG,F,2000,2B,5
MAELIG,F,2000,30,1
MAELIG,F,2000,31,4
MAELIG,F,2000,32,5
MAELIG,F,2000,33,2
MAELIG,F,2000,34,6
MAELIG,F,2000,35,23
MAELIG,F,2000,36,10
MAELIG,F,2000,37,3
MAELIG,F,2000,38,3
MAELIG,F,2000,39,4
MAELIG,F,2000,40,4
MAELIG,F,2000,41,3
MAELIG,F,2000,42,6
MAELIG,F,2000,43,1
MAELIG,F,2000,44,27
MAELIG,F,2000,45,2
MAELIG,F,2000,46,2
MAELIG,F,2000,47,7
MAELIG,F,2000,48,3
MAELIG,F,2000,49,6
MAELIG,F,2000,50,4
MAELIG,F,2000,51,3
MAELIG,F,2000,52,4
MAELIG,F,2000,53,3
MAELIG,F,2000,54,1
MAELIG,F,2000,55,1
MAELIG,F,2000,56,23
MAELIG,F,2000,57,4
MAELIG,F,2000,58,2
MAELIG,F,2000,59,2
MAELIG,F,2000,60,3
MAELIG,F,2000,61,2
MAELIG,F,2000,62,8
MAELIG,F,2000,63,5
MAELIG,F,2000,64,3
MAELIG,F,2000,65,3
MAELIG,F,2000,66,6
MAELIG,F,2000,67,7
MAELIG,F,2000,68,4
MAELIG,F,2000,69,3
MAELIG,F,2000,70,8
MAELIG,F,2000,71,4
MAELIG,F,2000,72,6
MAELIG,F,2000,73,1
MAELIG,F,2000,74,7
MAELIG,F,2000,75,2
MAELIG,F,2000,76,4
MAELIG,F,2000,77,8
MAELIG,F,2000,78,5
MAELIG,F,2000,79,5
MAELIG,F,2000,80,6
MAELIG,F,2000,81,4
MAELIG,F,2000,82,2
MAELIG,F,2000,83,4
MAELIG,F,2000,84,1
MAELIG,F,2000,85,3
MAELIG,F,2000,86,6
MAELIG,F,2000,87,1
MAELIG,F,2000,88,5
MAELIG,F,2000,89,5
MAELIG,F,2000,90,2
MAELIG,F,2000,91,3
MAELIG,F,2000,92,6
MAELIG,F,2000,93,6
MAELIG,F,2000,94,3
MAELIG,F,2000,95,2
MAELIG,M,2000,01,7
MAELIG,M,2000,02,7
MAELIG,M,2000,03,5
MAELIG,M,2000,04,2
MAELIG,M,2000,05,2
MAELIG,M,2000,06,2
MAELIG,M,2000,07,5
MAELIG,M,2000,08,7
MAELIG,M,2000,09,1
MAELIG,M,2000,10,2
MAELIG,M,2000,11,6
MAELIG,M,2000,12,2
MAELIG,M,2000,13,4
MAELIG,M,2000,14,2
MAELIG,M,2000,15,4
MAELIG,M,2000,16,6
MAELIG,M,2000,17,6
MAELIG,M,2000,18,7
MAELIG,M,2000,19,4
MAELIG,M,2000,21,1
MAELIG,M,2000,22,20
MAELIG,M,2000,23,8
MAELIG,M,2000,24,6
MAELIG,M,2000,25,7
MAELIG,M,2000,26,2
MAELIG,M,2000,27,5
MAELIG,M,2000,28,4
MAELIG,M,2000,29,27
MAELIG,M,2000,2A,7
MAELIG,M,2000,2B,3
MAELIG,M,2000,30,2
MAELIG,M,2000,31,5
MAELIG,M,2000,32,4
MAELIG,M,2000,33,2
MAELIG,M,2000,34,6
MAELIG,M,2000,35,27
MAELIG,M,2000,36,2
MAELIG,M,2000,38,6
MAELIG,M,2000,39,4
MAELIG,M,2000,40,5
MAELIG,M,2000,41,3
MAELIG,M,2000,42,10
MAELIG,M,2000,43,5
MAELIG,M,2000,44,22
MAELIG,M,2000,45,1
MAELIG,M,2000,46,2
MAELIG,M,2000,47,1
MAELIG,M,2000,48,2
MAELIG,M,2000,49,3
MAELIG,M,2000,50,1
MAELIG,M,2000,51,2
MAELIG,M,2000,52,6
MAELIG,M,2000,53,4
MAELIG,M,2000,54,2
MAELIG,M,2000,55,3
MAELIG,M,2000,56,21
MAELIG,M,2000,57,1
MAELIG,M,2000,58,2
MAELIG,M,2000,59,3
MAELIG,M,2000,60,5
MAELIG,M,2000,61,8
MAELIG,M,2000,62,3
MAELIG,M,2000,63,1
MAELIG,M,2000,64,1
MAELIG,M,2000,65,6
MAELIG,M,2000,66,2
MAELIG,M,2000,67,2
MAELIG,M,2000,69,7
MAELIG,M,2000,70,2
MAELIG,M,2000,71,2
MAELIG,M,2000,72,5
MAELIG,M,2000,73,7
MAELIG,M,2000,75,3
MAELIG,M,2000,76,5
MAELIG,M,2000,77,4
MAELIG,M,2000,78,8
MAELIG,M,2000,79,4
MAELIG,M,2000,80,1
MAELIG,M,2000,81,6
MAELIG,M,2000,82,5
MAELIG,M,2000,83,3
MAELIG,M,2000,84,4
MAELIG,M,2000,85,4
MAELIG,M,2000,86,3
MAELIG,M,2000,87,4
MAELIG,M,2000,88,8
MAELIG,M,2000,89,3
MAELIG,M,2000,90,4
MAELIG,M,2000,91,4
MAELIG,M,2000,92,4
MAELIG,M,2000,93,3
MAELIG,M,2000,94,3
MAELIG,M,2000,95,6
LOUISE,F,2000,01,4
LOUISE,F,2000,02,3
LOUISE,F,2000,03,4
LOUISE,F,2000,04,6
LOUISE,F,2000,05,3
LOUISE,F,2000,06,7
LOUISE,F,2000,07,1
LOUISE,F,2000,08,2
LOUISE,F,2000,09,2
LOUISE,F,2000,10,6
LOUISE,F,2000,11,4
LOUISE,F,2000,12,3
LOUISE,F,2000,13,8
LOUISE,F,2000,14,7
LOUISE,F,2000,15,3
LOUISE,F,2000,16,3
LOUISE,F,2000,17,4
LOUISE,F,2000,18,3
LOUISE,F,2000,19,5
LOUISE,F,2000,21,6
LOUISE,F,2000,22,1
LOUISE,F,2000,23,7
LOUISE,F,2000,24,6
LOUISE,F,2000,25,7
LOUISE,F,2000,26,3
LOUISE,F,2000,27,4
LOUISE,F,2000,28,5
LOUISE,F,2000,29,3
LOUISE,F,2000,2A,4
LOUISE,F,2000,2B,4
LOUISE,F,2000,30,2
LOUISE,F,2000,31,8
LOUISE,F,2000,32,5
LOUISE,F,2000,33,6
LOUISE,F,2000,34,6
LOUISE,F,2000,35,2
LOUISE,F,2000,36,1
LOUISE,F,2000,37,2
LOUISE,F,2000,38,3
LOUISE,F,2000,39,5
LOUISE,F,2000,40,6
LOUISE,F,2000,41,3
LOUISE,F,2000,42,1
LOUISE,F,2000,43,4
LOUISE,F,2000,44,6
LOUISE,F,2000,45,4
LOUISE,F,2000,46,3
LOUISE,F,2000,47,2
LOUISE,F,2000,48,5
LOUISE,F,2000,49,4
LOUISE,F,2000,50,1
LOUISE,F,2000,51,5
LOUISE,F,2000,52,3
LOUISE,F,2000,53,3
LOUISE,F,2000,54,2
LOUISE,F,2000,55,3
LOUISE,F,2000,56,2
LOUISE,F,2000,57,5
LOUISE,F,2000,58,1
LOUISE,F,2000,59,7
LOUISE,F,2000,60,5
LOUISE,F,2000,61,7
LOUISE,F,2000,62,2
LOUISE,F,2000,63,7
LOUISE,F,2000,64,4
LOUISE,F,2000,65,4
LOUISE,F,2000,66,1
LOUISE,F,2000,67,5
LOUISE,F,2000,68,4
LOUISE,F,2000,69,4
LOUISE,F,2000,70,2
LOUISE,F,2000,71,2
LOUISE,F,2000,72,2
LOUISE,F,2000,73,5
LOUISE,F,2000,74,7
LOUISE,F,2000,75,4
LOUISE,F,2000,76,6
LOUISE,F,2000,77,4
LOUISE,F,2000,78,2
LOUISE,F,2000,79,4
LOUISE,F,2000,80,2
LOUISE,F,2000,81,2
LOUISE,F,2000,82,2
LOUISE,F,2000,83,5
LOUISE,F,2000,84,4
LOUISE,F,2000,85,4
LOUISE,F,2000,86,2
LOUISE,F,2000,87,3
LOUISE,F,2000,88,5
LOUISE,F,2000,89,3
LOUISE,F,2000,90,3
LOUISE,F,2000,91,9
LOUISE,F,2000,92,7
LOUISE,F,2000,93,1
LOUISE,F,2000,94,4
LOUISE,F,2000,95,3
LOUISE,M,2000,01,4
LOUISE,M,2000,02,1
LOUISE,M,2000,03,5
LOUISE,M,2000,04,5
LOUISE,M,2000,05,5
LOUISE,M,2000,06,4
LOUISE,M,2000,07,4
LOUISE,M,2000,08,3
LOUISE,M,2000,09,5
LOUISE,M,2000,10,3
LOUISE,M,2000,11,4
LOUISE,M,2000,12,8
LOUISE,M,2000,13,7
LOUISE,M,2000,14,3
LOUISE,M,2000,15,4
LOUISE,M,2000,16,3
LOUISE,M,2000,17,5
LOUISE,M,2000,18,3
LOUISE,M,2000,19,3
LOUISE,M,2000,21,7
LOUISE,M,2000,22,3
LOUISE,M,2000,23,3
LOUISE,M,2000,24,3
LOUISE,M,2000,25,11
LOUISE,M,2000,27,6
LOUISE,M,2000,28,7
LOUISE,M,2000,29,5
LOUISE,M,2000,2A,2
LOUISE,M,2000,2B,5
LOUISE,M,2000,30,5
LOUISE,M,2000,31,3
LOUISE,M,2000,32,5
LOUISE,M,2000,33,2
LOUISE,M,2000,34,3
LOUISE,M,2000,35,3
LOUISE,M,2000,36,3
LOUISE,M,2000,37,7
LOUISE,M,2000,38,4
LOUISE,M,2000,39,2
LOUISE,M,2000,40,6
LOUISE,M,2000,41,3
LOUISE,M,2000,42,3
LOUISE,M,2000,43,3
LOUISE,M,2000,44,4
LOUISE,M,2000,45,4
LOUISE,M,2000,46,9
LOUISE,M,2000,47,2
LOUISE,M,2000,48,6
LOUISE,M,2000,49,8
LOUISE,M,2000,50,4
LOUISE,M,2000,51,7
LOUISE,M,2000,52,4
LOUISE,M,2000,53,4
LOUISE,M,2000,54,2
LOUISE,M,2000,55,3
LOUISE,M,2000,56,5
LOUISE,M,2000,57,3
LOUISE,M,2000,58,8
LOUISE,M,2000,59,6
LOUISE,M,2000,60,3
LOUISE,M,2000,61,1
LOUISE,M,2000,62,2
LOUISE,M,2000,63,6
LOUISE,M,2000,64,5
LOUISE,M,2000,65,3
LOUISE,M,2000,66,4
LOUISE,M,2000,67,5
LOUISE,M,2000,68,6
LOUISE,M,2000,69,4
LOUISE,M,2000,70,2
LOUISE,M,2000,71,6
LOUISE,M,2000,72,7
LOUISE,M,2000,73,7
LOUISE,M,2000,74,2
LOUISE,M,2000,75,3
LOUISE,M,2000,76,3
LOUISE,M,2000,77,5
LOUISE,M,2000,78,7
LOUISE,M,2000,79,8
LOUISE,M,2000,80,8
LOUISE,M,2000,81,5
LOUISE,M,2000,82,3
LOUISE,M,2000,83,3
LOUISE,M,2000,84,2
LOUISE,M,2000,85,3
LOUISE,M,2000,86,1
LOUISE,M,2000,87,1
LOUISE,M,2000,88,4
LOUISE,M,2000,89,3
LOUISE,M,2000,90,3
LOUISE,M,2000,91,6
LOUISE,M,2000,92,3
LOUISE,M,2000,93,2
LOUISE,M,2000,94,6
LOUISE,M,2000,95,3
GABRIEL,F,2000,01,3
GABRIEL,F,2000,02,4
GABRIEL,F,2000,03,2
GABRIEL,F,2000,04,7
GABRIEL,F,2000,05,4
GABRIEL,F,2000,06,4
GABRIEL,F,2000,07,4
GABRIEL,F,2000,08,4
GABRIEL,F,2000,09,6
GABRIEL,F,2000,10,3
GABRIEL,F,2000,11,2
GABRIEL,F,2000,12,5
GABRIEL,F,2000,13,6
GABRIEL,F,2000,14,2
GABRIEL,F,2000,15,1
GABRIEL,F,2000,16,3
GABRIEL,F,2000,17,1
GABRIEL,F,2000,18,3
GABRIEL,F,2000,21,4
GABRIEL,F,2000,22,2
GABRIEL,F,2000,23,3
GABRIEL,F,2000,24,2
GABRIEL,F,2000,25,7
GABRIEL,F,2000,26,3
GABRIEL,F,2000,27,1
GABRIEL,F,2000,28,6
GABRIEL,F,2000,29,2
GABRIEL,F,2000,2A,3
GABRIEL,F,2000,2B,6
GABRIEL,F,2000,30,5
GABRIEL,F,2000,31,1
GABRIEL,F,2000,32,3
GABRIEL,F,2000,33,4
GABRIEL,F,2000,34,5
GABRIEL,F,2000,35,2
GABRIEL,F,2000,36,4
GABRIEL,F,2000,37,5
GABRIEL,F,2000,38,4
GABRIEL,F,2000,39,2
GABRIEL,F,2000,40,2
GABRIEL,F,2000,41,1
GABRIEL,F,2000,42,3
GABRIEL,F,2000,43,2
GABRIEL,F,2000,44,6
GABRIEL,F,2000,45,9
GABRIEL,F,2000,46,4
GABRIEL,F,2000,47,5
GABRIEL,F,2000,48,1
GABRIEL,F,2000,49,4
GABRIEL,F,2000,50,4
GABRIEL,F,2000,51,3
GABRIEL,F,2000,52,4
GABRIEL,F,2000,53,6
GABRIEL,F,2000,54,4
GABRIEL,F,2000,55,3
GABRIEL,F,2000,56,3
GABRIEL,F,2000,57,4
GABRIEL,F,2000,58,4
GABRIEL,F,2000,59,6
GABRIEL,F,2000,60,4
GABRIEL,F,2000,61,4
GABRIEL,F,2000,62,2
GABRIEL,F,2000,63,3
GABRIEL,F,2000,64,5
GABRIEL,F,2000,65,2
GABRIEL,F,2000,66,3
GABRIEL,F,2000,67,4
GABRIEL,F,2000,68,7
GABRIEL,F,2000,69,4
GABRIEL,F,2000,70,5
GABRIEL,F,2000,71,5
GABRIEL,F,2000,72,5
GABRIEL,F,2000,73,3
GABRIEL,F,2000,74,6
GABRIEL,F,2000,75,2
GABRIEL,F,2000,76,2
GABRIEL,F,2000,77,6
GABRIEL,F,2000,78,5
GABRIEL,F,2000,79,3
GABRIEL,F,2000,80,4
GABRIEL,F,2000,81,2
GABRIEL,F,2000,82,3
GABRIEL,F,2000,83,5
GABRIEL,F,2000,84,5
GABRIEL,F,2000,85,1
GABRIEL,F,2000,86,3
GABRIEL,F,2000,87,3
GABRIEL,F,2000,88,2
GABRIEL,F,2000,89,6
GABRIEL,F,2000,90,3
GABRIEL,F,2000,91,5
GABRIEL,F,2000,92,3
GABRIEL,F,2000,93,4
GABRIEL,F,2000,94,4
GABRIEL,F,2000,95,3
GABRIEL,M,2000,01,4
GABRIEL,M,2000,03,4
GABRIEL,M,2000,04,8
GABRIEL,M,2000,05,7
GABRIEL,M,2000,06,2
GABRIEL,M,2000,07,3
GABRIEL,M,2000,08,3
GABRIEL,M,2000,09,9
GABRIEL,M,2000,10,5
GABRIEL,M,2000,11,3
GABRIEL,M,2000,12,8
GABRIEL,M,2000,13,2
GABRIEL,M,2000,14,4
GABRIEL,M,2000,15,5
GABRIEL,M,2000,16,5
GABRIEL,M,2000,17,2
GABRIEL,M,2000,18,3
GABRIEL,M,2000,19,5
GABRIEL,M,2000,21,3
GABRIEL,M,2000,22,7
GABRIEL,M,2000,23,4
GABRIEL,M,2000,24,6
GABRIEL,M,2000,25,3
GABRIEL,M,2000,26,3
GABRIEL,M,2000,27,4
GABRIEL,M,2000,28,7
GABRIEL,M,2000,29,4
GABRIEL,M,2000,2A,4
GABRIEL,M,2000,2B,4
GABRIEL,M,2000,30,5
GABRIEL,M,2000,31,1
GABRIEL,M,2000,32,2
GABRIEL,M,2000,33,6
GABRIEL,M,2000,34,3
GABRIEL,M,2000,35,7
GABRIEL,M,2000,36,3
GABRIEL,M,2000,37,1
GABRIEL,M,2000,38,3
GABRIEL,M,2000,39,5
GABRIEL,M,2000,40,5
GABRIEL,M,2000,41,3
GABRIEL,M,2000,42,3
GABRIEL,M,2000,43,6
GABRIEL,M,2000,44,8
GABRIEL,M,2000,45,4
GABRIEL,M,2000,46,4
GABRIEL,M,2000,47,4
GABRIEL,M,2000,48,11
GABRIEL,M,2000,49,6
GABRIEL,M,2000,50,4
GABRIEL,M,2000,51,4
GABRIEL,M,2000,52,5
GABRIEL,M,2000,53,7
GABRIEL,M,2000,54,5
GABRIEL,M,2000,55,8
GABRIEL,M,2000,56,7
GABRIEL,M,2000,57,5
GABRIEL,M,2000,58,3
GABRIEL,M,2000,59,2
GABRIEL,M,2000,60,5
GABRIEL,M,2000,61,5
GABRIEL,M,2000,62,3
GABRIEL,M,2000,63,4
GABRIEL,M,2000,64,2
GABRIEL,M,2000,65,4
GABRIEL,M,2000,66,1
GABRIEL,M,2000,67,3
GABRIEL,M,2000,68,8
GABRIEL,M,2000,69,3
GABRIEL,M,2000,70,6
GABRIEL,M,2000,71,5
GABRIEL,M,2000,72,1
GABRIEL,M,2000,73,5
GABRIEL,M,2000,74,4
GABRIEL,M,2000,75,9
GABRIEL,M,2000,76,2
GABRIEL,M,2000,77,3
GABRIEL,M,2000,78,3
GABRIEL,M,2000,79,1
GABRIEL,M,2000,80,5
GABRIEL,M,2000,81,4
GABRIEL,M,2000,82,4
GABRIEL,M,2000,83,6
GABRIEL,M,2000,84,2
GABRIEL,M,2000,85,3
GABRIEL,M,2000,86,1
GABRIEL,M,2000,87,5
GABRIEL,M,2000,88,7
GABRIEL,M,2000,89,2
GABRIEL,M,2000,90,4
GABRIEL,M,2000,91,2
GABRIEL,M,2000,92,2
GABRIEL,M,2000,93,3
GABRIEL,M,2000,94,1
GABRIEL,M,2000,95,4
JADE,F,2000,01,2
JADE,F,2000,02,5
JADE,F,2000,03,6
JADE,F,2000,04,4
JADE,F,2000,05,6
JADE,F,2000,06,3
JADE,F,2000,07,2
JADE,F,2000,08,2
JADE,F,2000,09,6
JADE,F,2000,10,5
JADE,F,2000,11,1
JADE,F,2000,12,4
JADE,F,2000,13,5
JADE,F,2000,14,4
JADE,F,2000,15,1
JADE,F,2000,16,4
JADE,F,2000,17,4
JADE,F,2000,18,4
JADE,F,2000,19,9
JADE,F,2000,21,2
JADE,F,2000,22,2
JADE,F,2000,23,6
JADE,F,2000,24,3
JADE,F,2000,25,4
JADE,F,2000,26,3
JADE,F,2000,27,8
JADE,F,2000,28,4
JADE,F,2000,29,3
JADE,F,2000,2A,4
JADE,F,2000,2B,5
JADE,F,2000,30,5
JADE,F,2000,31,7
JADE,F,2000,32,5
JADE,F,2000,33,3
JADE,F,2000,34,4
JADE,F,2000,35,3
JADE,F,2000,36,8
JADE,F,2000,37,2
JADE,F,2000,38,4
JADE,F,2000,39,7
JADE,F,2000,40,2
JADE,F,2000,41,5
JADE,F,2000,42,5
JADE,F,2000,43,5
JADE,F,2000,44,3
JADE,F,2000,45,3
JADE,F,2000,46,2
JADE,F,2000,47,5
JADE,F,2000,48,5
JADE,F,2000,49,3
JADE,F,2000,50,6
JADE,F,2000,51,3
JADE,F,2000,52,2
JADE,F,2000,53,6
JADE,F,2000,54,2
JADE,F,2000,55,6
JADE,F,2000,56,2
JADE,F,2000,58,4
JADE,F,2000,59,1
JADE,F,2000,60,4
JADE,F,2000,61,1
JADE,F,2000,62,4
JADE,F,2000,63,8
JADE,F,2000,64,1
JADE,F,2000,65,4
JADE,F,2000,66,3
JADE,F,2000,67,4
JADE,F,2000,68,4
JADE,F,2000,69,3
JADE,F,2000,70,2
JADE,F,2000,71,3
JADE,F,2000,72,5
JADE,F,2000,73,7
JADE,F,2000,74,1
JADE,F,2000,75,3
JADE,F,2000,76,1
JADE,F,2000,77,3
JADE,F,2000,78,4
JADE,F,2000,79,8
JADE,F,2000,80,2
JADE,F,2000,81,2
JADE,F,2000,82,3
JADE,F,2000,83,5
JADE,F,2000,84,4
JADE,F,2000,85,5
JADE,F,2000,86,1
JADE,F,2000,87,5
JADE,F,2000,88,2
JADE,F,2000,89,1
JADE,F,2000,90,1
JADE,F,2000,91,8
JADE,F,2000,92,2
JADE,F,2000,93,3
JADE,F,2000,94,5
JADE,F,2000,95,4
JADE,M,2000,01,2
JADE,M,2000,02,1
JADE,M,2000,03,4
JADE,M,2000,04,5
JADE,M,2000,05,4
JADE,M,2000,06,2
JADE,M,2000,07,4
JADE,M,2000,08,7
JADE,M,2000,09,5
JADE,M,2000,10,3
JADE,M,2000,11,2
JADE,M,2000,12,4
JADE,M,2000,13,6
JADE,M,2000,14,3
JADE,M,2000,15,4
JADE,M,2000,16,5
JADE,M,2000,17,5
JADE,M,2000,18,3
JADE,M,2000,19,3
JADE,M,2000,21,3
JADE,M,2000,22,5
JADE,M,2000,23,3
JADE,M,2000,24,5
JADE,M,2000,25,3
JADE,M,2000,26,5
JADE,M,2000,27,6
JADE,M,2000,28,11
JADE,M,2000,29,3
JADE,M,2000,2A,6
JADE,M,2000,2B,3
JADE,M,2000,30,8
JADE,M,2000,31,8
JADE,M,2000,32,4
JADE,M,2000,33,1
JADE,M,2000,34,3
JADE,M,2000,35,4
JADE,M,2000,36,4
JADE,M,2000,37,4
JADE,M,2000,38,5
JADE,M,2000,39,6
JADE,M,2000,40,8
JADE,M,2000,41,3
JADE,M,2000,42,4
JADE,M,2000,43,4
JADE,M,2000,44,8
JADE,M,2000,45,2
JADE,M,2000,46,6
JADE,M,2000,47,3
JADE,M,2000,48,2
JADE,M,2000,49,5
JADE,M,2000,50,3
JADE,M,2000,51,8
JADE,M,2000,52,2
JADE,M,2000,53,4
JADE,M,2000,54,5
JADE,M,2000,55,2
JADE,M,2000,56,5
JADE,M,2000,57,2
JADE,M,2000,58,2
JADE,M,2000,59,3
JADE,M,2000,60,5
JADE,M,2000,61,3
JADE,M,2000,62,5
JADE,M,2000,63,2
JADE,M,2000,64,4
JADE,M,2000,65,4
JADE,M,2000,66,2
JADE,M,2000,67,4
JADE,M,2000,68,1
JADE,M,2000,69,4
JADE,M,2000,70,3
JADE,M,2000,71,14
JADE,M,2000,72,10
JADE,M,2000,73,5
JADE,M,2000,74,3
JADE,M,2000,75,4
JADE,M,2000,76,3
JADE,M,2000,77,3
JADE,M,2000,78,4
JADE,M,2000,79,1
JADE,M,2000,80,10
JADE,M,2000,81,4
JADE,M,2000,82,6
JADE,M,2000,83,3
JADE,M,2000,84,1
JADE,M,2000,85,6
JADE,M,2000,86,2
JADE,M,2000,87,1
JADE,M,2000,88,6
JADE,M,2000,89,2
JADE,M,2000,90,6
JADE,M,2000,91,2
JADE,M,2000,92,5
JADE,M,2000,93,4
JADE,M,2000,94,2
JADE,M,2000,95,8
ARTHUR,F,2000,01,3
ARTHUR,F,2000,02,4
ARTHUR,F,2000,03,3
ARTHUR,F,2000,04,5
ARTHUR,F,2000,05,4
ARTHUR,F,2000,06,3
ARTHUR,F,2000,07,2
ARTHUR,F,2000,08,5
ARTHUR,F,2000,09,6
ARTHUR,F,2000,10,5
ARTHUR,F,2000,11,3
ARTHUR,F,2000,12,8
ARTHUR,F,2000,13,5
ARTHUR,F,2000,14,5
ARTHUR,F,2000,15,4
ARTHUR,F,2000,16,4
ARTHUR,F,2000,17,4
ARTHUR,F,2000,18,1
ARTHUR,F,2000,19,3
ARTHUR,F,2000,21,2
ARTHUR,F,2000,22,6
ARTHUR,F,2000,23,5
ARTHUR,F,2000,24,3
ARTHUR,F,2000,25,2
ARTHUR,F,2000,26,3
ARTHUR,F,2000,27,2
ARTHUR,F,2000,28,1
ARTHUR,F,2000,29,3
ARTHUR,F,2000,2A,4
ARTHUR,F,2000,2B,6
ARTHUR,F,2000,30,2
ARTHUR,F,2000,31,2
ARTHUR,F,2000,32,4
ARTHUR,F,2000,33,3
ARTHUR,F,2000,34,3
ARTHUR,F,2000,35,3
ARTHUR,F,2000,36,2
ARTHUR,F,2000,37,3
ARTHUR,F,2000,38,9
ARTHUR,F,2000,39,3
ARTHUR,F,2000,40,5
ARTHUR,F,2000,41,4
ARTHUR,F,2000,42,8
ARTHUR,F,2000,43,7
ARTHUR,F,2000,44,5
ARTHUR,F,2000,45,3
ARTHUR,F,2000,46,4
ARTHUR,F,2000,47,4
ARTHUR,F,2000,48,4
ARTHUR,F,2000,49,3
ARTHUR,F,2000,50,4
ARTHUR,F,2000,51,6
ARTHUR,F,2000,52,9
ARTHUR,F,2000,53,9
ARTHUR,F,2000,54,7
ARTHUR,F,2000,55,1
ARTHUR,F,2000,56,6
ARTHUR,F,2000,57,3
ARTHUR,F,2000,58,4
ARTHUR,F,2000,59,3
ARTHUR,F,2000,60,3
ARTHUR,F,2000,61,5
ARTHUR,F,2000,62,1
ARTHUR,F,2000,63,8
ARTHUR,F,2000,64,6
ARTHUR,F,2000,65,3
ARTHUR,F,2000,66,2
ARTHUR,F,2000,67,5
ARTHUR,F,2000,68,2
ARTHUR,F,2000,69,2
ARTHUR,F,2000,70,4
ARTHUR,F,2000,71,4
ARTHUR,F,2000,72,2
ARTHUR,F,2000,73,4
ARTHUR,F,2000,75,2
ARTHUR,F,2000,76,4
ARTHUR,F,2000,77,3
ARTHUR,F,2000,78,1
ARTHUR,F,2000,79,8
ARTHUR,F,2000,80,2
ARTHUR,F,2000,81,3
ARTHUR,F,2000,82,3
ARTHUR,F,2000,83,1
ARTHUR,F,2000,84,8
ARTHUR,F,2000,85,8
ARTHUR,F,2000,86,4
ARTHUR,F,2000,87,4
ARTHUR,F,2000,88,4
ARTHUR,F,2000,89,1
ARTHUR,F,2000,90,7
ARTHUR,F,2000,91,3
ARTHUR,F,2000,92,4
ARTHUR,F,2000,93,4
ARTHUR,F,2000,94,8
ARTHUR,F,2000,95,2
ARTHUR,M,2000,01,5
ARTHUR,M,2000,02,3
ARTHUR,M,2000,03,1
ARTHUR,M,2000,04,2
ARTHUR,M,2000,05,8
ARTHUR,M,2000,06,2
ARTHUR,M,2000,07,6
ARTHUR,M,2000,08,5
ARTHUR,M,2000,09,3
ARTHUR,M,2000,10,2
ARTHUR,M,2000,11,3
ARTHUR,M,2000,12,2
ARTHUR,M,2000,13,5
ARTHUR,M,2000,14,3
ARTHUR,M,2000,15,5
ARTHUR,M,2000,16,5
ARTHUR,M,2000,17,6
ARTHUR,M,2000,18,2
ARTHUR,M,2000,19,3
ARTHUR,M,2000,23,3
ARTHUR,M,2000,24,3
ARTHUR,M,2000,25,2
ARTHUR,M,2000,26,7
ARTHUR,M,2000,27,2
ARTHUR,M,2000,28,4
ARTHUR,M,2000,29,3
ARTHUR,M,2000,2A,6
ARTHUR,M,2000,2B,3
ARTHUR,M,2000,30,4
ARTHUR,M,2000,31,5
ARTHUR,M,2000,32,2
ARTHUR,M,2000,33,7
ARTHUR,M,2000,34,4
ARTHUR,M,2000,35,5
ARTHUR,M,2000,36,5
ARTHUR,M,2000,37,1
ARTHUR,M,2000,38,3
ARTHUR,M,2000,39,4
ARTHUR,M,2000,40,3
ARTHUR,M,2000,41,4
ARTHUR,M,2000,42,4
ARTHUR,M,2000,43,6
ARTHUR,M,2000,44,3
ARTHUR,M,2000,45,4
ARTHUR,M,2000,46,2
ARTHUR,M,2000,47,4
ARTHUR,M,2000,48,2
ARTHUR,M,2000,50,5
ARTHUR,M,2000,51,5
ARTHUR,M,2000,52,3
ARTHUR,M,2000,53,4
ARTHUR,M,2000,54,3
ARTHUR,M,2000,55,4
ARTHUR,M,2000,56,8
ARTHUR,M,2000,57,4
ARTHUR,M,2000,58,3
ARTHUR,M,2000,59,7
ARTHUR,M,2000,60,6
ARTHUR,M,2000,61,3
ARTHUR,M,2000,62,4
ARTHUR,M,2000,63,4
ARTHUR,M,2000,64,3
ARTHUR,M,2000,65,2
ARTHUR,M,2000,66,3
ARTHUR,M,2000,68,2
ARTHUR,M,2000,69,7
ARTHUR,M,2000,70,4
ARTHUR,M,2000,71,5
ARTHUR,M,2000,72,5
ARTHUR,M,2000,73,2
ARTHUR,M,2000,74,3
ARTHUR,M,2000,75,1
ARTHUR,M,2000,76,6
ARTHUR,M,2000,77,5
ARTHUR,M,2000,78,6
ARTHUR,M,2000,79,5
ARTHUR,M,2000,80,2
ARTHUR,M,2000,81,3
ARTHUR,M,2000,82,5
ARTHUR,M,2000,83,3
ARTHUR,M,2000,84,2
ARTHUR,M,2000,85,4
ARTHUR,M,2000,86,5
ARTHUR,M,2000,87,2
ARTHUR,M,2000,88,4
ARTHUR,M,2000,89,1
ARTHUR,M,2000,90,4
ARTHUR,M,2000,91,7
ARTHUR,M,2000,92,6
ARTHUR,M,2000,93,5
ARTHUR,M,2000,95,1
MAELIG,F,2001,01,2
MAELIG,F,2001,02,8
MAELIG,F,2001,03,4
MAELIG,F,2001,04,3
MAELIG,F,2001,05,5
MAELIG,F,2001,06,2
MAELIG,F,2001,07,6
MAELIG,F,2001,08,3
MAELIG,F,2001,09,5
MAELIG,F,2001,10,4
MAELIG,F,2001,11,7
MAELIG,F,2001,12,2
MAELIG,F,2001,13,2
MAELIG,F,2001,14,4
MAELIG,F,2001,15,2
MAELIG,F,2001,16,4
MAELIG,F,2001,17,4
MAELIG,F,2001,18,5
MAELIG,F,2001,19,2
MAELIG,F,2001,21,5
MAELIG,F,2001,22,23
MAELIG,F,2001,23,4
MAELIG,F,2001,24,6
MAELIG,F,2001,25,4
MAELIG,F,2001,26,5
MAELIG,F,2001,27,5
MAELIG,F,2001,28,2
MAELIG,F,2001,29,22
MAELIG,F,2001,2A,2
MAELIG,F,2001,2B,4
MAELIG,F,2001,30,6
MAELIG,F,2001,31,4
MAELIG,F,2001,32,4
MAELIG,F,2001,33,7
MAELIG,F,2001,34,4
MAELIG,F,2001,35,20
MAELIG,F,2001,36,3
MAELIG,F,2001,37,2
MAELIG,F,2001,38,3
MAELIG,F,2001,39,5
MAELIG,F,2001,40,4
MAELIG,F,2001,41,3
MAELIG,F,2001,42,2
MAELIG,F,2001,43,5
MAELIG,F,2001,44,23
MAELIG,F,2001,45,2
MAELIG,F,2001,46,5
MAELIG,F,2001,47,3
MAELIG,F,2001,48,5
MAELIG,F,2001,49,7
MAELIG,F,2001,50,1
MAELIG,F,2001,51,3
MAELIG,F,2001,52,5
MAELIG,F,2001,53,3
MAELIG,F,2001,54,5
MAELIG,F,2001,55,4
MAELIG,F,2001,56,23
MAELIG,F,2001,57,2
MAELIG,F,2001,58,4
MAELIG,F,2001,59,3
MAELIG,F,2001,60,5
MAELIG,F,2001,61,4
MAELIG,F,2001,62,3
MAELIG,F,2001,63,5
MAELIG,F,2001,64,8
MAELIG,F,2001,65,1
MAELIG,F,2001,66,3
MAELIG,F,2001,67,6
MAELIG,F,2001,68,4
MAELIG,F,2001,69,5
MAELIG,F,2001,70,5
MAELIG,F,2001,71,4
MAELIG,F,2001,72,1
MAELIG,F,2001,73,8
MAELIG,F,2001,74,3
MAELIG,F,2001,75,2
MAELIG,F,2001,77,6
MAELIG,F,2001,78,5
MAELIG,F,2001,79,4
MAELIG,F,2001,80,1
MAELIG,F,2001,81,1
MAELIG,F,2001,82,4
MAELIG,F,2001,83,3
MAELIG,F,2001,84,5
MAELIG,F,2001,85,7
MAELIG,F,2001,86,2
MAELIG,F,2001,87,1
MAELIG,F,2001,88,2
MAELIG,F,2001,89,2
MAELIG,F,2001,90,5
MAELIG,F,2001,91,2
MAELIG,F,2001,92,2
MAELIG,F,2001,93,3
MAELIG,F,2001,94,4
MAELIG,F,2001,95,4
MAELIG,M,2001,01,3
MAELIG,M,2001,02,6
MAELIG,M,2001,03,3
MAELIG,M,2001,04,2
MAELIG,M,2001,05,10
MAELIG,M,2001,06,6
MAELIG,M,2001,07,2
MAELIG,M,2001,08,4
MAELIG,M,2001,09,6
MAELIG,M,2001,10,4
MAELIG,M,2001,12,4
MAELIG,M,2001,13,4
MAELIG,M,2001,14,1
MAELIG,M,2001,15,3
MAELIG,M,2001,16,3
MAELIG,M,2001,17,4
MAELIG,M,2001,18,4
MAELIG,M,2001,19,6
MAELIG,M,2001,21,3
MAELIG,M,2001,22,22
MAELIG,M,2001,23,5
MAELIG,M,2001,24,7
MAELIG,M,2001,25,2
MAELIG,M,2001,26,5
MAELIG,M,2001,27,5
MAELIG,M,2001,28,2
MAELIG,M,2001,29,30
MAELIG,M,2001,2A,4
MAELIG,M,2001,2B,3
MAELIG,M,2001,30,4
MAELIG,M,2001,31,4
MAELIG,M,2001,32,2
MAELIG,M,2001,33,4
MAELIG,M,2001,34,1
MAELIG,M,2001,35,21
MAELIG,M,2001,36,3
MAELIG,M,2001,37,3
MAELIG,M,2001,38,7
MAELIG,M,2001,40,5
MAELIG,M,2001,41,2
MAELIG,M,2001,42,2
MAELIG,M,2001,43,4
MAELIG,M,2001,44,25
MAELIG,M,2001,45,3
MAELIG,M,2001,46,4
MAELIG,M,2001,48,5
MAELIG,M,2001,49,4
MAELIG,M,2001,50,5
MAELIG,M,2001,51,3
MAELIG,M,2001,52,4
MAELIG,M,2001,53,4
MAELIG,M,2001,54,3
MAELIG,M,2001,55,2
MAELIG,M,2001,56,31
MAELIG,M,2001,57,5
MAELIG,M,2001,58,6
MAELIG,M,2001,59,1
MAELIG,M,2001,60,7
MAELIG,M,2001,61,3
MAELIG,M,2001,62,4
MAELIG,M,2001,63,4
MAELIG,M,2001,64,1
MAELIG,M,2001,65,4
MAELIG,M,2001,66,2
MAELIG,M,2001,67,3
MAELIG,M,2001,68,9
MAELIG,M,2001,69,5
MAELIG,M,2001,70,1
MAELIG,M,2001,71,7
MAELIG,M,2001,72,4
MAELIG,M,2001,73,3
MAELIG,M,2001,74,5
MAELIG,M,2001,75,3
MAELIG,M,2001,76,3
MAELIG,M,2001,77,4
MAELIG,M,2001,78,3
MAELIG,M,2001,79,3
MAELIG,M,2001,80,2
MAELIG,M,2001,81,6
MAELIG,M,2001,82,5
MAELIG,M,2001,83,4
MAELIG,M,2001,84,2
MAELIG,M,2001,85,2
MAELIG,M,2001,86,7
MAELIG,M,2001,87,6
MAELIG,M,2001,88,4
MAELIG,M,2001,90,1
MAELIG,M,2001,91,5
MAELIG,M,2001,92,5
MAELIG,M,2001,93,2
MAELIG,M,2001,94,5
MAELIG,M,2001,95,6
LOUISE,F,2001,01,6
LOUISE,F,2001,02,8
LOUISE,F,2001,03,4
LOUISE,F,2001,04,4
LOUISE,F,2001,05,2
LOUISE,F,2001,06,1
LOUISE,F,2001,07,7
LOUISE,F,2001,08,5
LOUISE,F,2001,09,2
LOUISE,F,2001,10,6
LOUISE,F,2001,11,7
LOUISE,F,2001,12,5
LOUISE,F,2001,13,6
LOUISE,F,2001,14,4
LOUISE,F,2001,15,4
LOUISE,F,2001,16,3
LOUISE,F,2001,17,5
LOUISE,F,2001,18,5
LOUISE,F,2001,19,3
LOUISE,F,2001,21,4
LOUISE,F,2001,22,6
LOUISE,F,2001,23,4
LOUISE,F,2001,24,1
LOUISE,F,2001,25,6
LOUISE,F,2001,26,6
LOUISE,F,2001,27,3
LOUISE,F,2001,28,2
LOUISE,F,2001,29,4
LOUISE,F,2001,2A,4
LOUISE,F,2001,2B,3
LOUISE,F,2001,30,4
LOUISE,F,2001,31,4
LOUISE,F,2001,32,2
LOUISE,F,2001,33,6
LOUISE,F,2001,34,3
LOUISE,F,2001,35,6
LOUISE,F,2001,37,4
LOUISE,F,2001,38,4
LOUISE,F,2001,39,3
LOUISE,F,2001,40,6
LOUISE,F,2001,41,2
LOUISE,F,2001,42,2
LOUISE,F,2001,43,4
LOUISE,F,2001,44,3
LOUISE,F,2001,45,2
LOUISE,F,2001,46,3
LOUISE,F,2001,47,5
LOUISE,F,2001,48,4
LOUISE,F,2001,49,4
LOUISE,F,2001,50,5
LOUISE,F,2001,51,4
LOUISE,F,2001,52,9
LOUISE,F,2001,53,2
LOUISE,F,2001,54,7
LOUISE,F,2001,55,2
LOUISE,F,2001,56,6
LOUISE,F,2001,57,4
LOUISE,F,2001,58,4
LOUISE,F,2001,59,2
LOUISE,F,2001,60,4
LOUISE,F,2001,62,5
LOUISE,F,2001,63,5
LOUISE,F,2001,64,1
LOUISE,F,2001,65,5
LOUISE,F,2001,66,3
LOUISE,F,2001,67,3
LOUISE,F,2001,68,2
LOUISE,F,2001,69,4
LOUISE,F,2001,70,2
LOUISE,F,2001,71,2
LOUISE,F,2001,72,3
LOUISE,F,2001,73,2
LOUISE,F,2001,74,4
LOUISE,F,2001,75,3
LOUISE,F,2001,76,7
LOUISE,F,2001,77,3
LOUISE,F,2001,78,5
LOUISE,F,2001,79,1
LOUISE,F,2001,80,2
LOUISE,F,2001,81,2
LOUISE,F,2001,82,1
LOUISE,F,2001,83,2
LOUISE,F,2001,84,4
LOUISE,F,2001,85,3
LOUISE,F,2001,86,2
LOUISE,F,2001,87,9
LOUISE,F,2001,88,2
LOUISE,F,2001,89,2
LOUISE,F,2001,90,8
LOUISE,F,2001,91,5
LOUISE,F,2001,92,5
LOUISE,F,2001,93,2
LOUISE,F,2001,94,4
LOUISE,F,2001,95,4
LOUISE,M,2001,01,2
LOUISE,M,2001,02,5
LOUISE,M,2001,03,2
LOUISE,M,2001,04,3
LOUISE,M,2001,05,3
LOUISE,M,2001,06,3
LOUISE,M,2001,07,4
LOUISE,M,2001,08,3
LOUISE,M,2001,09,5
LOUISE,M,2001,10,3
LOUISE,M,2001,11,5
LOUISE,M,2001,12,2
LOUISE,M,2001,13,5
LOUISE,M,2001,14,5
LOUISE,M,2001,15,2
LOUISE,M,2001,16,2
LOUISE,M,2001,17,4
LOUISE,M,2001,18,1
LOUISE,M,2001,19,3
LOUISE,M,2001,21,2
LOUISE,M,2001,22,4
LOUISE,M,2001,23,3
LOUISE,M,2001,24,8
LOUISE,M,2001,25,6
LOUISE,M,2001,26,3
LOUISE,M,2001,27,7
LOUISE,M,2001,28,6
LOUISE,M,2001,29,4
LOUISE,M,2001,2A,6
LOUISE,M,2001,2B,5
LOUISE,M,2001,30,9
LOUISE,M,2001,31,7
LOUISE,M,2001,32,6
LOUISE,M,2001,33,4
LOUISE,M,2001,34,5
LOUISE,M,2001,35,3
LOUISE,M,2001,36,7
LOUISE,M,2001,37,3
LOUISE,M,2001,38,3
LOUISE,M,2001,39,5
LOUISE,M,2001,40,1
LOUISE,M,2001,41,4
LOUISE,M,2001,42,2
LOUISE,M,2001,43,5
LOUISE,M,2001,44,5
LOUISE,M,2001,45,2
LOUISE,M,2001,46,3
LOUISE,M,2001,47,3
LOUISE,M,2001,48,5
LOUISE,M,2001,49,5
LOUISE,M,2001,50,5
LOUISE,M,2001,51,6
LOUISE,M,2001,52,5
LOUISE,M,2001,53,8
LOUISE,M,2001,54,1
LOUISE,M,2001,55,5
LOUISE,M,2001,56,6
LOUISE,M,2001,57,6
LOUISE,M,2001,58,5
LOUISE,M,2001,59,3
LOUISE,M,2001,60,3
LOUISE,M,2001,61,3
LOUISE,M,2001,62,4
LOUISE,M,2001,63,3
LOUISE,M,2001,64,4
LOUISE,M,2001,65,2
LOUISE,M,2001,66,3
LOUISE,M,2001,67,2
LOUISE,M,2001,68,6
LOUISE,M,2001,69,2
LOUISE,M,2001,70,5
LOUISE,M,2001,71,3
LOUISE,M,2001,72,4
LOUISE,M,2001,73,8
LOUISE,M,2001,74,9
LOUISE,M,2001,75,3
LOUISE,M,2001,77,8
LOUISE,M,2001,78,2
LOUISE,M,2001,79,1
LOUISE,M,2001,80,2
LOUISE,M,2001,81,3
LOUISE,M,2001,82,1
LOUISE,M,2001,83,3
LOUISE,M,2001,84,4
LOUISE,M,2001,85,3
LOUISE,M,2001,86,1
LOUISE,M,2001,87,6
LOUISE,M,2001,88,4
LOUISE,M,2001,89,3
LOUISE,M,2001,90,4
LOUISE,M,2001,91,1
LOUISE,M,2001,92,7
LOUISE,M,2001,93,6
LOUISE,M,2001,94,5
LOUISE,M,2001,95,5
GABRIEL,F,2001,01,3
GABRIEL,F,2001,02,6
GABRIEL,F,2001,03,5
GABRIEL,F,2001,04,5
GABRIEL,F,2001,05,5
GABRIEL,F,2001,06,4
GABRIEL,F,2001,07,3
GABRIEL,F,2001,08,8
GABRIEL,F,2001,09,3
GABRIEL,F,2001,10,1
GABRIEL,F,2001,11,6
GABRIEL,F,2001,12,1
GABRIEL,F,2001,13,5
GABRIEL,F,2001,15,1
GABRIEL,F,2001,16,4
GABRIEL,F,2001,17,4
GABRIEL,F,2001,18,4
GABRIEL,F,2001,19,8
GABRIEL,F,2001,21,6
GABRIEL,F,2001,22,5
GABRIEL,F,2001,23,3
GABRIEL,F,2001,24,7
GABRIEL,F,2001,25,4
GABRIEL,F,2001,26,6
GABRIEL,F,2001,27,4
GABRIEL,F,2001,28,2
GABRIEL,F,2001,29,3
GABRIEL,F,2001,2A,4
GABRIEL,F,2001,2B,2
GABRIEL,F,2001,30,7
GABRIEL,F,2001,31,1
GABRIEL,F,2001,32,8
GABRIEL,F,2001,33,3
GABRIEL,F,2001,34,4
GABRIEL,F,2001,35,3
GABRIEL,F,2001,36,3
GABRIEL,F,2001,37,4
GABRIEL,F,2001,38,6
GABRIEL,F,2001,39,1
GABRIEL,F,2001,40,3
GABRIEL,F,2001,41,7
GABRIEL,F,2001,42,3
GABRIEL,F,2001,43,2
GABRIEL,F,2001,44,1
GABRIEL,F,2001,45,6
GABRIEL,F,2001,46,11
GABRIEL,F,2001,47,6
GABRIEL,F,2001,48,2
GABRIEL,F,2001,49,7
GABRIEL,F,2001,50,4
GABRIEL,F,2001,51,7
GABRIEL,F,2001,52,7
GABRIEL,F,2001,53,5
GABRIEL,F,2001,54,3
GABRIEL,F,2001,55,5
GABRIEL,F,2001,56,3
GABRIEL,F,2001,57,7
GABRIEL,F,2001,58,3
GABRIEL,F,2001,60,1
GABRIEL,F,2001,61,8
GABRIEL,F,2001,62,7
GABRIEL,F,2001,64,3
GABRIEL,F,2001,65,4
GABRIEL,F,2001,66,1
GABRIEL,F,2001,67,4
GABRIEL,F,2001,68,5
GABRIEL,F,2001,69,2
GABRIEL,F,2001,70,2
GABRIEL,F,2001,71,5
GABRIEL,F,2001,72,5
GABRIEL,F,2001,73,4
GABRIEL,F,2001,74,3
GABRIEL,F,2001,75,3
GABRIEL,F,2001,76,1
GABRIEL,F,2001,77,7
GABRIEL,F,2001,78,4
GABRIEL,F,2001,79,6
GABRIEL,F,2001,80,4
GABRIEL,F,2001,81,6
GABRIEL,F,2001,82,3
GABRIEL,F,2001,83,3
GABRIEL,F,2001,84,1
GABRIEL,F,2001,85,3
GABRIEL,F,2001,86,8
GABRIEL,F,2001,87,2
GABRIEL,F,2001,88,7
GABRIEL,F,2001,89,3
GABRIEL,F,2001,90,3
GABRIEL,F,2001,91,5
GABRIEL,F,2001,92,9
GABRIEL,F,2001,93,5
GABRIEL,F,2001,94,7
GABRIEL,F,2001,95,1
GABRIEL,M,2001,01,5
GABRIEL,M,2001,02,4
GABRIEL,M,2001,03,3
GABRIEL,M,2001,04,3
GABRIEL,M,2001,05,7
GABRIEL,M,2001,06,5
GABRIEL,M,2001,07,4
GABRIEL,M,2001,08,5
GABRIEL,M,2001,09,4
GABRIEL,M,2001,10,2
GABRIEL,M,2001,11,3
GABRIEL,M,2001,12,1
GABRIEL,M,2001,13,3
GABRIEL,M,2001,14,4
GABRIEL,M,2001,15,7
GABRIEL,M,2001,16,8
GABRIEL,M,2001,17,2
GABRIEL,M,2001,18,5
GABRIEL,M,2001,19,1
GABRIEL,M,2001,21,1
GABRIEL,M,2001,22,5
GABRIEL,M,2001,23,6
GABRIEL,M,2001,24,2
GABRIEL,M,2001,25,4
GABRIEL,M,2001,26,3
GABRIEL,M,2001,27,5
GABRIEL,M,2001,28,7
GABRIEL,M,2001,29,2
GABRIEL,M,2001,2A,3
GABRIEL,M,2001,2B,5
GABRIEL,M,2001,30,1
GABRIEL,M,2001,31,1
GABRIEL,M,2001,32,6
GABRIEL,M,2001,33,4
GABRIEL,M,2001,34,6
GABRIEL,M,2001,35,2
GABRIEL,M,2001,36,4
GABRIEL,M,2001,37,1
GABRIEL,M,2001,38,5
GABRIEL,M,2001,39,6
GABRIEL,M,2001,40,1
GABRIEL,M,2001,41,8
GABRIEL,M,2001,42,3
GABRIEL,M,2001,43,3
GABRIEL,M,2001,44,3
GABRIEL,M,2001,45,1
GABRIEL,M,2001,46,1
GABRIEL,M,2001,47,5
GABRIEL,M,2001,48,5
GABRIEL,M,2001,49,1
GABRIEL,M,2001,50,6
GABRIEL,M,2001,51,6
GABRIEL,M,2001,52,2
GABRIEL,M,2001,53,4
GABRIEL,M,2001,54,6
GABRIEL,M,2001,55,2
GABRIEL,M,2001,56,5
GABRIEL,M,2001,57,3
GABRIEL,M,2001,58,3
GABRIEL,M,2001,59,6
GABRIEL,M,2001,60,3
GABRIEL,M,2001,61,2
GABRIEL,M,2001,62,3
GABRIEL,M,2001,63,4
GABRIEL,M,2001,64,5
GABRIEL,M,2001,65,6
GABRIEL,M,2001,66,1
GABRIEL,M,2001,67,6
GABRIEL,M,2001,68,2
GABRIEL,M,2001,69,4
GABRIEL,M,2001,70,7
GABRIEL,M,2001,71,6
GABRIEL,M,2001,72,2
GABRIEL,M,2001,73,2
GABRIEL,M,2001,74,4
GABRIEL,M,2001,75,2
GABRIEL,M,2001,76,4
GABRIEL,M,2001,77,6
GABRIEL,M,2001,78,2
GABRIEL,M,2001,80,6
GABRIEL,M,2001,81,5
GABRIEL,M,2001,82,3
GABRIEL,M,2001,83,6
GABRIEL,M,2001,85,3
GABRIEL,M,2001,86,3
GABRIEL,M,2001,87,5
GABRIEL,M,2001,88,7
GABRIEL,M,2001,89,10
GABRIEL,M,2001,90,7
GABRIEL,M,2001,91,6
GABRIEL,M,2001,92,2
GABRIEL,M,2001,93,4
GABRIEL,M,2001,94,4
GABRIEL,M,2001,95,4
JADE,F,2001,01,5
JADE,F,2001,02,4
JADE,F,2001,03,2
JADE,F,2001,04,5
JADE,F,2001,05,6
JADE,F,2001,06,6
JADE,F,2001,07,9
JADE,F,2001,08,5
JADE,F,2001,09,3
JADE,F,2001,10,3
JADE,F,2001,11,4
JADE,F,2001,12,3
JADE,F,2001,13,5
JADE,F,2001,14,1
JADE,F,2001,15,6
JADE,F,2001,16,3
JADE,F,2001,17,3
JADE,F,2001,18,4
JADE,F,2001,19,3
JADE,F,2001,21,8
JADE,F,2001,22,7
JADE,F,2001,23,1
JADE,F,2001,24,4
JADE,F,2001,25,1
JADE,F,2001,26,4
JADE,F,2001,27,1
JADE,F,2001,28,5
JADE,F,2001,29,4
JADE,F,2001,2A,7
JADE,F,2001,2B,4
JADE,F,2001,30,3
JADE,F,2001,31,5
JADE,F,2001,32,2
JADE,F,2001,33,3
JADE,F,2001,34,7
JADE,F,2001,35,3
JADE,F,2001,36,3
JADE,F,2001,37,5
JADE,F,2001,38,5
JADE,F,2001,39,2
JADE,F,2001,40,3
JADE,F,2001,41,7
JADE,F,2001,42,4
JADE,F,2001,43,4
JADE,F,2001,44,3
JADE,F,2001,45,1
JADE,F,2001,46,2
JADE,F,2001,47,5
JADE,F,2001,48,2
JADE,F,2001,49,3
JADE,F,2001,50,4
JADE,F,2001,51,3
JADE,F,2001,52,7
JADE,F,2001,53,5
JADE,F,2001,54,5
JADE,F,2001,55,7
JADE,F,2001,56,2
JADE,F,2001,57,3
JADE,F,2001,58,3
JADE,F,2001,59,3
JADE,F,2001,60,5
JADE,F,2001,61,6
JADE,F,2001,62,4
JADE,F,2001,63,4
JADE,F,2001,64,4
JADE,F,2001,65,2
JADE,F,2001,66,1
JADE,F,2001,67,11
JADE,F,2001,68,8
JADE,F,2001,69,3
JADE,F,2001,70,4
JADE,F,2001,71,10
JADE,F,2001,72,5
JADE,F,2001,73,4
JADE,F,2001,74,7
JADE,F,2001,76,3
JADE,F,2001,77,6
JADE,F,2001,78,10
JADE,F,2001,79,5
JADE,F,2001,80,3
JADE,F,2001,81,4
JADE,F,2001,82,4
JADE,F,2001,83,5
JADE,F,2001,84,4
JADE,F,2001,85,2
JADE,F,2001,86,1
JADE,F,2001,87,3
JADE,F,2001,88,4
JADE,F,2001,89,3
JADE,F,2001,90,5
JADE,F,2001,91,5
JADE,F,2001,92,5
JADE,F,2001,93,6
JADE,F,2001,94,6
JADE,F,2001,95,3
JADE,M,2001,01,4
JADE,M,2001,02,2
JADE,M,2001,03,7
JADE,M,2001,04,3
JADE,M,2001,05,3
JADE,M,2001,06,7
JADE,M,2001,07,4
JADE,M,2001,08,4
JADE,M,2001,09,7
JADE,M,2001,10,5
JADE,M,2001,11,2
JADE,M,2001,12,4
JADE,M,2001,13,7
JADE,M,2001,14,1
JADE,M,2001,15,6
JADE,M,2001,16,4
JADE,M,2001,17,5
JADE,M,2001,18,5
JADE,M,2001,19,5
JADE,M,2001,21,1
JADE,M,2001,22,2
JADE,M,2001,23,4
JADE,M,2001,24,5
JADE,M,2001,25,8
JADE,M,2001,26,4
JADE,M,2001,27,6
JADE,M,2001,28,2
JADE,M,2001,29,6
JADE,M,2001,2B,4
JADE,M,2001,30,4
JADE,M,2001,31,4
JADE,M,2001,32,3
JADE,M,2001,33,5
JADE,M,2001,34,1
JADE,M,2001,35,4
JADE,M,2001,36,6
JADE,M,2001,37,4
JADE,M,2001,38,4
JADE,M,2001,39,4
JADE,M,2001,40,1
JADE,M,2001,41,7
JADE,M,2001,42,4
JADE,M,2001,43,5
JADE,M,2001,44,3
JADE,M,2001,45,6
JADE,M,2001,46,3
JADE,M,2001,47,4
JADE,M,2001,48,5
JADE,M,2001,49,6
JADE,M,2001,50,9
JADE,M,2001,51,2
JADE,M,2001,52,5
JADE,M,2001,53,7
JADE,M,2001,54,1
JADE,M,2001,55,2
JADE,M,2001,56,7
JADE,M,2001,57,3
JADE,M,2001,58,5
JADE,M,2001,59,3
JADE,M,2001,60,10
JADE,M,2001,61,5
JADE,M,2001,62,1
JADE,M,2001,63,5
JADE,M,2001,64,6
JADE,M,2001,65,7
JADE,M,2001,66,3
JADE,M,2001,68,4
JADE,M,2001,69,5
JADE,M,2001,70,5
JADE,M,2001,71,3
JADE,M,2001,72,7
JADE,M,2001,73,2
JADE,M,2001,74,3
JADE,M,2001,75,3
JADE,M,2001,77,6
JADE,M,2001,78,6
JADE,M,2001,79,5
JADE,M,2001,80,5
JADE,M,2001,81,8
JADE,M,2001,82,3
JADE,M,2001,83,2
JADE,M,2001,84,4
JADE,M,2001,85,2
JADE,M,2001,86,4
JADE,M,2001,87,4
JADE,M,2001,88,4
JADE,M,2001,89,3
JADE,M,2001,90,3
JADE,M,2001,91,6
JADE,M,2001,92,3
JADE,M,2001,93,6
JADE,M,2001,94,3
JADE,M,2001,95,2
ARTHUR,F,2001,01,2
ARTHUR,F,2001,02,4
ARTHUR,F,2001,03,5
ARTHUR,F,2001,04,2
ARTHUR,F,2001,05,4
ARTHUR,F,2001,06,5
ARTHUR,F,2001,07,3
ARTHUR,F,2001,08,3
ARTHUR,F,2001,09,6
ARTHUR,F,2001,10,4
ARTHUR,F,2001,11,2
ARTHUR,F,2001,12,1
ARTHUR,F,2001,13,2
ARTHUR,F,2001,14,2
ARTHUR,F,2001,15,2
ARTHUR,F,2001,16,3
ARTHUR,F,2001,17,1
ARTHUR,F,2001,18,1
ARTHUR,F,2001,19,4
ARTHUR,F,2001,21,1
ARTHUR,F,2001,22,2
ARTHUR,F,2001,23,8
ARTHUR,F,2001,24,3
ARTHUR,F,2001,25,4
ARTHUR,F,2001,26,2
ARTHUR,F,2001,27,5
ARTHUR,F,2001,28,7
ARTHUR,F,2001,29,2
ARTHUR,F,2001,2A,3
ARTHUR,F,2001,2B,6
ARTHUR,F,2001,30,1
ARTHUR,F,2001,31,8
ARTHUR,F,2001,32,4
ARTHUR,F,2001,33,7
ARTHUR,F,2001,34,5
ARTHUR,F,2001,35,3
ARTHUR,F,2001,36,3
ARTHUR,F,2001,37,13
ARTHUR,F,2001,38,7
ARTHUR,F,2001,39,3
ARTHUR,F,2001,40,2
ARTHUR,F,2001,41,4
ARTHUR,F,2001,42,2
ARTHUR,F,2001,43,7
ARTHUR,F,2001,44,3
ARTHUR,F,2001,45,4
ARTHUR,F,2001,46,3
ARTHUR,F,2001,47,2
ARTHUR,F,2001,48,4
ARTHUR,F,2001,49,1
ARTHUR,F,2001,50,4
ARTHUR,F,2001,51,3
ARTHUR,F,2001,52,2
ARTHUR,F,2001,53,2
ARTHUR,F,2001,54,5
ARTHUR,F,2001,55,3
ARTHUR,F,2001,56,5
ARTHUR,F,2001,57,4
ARTHUR,F,2001,58,4
ARTHUR,F,2001,59,6
ARTHUR,F,2001,60,6
ARTHUR,F,2001,61,5
ARTHUR,F,2001,62,1
ARTHUR,F,2001,63,3
ARTHUR,F,2001,64,4
ARTHUR,F,2001,65,3
ARTHUR,F,2001,66,6
ARTHUR,F,2001,68,5
ARTHUR,F,2001,69,4
ARTHUR,F,2001,70,3
ARTHUR,F,2001,71,2
ARTHUR,F,2001,72,9
ARTHUR,F,2001,73,2
ARTHUR,F,2001,74,3
ARTHUR,F,2001,75,8
ARTHUR,F,2001,76,1
ARTHUR,F,2001,77,4
ARTHUR,F,2001,78,7
ARTHUR,F,2001,79,10
ARTHUR,F,2001,80,3
ARTHUR,F,2001,81,6
ARTHUR,F,2001,82,1
ARTHUR,F,2001,83,3
ARTHUR,F,2001,84,4
ARTHUR,F,2001,85,7
ARTHUR,F,2001,86,7
ARTHUR,F,2001,87,4
ARTHUR,F,2001,88,6
ARTHUR,F,2001,89,3
ARTHUR,F,2001,90,1
ARTHUR,F,2001,91,3
ARTHUR,F,2001,92,4
ARTHUR,F,2001,93,4
ARTHUR,F,2001,94,7
ARTHUR,F,2001,95,6
ARTHUR,M,2001,01,5
ARTHUR,M,2001,02,8
ARTHUR,M,2001,03,4
ARTHUR,M,2001,04,1
ARTHUR,M,2001,05,3
ARTHUR,M,2001,06,4
ARTHUR,M,2001,07,4
ARTHUR,M,2001,08,6
ARTHUR,M,2001,09,2
ARTHUR,M,2001,10,6
ARTHUR,M,2001,11,2
ARTHUR,M,2001,12,2
ARTHUR,M,2001,13,6
ARTHUR,M,2001,14,2
ARTHUR,M,2001,15,9
ARTHUR,M,2001,16,3
ARTHUR,M,2001,17,3
ARTHUR,M,2001,18,3
ARTHUR,M,2001,19,6
ARTHUR,M,2001,21,1
ARTHUR,M,2001,23,7
ARTHUR,M,2001,24,5
ARTHUR,M,2001,25,3
ARTHUR,M,2001,26,3
ARTHUR,M,2001,27,5
ARTHUR,M,2001,28,4
ARTHUR,M,2001,29,7
ARTHUR,M,2001,2A,5
ARTHUR,M,2001,2B,8
ARTHUR,M,2001,30,4
ARTHUR,M,2001,31,2
ARTHUR,M,2001,32,6
ARTHUR,M,2001,33,3
ARTHUR,M,2001,34,4
ARTHUR,M,2001,35,4
ARTHUR,M,2001,36,4
ARTHUR,M,2001,37,5
ARTHUR,M,2001,38,3
ARTHUR,M,2001,39,5
ARTHUR,M,2001,40,3
ARTHUR,M,2001,41,2
ARTHUR,M,2001,42,3
ARTHUR,M,2001,43,6
ARTHUR,M,2001,44,1
ARTHUR,M,2001,46,6
ARTHUR,M,2001,47,1
ARTHUR,M,2001,48,6
ARTHUR,M,2001,49,2
ARTHUR,M,2001,50,6
ARTHUR,M,2001,51,6
ARTHUR,M,2001,52,3
ARTHUR,M,2001,53,3
ARTHUR,M,2001,54,6
ARTHUR,M,2001,55,6
ARTHUR,M,2001,56,9
ARTHUR,M,2001,57,4
ARTHUR,M,2001,58,6
ARTHUR,M,2001,59,2
ARTHUR,M,2001,60,4
ARTHUR,M,2001,61,5
ARTHUR,M,2001,62,6
ARTHUR,M,2001,63,6
ARTHUR,M,2001,64,4
ARTHUR,M,2001,65,4
ARTHUR,M,2001,66,4
ARTHUR,M,2001,67,3
ARTHUR,M,2001,68,3
ARTHUR,M,2001,69,2
ARTHUR,M,2001,70,3
ARTHUR,M,2001,71,8
ARTHUR,M,2001,72,8
ARTHUR,M,2001,73,1
ARTHUR,M,2001,74,3
ARTHUR,M,2001,75,5
ARTHUR,M,2001,76,2
ARTHUR,M,2001,77,4
ARTHUR,M,2001,78,4
ARTHUR,M,2001,79,2
ARTHUR,M,2001,80,3
ARTHUR,M,2001,81,2
ARTHUR,M,2001,82,7
ARTHUR,M,2001,83,5
ARTHUR,M,2001,84,5
ARTHUR,M,2001,85,3
ARTHUR,M,2001,86,1
ARTHUR,M,2001,87,5
ARTHUR,M,2001,88,3
ARTHUR,M,2001,89,2
ARTHUR,M,2001,90,4
ARTHUR,M,2001,91,2
ARTHUR,M,2001,92,2
ARTHUR,M,2001,93,2
ARTHUR,M,2001,94,6
ARTHUR,M,2001,95,5
MAELIG,F,2002,01,4
MAELIG,F,2002,02,3
MAELIG,F,2002,03,8
MAELIG,F,2002,04,2
MAELIG,F,2002,05,3
MAELIG,F,2002,06,8
MAELIG,F,2002,07,5
MAELIG,F,2002,08,5
MAELIG,F,2002,09,4
MAELIG,F,2002,10,5
MAELIG,F,2002,11,4
MAELIG,F,2002,12,6
MAELIG,F,2002,13,10
MAELIG,F,2002,14,5
MAELIG,F,2002,15,3
MAELIG,F,2002,16,3
MAELIG,F,2002,17,3
MAELIG,F,2002,18,4
MAELIG,F,2002,19,1
MAELIG,F,2002,21,3
MAELIG,F,2002,22,25
MAELIG,F,2002,23,2
MAELIG,F,2002,24,2
MAELIG,F,2002,25,1
MAELIG,F,2002,26,6
MAELIG,F,2002,27,4
MAELIG,F,2002,28,2
MAELIG,F,2002,29,16
MAELIG,F,2002,2A,4
MAELIG,F,2002,2B,7
MAELIG,F,2002,30,3
MAELIG,F,2002,31,4
MAELIG,F,2002,32,2
MAELIG,F,2002,33,4
MAELIG,F,2002,34,3
MAELIG,F,2002,35,23
MAELIG,F,2002,36,6
MAELIG,F,2002,37,4
MAELIG,F,2002,38,3
MAELIG,F,2002,39,1
MAELIG,F,2002,40,1
MAELIG,F,2002,41,1
MAELIG,F,2002,42,2
MAELIG,F,2002,43,5
MAELIG,F,2002,44,25
MAELIG,F,2002,45,2
MAELIG,F,2002,47,7
MAELIG,F,2002,48,6
MAELIG,F,2002,49,2
MAELIG,F,2002,50,5
MAELIG,F,2002,51,3
MAELIG,F,2002,52,3
MAELIG,F,2002,53,3
MAELIG,F,2002,54,1
MAELIG,F,2002,55,4
MAELIG,F,2002,56,15
MAELIG,F,2002,57,1
MAELIG,F,2002,58,3
MAELIG,F,2002,59,4
MAELIG,F,2002,60,4
MAELIG,F,2002,61,3
MAELIG,F,2002,62,4
MAELIG,F,2002,63,2
MAELIG,F,2002,64,8
MAELIG,F,2002,65,7
MAELIG,F,2002,66,3
MAELIG,F,2002,67,4
MAELIG,F,2002,68,4
MAELIG,F,2002,69,3
MAELIG,F,2002,70,4
MAELIG,F,2002,71,3
MAELIG,F,2002,72,6
MAELIG,F,2002,73,1
MAELIG,F,2002,74,4
MAELIG,F,2002,75,6
MAELIG,F,2002,76,4
MAELIG,F,2002,77,1
MAELIG,F,2002,79,4
MAELIG,F,2002,80,4
MAELIG,F,2002,81,3
MAELIG,F,2002,82,1
MAELIG,F,2002,83,8
MAELIG,F,2002,84,2
MAELIG,F,2002,85,3
MAELIG,F,2002,86,5
MAELIG,F,2002,87,4
MAELIG,F,2002,88,3
MAELIG,F,2002,89,2
MAELIG,F,2002,90,4
MAELIG,F,2002,91,4
MAELIG,F,2002,92,7
MAELIG,F,2002,93,6
MAELIG,F,2002,94,6
MAELIG,F,2002,95,2
MAELIG,M,2002,01,4
MAELIG,M,2002,02,5
MAELIG,M,2002,03,5
MAELIG,M,2002,04,6
MAELIG,M,2002,05,3
MAELIG,M,2002,06,3
MAELIG,M,2002,07,6
MAELIG,M,2002,08,5
MAELIG,M,2002,09,4
MAELIG,M,2002,10,5
MAELIG,M,2002,11,2
MAELIG,M,2002,12,2
MAELIG,M,2002,13,4
MAELIG,M,2002,14,6
MAELIG,M,2002,15,1
MAELIG,M,2002,16,4
MAELIG,M,2002,18,2
MAELIG,M,2002,19,3
MAELIG,M,2002,21,4
MAELIG,M,2002,22,31
MAELIG,M,2002,23,5
MAELIG,M,2002,24,4
MAELIG,M,2002,25,3
MAELIG,M,2002,26,4
MAELIG,M,2002,27,1
MAELIG,M,2002,28,3
MAELIG,M,2002,29,16
MAELIG,M,2002,2B,6
MAELIG,M,2002,30,5
MAELIG,M,2002,31,2
MAELIG,M,2002,32,1
MAELIG,M,2002,33,4
MAELIG,M,2002,34,4
MAELIG,M,2002,35,28
MAELIG,M,2002,36,4
MAELIG,M,2002,37,4
MAELIG,M,2002,38,2
MAELIG,M,2002,39,4
MAELIG,M,2002,40,1
MAELIG,M,2002,41,8
MAELIG,M,2002,42,5
MAELIG,M,2002,43,3
MAELIG,M,2002,44,24
MAELIG,M,2002,45,3
MAELIG,M,2002,46,6
MAELIG,M,2002,47,4
MAELIG,M,2002,48,3
MAELIG,M,2002,49,6
MAELIG,M,2002,50,5
MAELIG,M,2002,51,2
MAELIG,M,2002,52,8
MAELIG,M,2002,53,4
MAELIG,M,2002,55,2
MAELIG,M,2002,56,19
MAELIG,M,2002,57,6
MAELIG,M,2002,58,1
MAELIG,M,2002,59,7
MAELIG,M,2002,60,7
MAELIG,M,2002,61,5
MAELIG,M,2002,62,5
MAELIG,M,2002,63,1
MAELIG,M,2002,64,5
MAELIG,M,2002,66,2
MAELIG,M,2002,67,5
MAELIG,M,2002,68,6
MAELIG,M,2002,69,3
MAELIG,M,2002,70,4
MAELIG,M,2002,71,4
MAELIG,M,2002,72,1
MAELIG,M,2002,73,4
MAELIG,M,2002,74,1
MAELIG,M,2002,75,3
MAELIG,M,2002,76,3
MAELIG,M,2002,77,3
MAELIG,M,2002,78,5
MAELIG,M,2002,79,7
MAELIG,M,2002,80,2
MAELIG,M,2002,81,1
MAELIG,M,2002,82,6
MAELIG,M,2002,83,5
MAELIG,M,2002,84,4
MAELIG,M,2002,85,3
MAELIG,M,2002,86,3
MAELIG,M,2002,87,5
MAELIG,M,2002,88,4
MAELIG,M,2002,89,3
MAELIG,M,2002,90,8
MAELIG,M,2002,91,2
MAELIG,M,2002,92,4
MAELIG,M,2002,94,6
MAELIG,M,2002,95,5
LOUISE,F,2002,01,7
LOUISE,F,2002,02,5
LOUISE,F,2002,03,3
LOUISE,F,2002,04,4
LOUISE,F,2002,05,5
LOUISE,F,2002,06,5
LOUISE,F,2002,07,6
LOUISE,F,2002,08,2
LOUISE,F,2002,09,5
LOUISE,F,2002,10,3
LOUISE,F,2002,11,5
LOUISE,F,2002,12,4
LOUISE,F,2002,13,4
LOUISE,F,2002,14,6
LOUISE,F,2002,15,6
LOUISE,F,2002,16,6
LOUISE,F,2002,17,5
LOUISE,F,2002,18,5
LOUISE,F,2002,19,8
LOUISE,F,2002,21,4
LOUISE,F,2002,22,5
LOUISE,F,2002,23,4
LOUISE,F,2002,24,2
LOUISE,F,2002,25,2
LOUISE,F,2002,26,7
LOUISE,F,2002,27,9
LOUISE,F,2002,28,4
LOUISE,F,2002,29,5
LOUISE,F,2002,2A,4
LOUISE,F,2002,2B,8
LOUISE,F,2002,30,4
LOUISE,F,2002,31,3
LOUISE,F,2002,32,8
LOUISE,F,2002,33,5
LOUISE,F,2002,34,4
LOUISE,F,2002,35,6
LOUISE,F,2002,36,3
LOUISE,F,2002,37,7
LOUISE,F,2002,38,4
LOUISE,F,2002,39,3
LOUISE,F,2002,40,3
LOUISE,F,2002,41,6
LOUISE,F,2002,42,5
LOUISE,F,2002,43,1
LOUISE,F,2002,44,6
LOUISE,F,2002,45,4
LOUISE,F,2002,46,3
LOUISE,F,2002,47,3
LOUISE,F,2002,48,4
LOUISE,F,2002,49,3
LOUISE,F,2002,50,3
LOUISE,F,2002,51,5
LOUISE,F,2002,52,2
LOUISE,F,2002,53,3
LOUISE,F,2002,54,4
LOUISE,F,2002,55,5
LOUISE,F,2002,56,3
LOUISE,F,2002,57,7
LOUISE,F,2002,58,4
LOUISE,F,2002,59,2
LOUISE,F,2002,60,3
LOUISE,F,2002,61,4
LOUISE,F,2002,62,4
LOUISE,F,2002,63,8
LOUISE,F,2002,64,6
LOUISE,F,2002,65,1
LOUISE,F,2002,66,1
LOUISE,F,2002,67,3
LOUISE,F,2002,68,2
LOUISE,F,2002,69,11
LOUISE,F,2002,70,5
LOUISE,F,2002,71,7
LOUISE,F,2002,72,4
LOUISE,F,2002,73,10
LOUISE,F,2002,74,10
LOUISE,F,2002,75,4
LOUISE,F,2002,76,8
LOUISE,F,2002,77,3
LOUISE,F,2002,78,3
LOUISE,F,2002,79,3
LOUISE,F,2002,80,6
LOUISE,F,2002,81,7
LOUISE,F,2002,82,6
LOUISE,F,2002,83,8
LOUISE,F,2002,84,6
LOUISE,F,2002,85,1
LOUISE,F,2002,86,7
LOUISE,F,2002,87,8
LOUISE,F,2002,88,6
LOUISE,F,2002,89,5
LOUISE,F,2002,90,3
LOUISE,F,2002,91,3
LOUISE,F,2002,92,6
LOUISE,F,2002,93,4
LOUISE,F,2002,94,5
LOUISE,F,2002,95,8
LOUISE,M,2002,01,2
LOUISE,M,2002,02,3
LOUISE,M,2002,03,4
LOUISE,M,2002,04,5
LOUISE,M,2002,05,3
LOUISE,M,2002,06,4
LOUISE,M,2002,07,4
LOUISE,M,2002,08,4
LOUISE,M,2002,09,3
LOUISE,M,2002,10,7
LOUISE,M,2002,11,2
LOUISE,M,2002,12,2
LOUISE,M,2002,13,1
LOUISE,M,2002,14,2
LOUISE,M,2002,15,3
LOUISE,M,2002,16,4
LOUISE,M,2002,17,5
LOUISE,M,2002,18,7
LOUISE,M,2002,19,6
LOUISE,M,2002,21,3
LOUISE,M,2002,22,4
LOUISE,M,2002,23,4
LOUISE,M,2002,25,2
LOUISE,M,2002,26,3
LOUISE,M,2002,27,2
LOUISE,M,2002,28,5
LOUISE,M,2002,29,1
LOUISE,M,2002,2A,3
LOUISE,M,2002,2B,3
LOUISE,M,2002,30,2
LOUISE,M,2002,31,4
LOUISE,M,2002,32,5
LOUISE,M,2002,33,4
LOUISE,M,2002,34,5
LOUISE,M,2002,35,4
LOUISE,M,2002,36,2
LOUISE,M,2002,37,3
LOUISE,M,2002,38,4
LOUISE,M,2002,39,3
LOUISE,M,2002,40,3
LOUISE,M,2002,41,1
LOUISE,M,2002,42,2
LOUISE,M,2002,43,2
LOUISE,M,2002,44,4
LOUISE,M,2002,45,6
LOUISE,M,2002,46,12
LOUISE,M,2002,47,2
LOUISE,M,2002,48,4
LOUISE,M,2002,49,2
LOUISE,M,2002,51,4
LOUISE,M,2002,52,4
LOUISE,M,2002,53,6
LOUISE,M,2002,54,1
LOUISE,M,2002,55,4
LOUISE,M,2002,56,4
LOUISE,M,2002,57,3
LOUISE,M,2002,58,1
LOUISE,M,2002,59,2
LOUISE,M,2002,60,3
LOUISE,M,2002,61,6
LOUISE,M,2002,62,5
LOUISE,M,2002,63,2
LOUISE,M,2002,64,5
LOUISE,M,2002,65,4
LOUISE,M,2002,66,3
LOUISE,M,2002,67,7
LOUISE,M,2002,68,4
LOUISE,M,2002,69,5
LOUISE,M,2002,70,1
LOUISE,M,2002,71,9
LOUISE,M,2002,72,2
LOUISE,M,2002,73,3
LOUISE,M,2002,74,2
LOUISE,M,2002,75,5
LOUISE,M,2002,76,4
LOUISE,M,2002,77,1
LOUISE,M,2002,78,2
LOUISE,M,2002,79,5
LOUISE,M,2002,80,1
LOUISE,M,2002,81,1
LOUISE,M,2002,82,1
LOUISE,M,2002,83,6
LOUISE,M,2002,84,5
LOUISE,M,2002,85,1
LOUISE,M,2002,86,1
LOUISE,M,2002,87,7
LOUISE,M,2002,88,5
LOUISE,M,2002,89,1
LOUISE,M,2002,90,3
LOUISE,M,2002,91,6
LOUISE,M,2002,92,3
LOUISE,M,2002,93,5
LOUISE,M,2002,94,4
LOUISE,M,2002,95,2
GABRIEL,F,2002,01,1
GABRIEL,F,2002,02,5
GABRIEL,F,2002,03,2
GABRIEL,F,2002,04,3
GABRIEL,F,2002,05,4
GABRIEL,F,2002,06,6
GABRIEL,F,2002,07,4
GABRIEL,F,2002,08,7
GABRIEL,F,2002,09,2
GABRIEL,F,2002,10,7
GABRIEL,F,2002,11,3
GABRIEL,F,2002,12,5
GABRIEL,F,2002,13,5
GABRIEL,F,2002,14,4
GABRIEL,F,2002,15,4
GABRIEL,F,2002,16,2
GABRIEL,F,2002,17,3
GABRIEL,F,2002,18,3
GABRIEL,F,2002,19,2
GABRIEL,F,2002,21,4
GABRIEL,F,2002,22,4
GABRIEL,F,2002,23,5
GABRIEL,F,2002,24,4
GABRIEL,F,2002,25,7
GABRIEL,F,2002,26,4
GABRIEL,F,2002,27,5
GABRIEL,F,2002,28,4
GABRIEL,F,2002,29,4
GABRIEL,F,2002,2A,7
GABRIEL,F,2002,2B,3
GABRIEL,F,2002,30,4
GABRIEL,F,2002,31,7
GABRIEL,F,2002,32,4
GABRIEL,F,2002,33,6
GABRIEL,F,2002,34,4
GABRIEL,F,2002,35,2
GABRIEL,F,2002,36,3
GABRIEL,F,2002,37,4
GABRIEL,F,2002,38,5
GABRIEL,F,2002,39,1
GABRIEL,F,2002,40,2
GABRIEL,F,2002,41,5
GABRIEL,F,2002,42,9
GABRIEL,F,2002,43,3
GABRIEL,F,2002,44,4
GABRIEL,F,2002,45,6
GABRIEL,F,2002,46,2
GABRIEL,F,2002,47,2
GABRIEL,F,2002,48,2
GABRIEL,F,2002,49,3
GABRIEL,F,2002,50,2
GABRIEL,F,2002,52,3
GABRIEL,F,2002,53,4
GABRIEL,F,2002,54,5
GABRIEL,F,2002,55,5
GABRIEL,F,2002,56,3
GABRIEL,F,2002,57,6
GABRIEL,F,2002,58,9
GABRIEL,F,2002,59,6
GABRIEL,F,2002,60,3
GABRIEL,F,2002,61,2
GABRIEL,F,2002,62,6
GABRIEL,F,2002,63,8
GABRIEL,F,2002,64,1
GABRIEL,F,2002,65,4
GABRIEL,F,2002,66,8
GABRIEL,F,2002,67,4
GABRIEL,F,2002,68,2
GABRIEL,F,2002,70,3
GABRIEL,F,2002,71,2
GABRIEL,F,2002,72,6
GABRIEL,F,2002,73,1
GABRIEL,F,2002,74,4
GABRIEL,F,2002,75,2
GABRIEL,F,2002,76,3
GABRIEL,F,2002,77,4
GABRIEL,F,2002,78,10
GABRIEL,F,2002,79,7
GABRIEL,F,2002,80,6
GABRIEL,F,2002,81,9
GABRIEL,F,2002,82,3
GABRIEL,F,2002,83,5
GABRIEL,F,2002,84,6
GABRIEL,F,2002,85,3
GABRIEL,F,2002,86,3
GABRIEL,F,2002,87,5
GABRIEL,F,2002,88,2
GABRIEL,F,2002,89,4
GABRIEL,F,2002,90,2
GABRIEL,F,2002,91,2
GABRIEL,F,2002,92,6
GABRIEL,F,2002,93,3
GABRIEL,F,2002,94,3
GABRIEL,F,2002,95,3
GABRIEL,M,2002,01,4
GABRIEL,M,2002,02,3
GABRIEL,M,2002,03,5
GABRIEL,M,2002,04,1
GABRIEL,M,2002,05,6
GABRIEL,M,2002,06,5
GABRIEL,M,2002,07,3
GABRIEL,M,2002,08,3
GABRIEL,M,2002,09,6
GABRIEL,M,2002,10,4
GABRIEL,M,2002,11,4
GABRIEL,M,2002,12,4
GABRIEL,M,2002,13,4
GABRIEL,M,2002,14,1
GABRIEL,M,2002,15,5
GABRIEL,M,2002,16,7
GABRIEL,M,2002,17,3
GABRIEL,M,2002,18,4
GABRIEL,M,2002,19,3
GABRIEL,M,2002,21,6
GABRIEL,M,2002,22,1
GABRIEL,M,2002,23,4
GABRIEL,M,2002,24,3
GABRIEL,M,2002,25,4
GABRIEL,M,2002,26,4
GABRIEL,M,2002,27,5
GABRIEL,M,2002,28,8
GABRIEL,M,2002,29,2
GABRIEL,M,2002,2A,3
GABRIEL,M,2002,2B,6
GABRIEL,M,2002,30,2
GABRIEL,M,2002,31,3
GABRIEL,M,2002,32,3
GABRIEL,M,2002,33,6
GABRIEL,M,2002,34,4
GABRIEL,M,2002,35,5
GABRIEL,M,2002,36,2
GABRIEL,M,2002,37,2
GABRIEL,M,2002,38,2
GABRIEL,M,2002,39,3
GABRIEL,M,2002,40,7
GABRIEL,M,2002,41,3
GABRIEL,M,2002,42,4
GABRIEL,M,2002,43,7
GABRIEL,M,2002,44,1
GABRIEL,M,2002,45,6
GABRIEL,M,2002,46,7
GABRIEL,M,2002,47,7
GABRIEL,M,2002,48,1
GABRIEL,M,2002,49,2
GABRIEL,M,2002,50,2
GABRIEL,M,2002,51,5
GABRIEL,M,2002,52,3
GABRIEL,M,2002,53,1
GABRIEL,M,2002,54,3
GABRIEL,M,2002,55,6
GABRIEL,M,2002,56,5
GABRIEL,M,2002,57,6
GABRIEL,M,2002,58,4
GABRIEL,M,2002,59,2
GABRIEL,M,2002,60,6
GABRIEL,M,2002,61,4
GABRIEL,M,2002,62,7
GABRIEL,M,2002,63,2
GABRIEL,M,2002,64,2
GABRIEL,M,2002,65,4
GABRIEL,M,2002,66,2
GABRIEL,M,2002,67,4
GABRIEL,M,2002,68,5
GABRIEL,M,2002,69,4
GABRIEL,M,2002,70,5
GABRIEL,M,2002,71,4
GABRIEL,M,2002,72,6
GABRIEL,M,2002,73,3
GABRIEL,M,2002,74,2
GABRIEL,M,2002,75,6
GABRIEL,M,2002,76,4
GABRIEL,M,2002,77,4
GABRIEL,M,2002,78,2
GABRIEL,M,2002,79,3
GABRIEL,M,2002,80,6
GABRIEL,M,2002,81,9
GABRIEL,M,2002,82,3
GABRIEL,M,2002,83,1
GABRIEL,M,2002,84,1
GABRIEL,M,2002,85,6
GABRIEL,M,2002,86,4
GABRIEL,M,2002,87,5
GABRIEL,M,2002,88,5
GABRIEL,M,2002,89,6
GABRIEL,M,2002,90,4
GABRIEL,M,2002,91,1
GABRIEL,M,2002,92,4
GABRIEL,M,2002,93,3
GABRIEL,M,2002,94,2
GABRIEL,M,2002,95,6
JADE,F,2002,01,6
JADE,F,2002,03,6
JADE,F,2002,04,3
JADE,F,2002,05,3
JADE,F,2002,06,4
JADE,F,2002,07,4
JADE,F,2002,08,2
JADE,F,2002,09,4
JADE,F,2002,10,3
JADE,F,2002,11,3
JADE,F,2002,12,4
JADE,F,2002,13,5
JADE,F,2002,14,5
JADE,F,2002,15,6
JADE,F,2002,16,2
JADE,F,2002,17,3
JADE,F,2002,18,4
JADE,F,2002,19,7
JADE,F,2002,21,4
JADE,F,2002,22,4
JADE,F,2002,23,2
JADE,F,2002,24,9
JADE,F,2002,25,5
JADE,F,2002,26,6
JADE,F,2002,27,2
JADE,F,2002,28,8
JADE,F,2002,29,5
JADE,F,2002,2A,4
JADE,F,2002,2B,1
JADE,F,2002,30,6
JADE,F,2002,31,3
JADE,F,2002,32,2
JADE,F,2002,33,3
JADE,F,2002,34,4
JADE,F,2002,35,5
JADE,F,2002,36,3
JADE,F,2002,37,4
JADE,F,2002,38,1
JADE,F,2002,39,5
JADE,F,2002,40,1
JADE,F,2002,41,3
JADE,F,2002,42,5
JADE,F,2002,43,9
JADE,F,2002,44,3
JADE,F,2002,45,4
JADE,F,2002,46,3
JADE,F,2002,47,3
JADE,F,2002,48,2
JADE,F,2002,49,6
JADE,F,2002,50,6
JADE,F,2002,51,4
JADE,F,2002,52,4
JADE,F,2002,53,4
JADE,F,2002,54,5
JADE,F,2002,55,5
JADE,F,2002,56,3
JADE,F,2002,57,3
JADE,F,2002,58,2
JADE,F,2002,60,4
JADE,F,2002,61,6
JADE,F,2002,62,3
JADE,F,2002,63,3
JADE,F,2002,64,5
JADE,F,2002,65,7
JADE,F,2002,66,1
JADE,F,2002,67,4
JADE,F,2002,68,3
JADE,F,2002,69,6
JADE,F,2002,70,2
JADE,F,2002,71,2
JADE,F,2002,72,7
JADE,F,2002,73,4
JADE,F,2002,74,4
JADE,F,2002,75,3
JADE,F,2002,76,5
JADE,F,2002,77,4
JADE,F,2002,78,2
JADE,F,2002,79,2
JADE,F,2002,80,4
JADE,F,2002,81,4
JADE,F,2002,82,6
JADE,F,2002,83,3
JADE,F,2002,84,4
JADE,F,2002,85,7
JADE,F,2002,86,1
JADE,F,2002,87,3
JADE,F,2002,88,7
JADE,F,2002,89,3
JADE,F,2002,90,1
JADE,F,2002,91,6
JADE,F,2002,92,5
JADE,F,2002,93,5
JADE,F,2002,94,3
JADE,F,2002,95,4
JADE,M,2002,01,7
JADE,M,2002,02,3
JADE,M,2002,03,2
JADE,M,2002,04,3
JADE,M,2002,05,4
JADE,M,2002,06,3
JADE,M,2002,07,3
JADE,M,2002,08,3
JADE,M,2002,09,4
JADE,M,2002,10,7
JADE,M,2002,11,7
JADE,M,2002,12,3
JADE,M,2002,13,5
JADE,M,2002,14,1
JADE,M,2002,15,3
JADE,M,2002,17,2
JADE,M,2002,19,6
JADE,M,2002,21,7
JADE,M,2002,22,2
JADE,M,2002,23,3
JADE,M,2002,24,7
JADE,M,2002,26,4
JADE,M,2002,27,3
JADE,M,2002,28,7
JADE,M,2002,29,4
JADE,M,2002,2A,7
JADE,M,2002,2B,1
JADE,M,2002,30,2
JADE,M,2002,31,3
JADE,M,2002,32,5
JADE,M,2002,33,1
JADE,M,2002,34,1
JADE,M,2002,35,6
JADE,M,2002,36,6
JADE,M,2002,37,4
JADE,M,2002,38,2
JADE,M,2002,39,4
JADE,M,2002,40,3
JADE,M,2002,41,4
JADE,M,2002,42,8
JADE,M,2002,43,1
JADE,M,2002,44,4
JADE,M,2002,45,4
JADE,M,2002,46,3
JADE,M,2002,47,5
JADE,M,2002,48,2
JADE,M,2002,49,2
JADE,M,2002,50,2
JADE,M,2002,51,4
JADE,M,2002,52,2
JADE,M,2002,53,2
JADE,M,2002,54,4
JADE,M,2002,55,7
JADE,M,2002,56,5
JADE,M,2002,57,5
JADE,M,2002,58,4
JADE,M,2002,59,4
JADE,M,2002,60,2
JADE,M,2002,61,3
JADE,M,2002,62,5
JADE,M,2002,63,1
JADE,M,2002,64,3
JADE,M,2002,65,2
JADE,M,2002,66,3
JADE,M,2002,67,4
JADE,M,2002,68,5
JADE,M,2002,69,6
JADE,M,2002,71,11
JADE,M,2002,73,3
JADE,M,2002,74,8
JADE,M,2002,75,4
JADE,M,2002,76,3
JADE,M,2002,77,2
JADE,M,2002,78,1
JADE,M,2002,79,6
JADE,M,2002,80,4
JADE,M,2002,81,3
JADE,M,2002,82,2
JADE,M,2002,83,1
JADE,M,2002,84,1
JADE,M,2002,85,11
JADE,M,2002,86,2
JADE,M,2002,87,1
JADE,M,2002,88,4
JADE,M,2002,89,3
JADE,M,2002,90,2
JADE,M,2002,91,7
JADE,M,2002,92,1
JADE,M,2002,93,8
JADE,M,2002,94,1
JADE,M,2002,95,4
ARTHUR,F,2002,01,4
ARTHUR,F,2002,02,3
ARTHUR,F,2002,03,4
ARTHUR,F,2002,04,4
ARTHUR,F,2002,05,6
ARTHUR,F,2002,06,6
ARTHUR,F,2002,07,5
ARTHUR,F,2002,08,2
ARTHUR,F,2002,09,5
ARTHUR,F,2002,10,3
ARTHUR,F,2002,11,4
ARTHUR,F,2002,12,3
ARTHUR,F,2002,13,4
ARTHUR,F,2002,14,3
ARTHUR,F,2002,15,3
ARTHUR,F,2002,16,7
ARTHUR,F,2002,17,2
ARTHUR,F,2002,18,5
ARTHUR,F,2002,19,5
ARTHUR,F,2002,21,4
ARTHUR,F,2002,22,2
ARTHUR,F,2002,23,4
ARTHUR,F,2002,24,4
ARTHUR,F,2002,25,3
ARTHUR,F,2002,26,5
ARTHUR,F,2002,27,2
ARTHUR,F,2002,28,4
ARTHUR,F,2002,29,7
ARTHUR,F,2002,2A,3
ARTHUR,F,2002,2B,5
ARTHUR,F,2002,30,4
ARTHUR,F,2002,31,4
ARTHUR,F,2002,32,3
ARTHUR,F,2002,33,3
ARTHUR,F,2002,34,2
ARTHUR,F,2002,35,8
ARTHUR,F,2002,36,7
ARTHUR,F,2002,37,2
ARTHUR,F,2002,38,4
ARTHUR,F,2002,39,4
ARTHUR,F,2002,40,3
ARTHUR,F,2002,42,8
ARTHUR,F,2002,43,2
ARTHUR,F,2002,44,5
ARTHUR,F,2002,45,5
ARTHUR,F,2002,46,4
ARTHUR,F,2002,48,3
ARTHUR,F,2002,49,3
ARTHUR,F,2002,50,4
ARTHUR,F,2002,51,3
ARTHUR,F,2002,52,4
ARTHUR,F,2002,53,4
ARTHUR,F,2002,54,8
ARTHUR,F,2002,55,4
ARTHUR,F,2002,56,2
ARTHUR,F,2002,57,1
ARTHUR,F,2002,58,4
ARTHUR,F,2002,59,2
ARTHUR,F,2002,60,2
ARTHUR,F,2002,61,2
ARTHUR,F,2002,62,2
ARTHUR,F,2002,63,3
ARTHUR,F,2002,64,2
ARTHUR,F,2002,65,3
ARTHUR,F,2002,66,5
ARTHUR,F,2002,67,2
ARTHUR,F,2002,68,7
ARTHUR,F,2002,69,1
ARTHUR,F,2002,70,7
ARTHUR,F,2002,71,9
ARTHUR,F,2002,72,5
ARTHUR,F,2002,73,5
ARTHUR,F,2002,74,4
ARTHUR,F,2002,75,5
ARTHUR,F,2002,76,5
ARTHUR,F,2002,77,6
ARTHUR,F,2002,78,4
ARTHUR,F,2002,79,5
ARTHUR,F,2002,80,2
ARTHUR,F,2002,81,4
ARTHUR,F,2002,82,2
ARTHUR,F,2002,83,1
ARTHUR,F,2002,84,5
ARTHUR,F,2002,85,8
ARTHUR,F,2002,86,4
ARTHUR,F,2002,87,1
ARTHUR,F,2002,88,1
ARTHUR,F,2002,89,7
ARTHUR,F,2002,90,5
ARTHUR,F,2002,91,4
ARTHUR,F,2002,92,3
ARTHUR,F,2002,93,7
ARTHUR,F,2002,94,2
ARTHUR,F,2002,95,5
ARTHUR,M,2002,01,5
ARTHUR,M,2002,02,4
ARTHUR,M,2002,03,6
ARTHUR,M,2002,04,6
ARTHUR,M,2002,05,4
ARTHUR,M,2002,06,2
ARTHUR,M,2002,07,6
ARTHUR,M,2002,08,4
ARTHUR,M,2002,09,8
ARTHUR,M,2002,10,6
ARTHUR,M,2002,11,8
ARTHUR,M,2002,12,2
ARTHUR,M,2002,13,2
ARTHUR,M,2002,14,9
ARTHUR,M,2002,15,5
ARTHUR,M,2002,16,7
ARTHUR,M,2002,17,1
ARTHUR,M,2002,18,6
ARTHUR,M,2002,19,5
ARTHUR,M,2002,21,4
ARTHUR,M,2002,22,4
ARTHUR,M,2002,23,5
ARTHUR,M,2002,24,1
ARTHUR,M,2002,25,11
ARTHUR,M,2002,26,4
ARTHUR,M,2002,27,6
ARTHUR,M,2002,28,5
ARTHUR,M,2002,29,7
ARTHUR,M,2002,2A,6
ARTHUR,M,2002,2B,5
ARTHUR,M,2002,30,3
ARTHUR,M,2002,31,3
ARTHUR,M,2002,32,9
ARTHUR,M,2002,33,3
ARTHUR,M,2002,34,3
ARTHUR,M,2002,35,4
ARTHUR,M,2002,36,2
ARTHUR,M,2002,37,4
ARTHUR,M,2002,38,5
ARTHUR,M,2002,39,6
ARTHUR,M,2002,40,5
ARTHUR,M,2002,41,3
ARTHUR,M,2002,42,4
ARTHUR,M,2002,43,6
ARTHUR,M,2002,44,9
ARTHUR,M,2002,45,6
ARTHUR,M,2002,46,6
ARTHUR,M,2002,47,10
ARTHUR,M,2002,48,6
ARTHUR,M,2002,49,5
ARTHUR,M,2002,50,2
ARTHUR,M,2002,51,5
ARTHUR,M,2002,52,3
ARTHUR,M,2002,53,8
ARTHUR,M,2002,54,8
ARTHUR,M,2002,55,3
ARTHUR,M,2002,56,4
ARTHUR,M,2002,57,1
ARTHUR,M,2002,58,6
ARTHUR,M,2002,59,4
ARTHUR,M,2002,60,3
ARTHUR,M,2002,61,3
ARTHUR,M,2002,62,1
ARTHUR,M,2002,63,5
ARTHUR,M,2002,65,4
ARTHUR,M,2002,66,2
ARTHUR,M,2002,67,5
ARTHUR,M,2002,68,5
ARTHUR,M,2002,69,8
ARTHUR,M,2002,70,4
ARTHUR,M,2002,71,4
ARTHUR,M,2002,72,6
ARTHUR,M,2002,73,3
ARTHUR,M,2002,74,7
ARTHUR,M,2002,75,3
ARTHUR,M,2002,76,4
ARTHUR,M,2002,77,7
ARTHUR,M,2002,78,3
ARTHUR,M,2002,79,4
ARTHUR,M,2002,80,1
ARTHUR,M,2002,81,3
ARTHUR,M,2002,82,4
ARTHUR,M,2002,83,2
ARTHUR,M,2002,84,3
ARTHUR,M,2002,85,5
ARTHUR,M,2002,86,3
ARTHUR,M,2002,87,4
ARTHUR,M,2002,88,7
ARTHUR,M,2002,89,3
ARTHUR,M,2002,90,5
ARTHUR,M,2002,91,2
ARTHUR,M,2002,92,2
ARTHUR,M,2002,93,6
ARTHUR,M,2002,94,3
ARTHUR,M,2002,95,7
MAELIG,F,2003,01,2
MAELIG,F,2003,02,2
MAELIG,F,2003,03,6
MAELIG,F,2003,04,4
MAELIG,F,2003,05,3
MAELIG,F,2003,06,4
MAELIG,F,2003,07,4
MAELIG,F,2003,08,2
MAELIG,F,2003,09,8
MAELIG,F,2003,10,4
MAELIG,F,2003,11,5
MAELIG,F,2003,12,3
MAELIG,F,2003,13,3
MAELIG,F,2003,14,1
MAELIG,F,2003,15,4
MAELIG,F,2003,16,7
MAELIG,F,2003,17,3
MAELIG,F,2003,18,7
MAELIG,F,2003,19,6
MAELIG,F,2003,21,6
MAELIG,F,2003,22,29
MAELIG,F,2003,23,2
MAELIG,F,2003,24,7
MAELIG,F,2003,25,2
MAELIG,F,2003,26,10
MAELIG,F,2003,27,3
MAELIG,F,2003,28,1
MAELIG,F,2003,29,27
MAELIG,F,2003,2A,3
MAELIG,F,2003,2B,2
MAELIG,F,2003,30,5
MAELIG,F,2003,31,4
MAELIG,F,2003,32,4
MAELIG,F,2003,33,3
MAELIG,F,2003,34,3
MAELIG,F,2003,35,18
MAELIG,F,2003,36,7
MAELIG,F,2003,37,4
MAELIG,F,2003,38,9
MAELIG,F,2003,39,4
MAELIG,F,2003,40,3
MAELIG,F,2003,41,7
MAELIG,F,2003,42,3
MAELIG,F,2003,43,6
MAELIG,F,2003,44,28
MAELIG,F,2003,45,5
MAELIG,F,2003,46,2
MAELIG,F,2003,47,5
MAELIG,F,2003,48,2
MAELIG,F,2003,49,3
MAELIG,F,2003,50,3
MAELIG,F,2003,51,4
MAELIG,F,2003,52,6
MAELIG,F,2003,53,6
MAELIG,F,2003,54,4
MAELIG,F,2003,55,6
MAELIG,F,2003,56,20
MAELIG,F,2003,57,4
MAELIG,F,2003,58,4
MAELIG,F,2003,59,2
MAELIG,F,2003,60,5
MAELIG,F,2003,61,5
MAELIG,F,2003,62,3
MAELIG,F,2003,63,5
MAELIG,F,2003,64,9
MAELIG,F,2003,65,5
MAELIG,F,2003,66,2
MAELIG,F,2003,67,4
MAELIG,F,2003,68,3
MAELIG,F,2003,69,4
MAELIG,F,2003,70,3
MAELIG,F,2003,71,1
MAELIG,F,2003,72,4
MAELIG,F,2003,73,9
MAELIG,F,2003,74,4
MAELIG,F,2003,75,2
MAELIG,F,2003,76,3
MAELIG,F,2003,78,1
MAELIG,F,2003,79,3
MAELIG,F,2003,80,4
MAELIG,F,2003,81,1
MAELIG,F,2003,82,6
MAELIG,F,2003,83,6
MAELIG,F,2003,84,4
MAELIG,F,2003,85,2
MAELIG,F,2003,86,2
MAELIG,F,2003,87,3
MAELIG,F,2003,88,7
MAELIG,F,2003,89,4
MAELIG,F,2003,90,2
MAELIG,F,2003,91,1
MAELIG,F,2003,92,6
MAELIG,F,2003,93,5
MAELIG,F,2003,94,2
MAELIG,F,2003,95,8
MAELIG,M,2003,01,4
MAELIG,M,2003,02,4
MAELIG,M,2003,03,1
MAELIG,M,2003,04,4
MAELIG,M,2003,05,4
MAELIG,M,2003,06,5
MAELIG,M,2003,07,2
MAELIG,M,2003,08,2
MAELIG,M,2003,09,2
MAELIG,M,2003,10,6
MAELIG,M,2003,11,6
MAELIG,M,2003,12,3
MAELIG,M,2003,13,3
MAELIG,M,2003,14,4
MAELIG,M,2003,15,7
MAELIG,M,2003,16,5
MAELIG,M,2003,17,10
MAELIG,M,2003,18,5
MAELIG,M,2003,19,3
MAELIG,M,2003,21,4
MAELIG,M,2003,22,20
MAELIG,M,2003,23,6
MAELIG,M,2003,24,8
MAELIG,M,2003,25,5
MAELIG,M,2003,26,1
MAELIG,M,2003,27,3
MAELIG,M,2003,28,3
MAELIG,M,2003,29,17
MAELIG,M,2003,2A,11
MAELIG,M,2003,2B,4
MAELIG,M,2003,30,4
MAELIG,M,2003,31,1
MAELIG,M,2003,32,5
MAELIG,M,2003,33,3
MAELIG,M,2003,34,4
MAELIG,M,2003,35,25
MAELIG,M,2003,36,7
MAELIG,M,2003,37,3
MAELIG,M,2003,38,4
MAELIG,M,2003,39,5
MAELIG,M,2003,40,3
MAELIG,M,2003,41,3
MAELIG,M,2003,42,5
MAELIG,M,2003,43,3
MAELIG,M,2003,44,31
MAELIG,M,2003,45,5
MAELIG,M,2003,46,2
MAELIG,M,2003,47,4
MAELIG,M,2003,48,6
MAELIG,M,2003,49,2
MAELIG,M,2003,50,4
MAELIG,M,2003,51,2
MAELIG,M,2003,52,5
MAELIG,M,2003,53,2
MAELIG,M,2003,54,7
MAELIG,M,2003,55,2
MAELIG,M,2003,56,18
MAELIG,M,2003,57,4
MAELIG,M,2003,58,2
MAELIG,M,2003,59,3
MAELIG,M,2003,60,6
MAELIG,M,2003,61,5
MAELIG,M,2003,62,2
MAELIG,M,2003,63,5
MAELIG,M,2003,64,3
MAELIG,M,2003,65,5
MAELIG,M,2003,66,7
MAELIG,M,2003,67,6
MAELIG,M,2003,68,4
MAELIG,M,2003,69,2
MAELIG,M,2003,70,2
MAELIG,M,2003,71,4
MAELIG,M,2003,72,2
MAELIG,M,2003,73,3
MAELIG,M,2003,74,8
MAELIG,M,2003,75,5
MAELIG,M,2003,76,4
MAELIG,M,2003,77,3
MAELIG,M,2003,78,1
MAELIG,M,2003,79,4
MAELIG,M,2003,80,5
MAELIG,M,2003,81,7
MAELIG,M,2003,82,4
MAELIG,M,2003,83,3
MAELIG,M,2003,84,2
MAELIG,M,2003,85,2
MAELIG,M,2003,86,2
MAELIG,M,2003,87,4
MAELIG,M,2003,88,6
MAELIG,M,2003,89,3
MAELIG,M,2003,90,4
MAELIG,M,2003,91,5
MAELIG,M,2003,92,8
MAELIG,M,2003,93,5
MAELIG,M,2003,94,5
MAELIG,M,2003,95,2
LOUISE,F,2003,01,5
LOUISE,F,2003,02,2
LOUISE,F,2003,03,5
LOUISE,F,2003,04,3
LOUISE,F,2003,05,3
LOUISE,F,2003,06,4
LOUISE,F,2003,07,7
LOUISE,F,2003,08,6
LOUISE,F,2003,09,6
LOUISE,F,2003,10,3
LOUISE,F,2003,11,6
LOUISE,F,2003,12,3
LOUISE,F,2003,13,2
LOUISE,F,2003,14,2
LOUISE,F,2003,15,6
LOUISE,F,2003,16,2
LOUISE,F,2003,17,2
LOUISE,F,2003,18,5
LOUISE,F,2003,19,3
LOUISE,F,2003,21,4
LOUISE,F,2003,22,8
LOUISE,F,2003,23,2
LOUISE,F,2003,24,3
LOUISE,F,2003,25,4
LOUISE,F,2003,26,4
LOUISE,F,2003,27,6
LOUISE,F,2003,28,4
LOUISE,F,2003,29,5
LOUISE,F,2003,2A,5
LOUISE,F,2003,2B,7
LOUISE,F,2003,30,2
LOUISE,F,2003,31,8
LOUISE,F,2003,32,5
LOUISE,F,2003,33,3
LOUISE,F,2003,34,1
LOUISE,F,2003,35,4
LOUISE,F,2003,36,3
LOUISE,F,2003,38,3
LOUISE,F,2003,39,1
LOUISE,F,2003,40,5
LOUISE,F,2003,41,4
LOUISE,F,2003,42,3
LOUISE,F,2003,43,2
LOUISE,F,2003,44,3
LOUISE,F,2003,45,4
LOUISE,F,2003,46,6
LOUISE,F,2003,47,5
LOUISE,F,2003,48,2
LOUISE,F,2003,49,2
LOUISE,F,2003,50,5
LOUISE,F,2003,51,4
LOUISE,F,2003,52,9
LOUISE,F,2003,53,6
LOUISE,F,2003,54,3
LOUISE,F,2003,55,1
LOUISE,F,2003,56,4
LOUISE,F,2003,57,4
LOUISE,F,2003,58,3
LOUISE,F,2003,59,5
LOUISE,F,2003,60,5
LOUISE,F,2003,61,4
LOUISE,F,2003,63,6
LOUISE,F,2003,64,4
LOUISE,F,2003,65,8
LOUISE,F,2003,66,5
LOUISE,F,2003,67,4
LOUISE,F,2003,68,3
LOUISE,F,2003,69,4
LOUISE,F,2003,70,5
LOUISE,F,2003,71,2
LOUISE,F,2003,72,5
LOUISE,F,2003,74,4
LOUISE,F,2003,75,4
LOUISE,F,2003,76,3
LOUISE,F,2003,77,4
LOUISE,F,2003,78,7
LOUISE,F,2003,79,2
LOUISE,F,2003,80,1
LOUISE,F,2003,81,8
LOUISE,F,2003,82,1
LOUISE,F,2003,83,4
LOUISE,F,2003,84,3
LOUISE,F,2003,85,6
LOUISE,F,2003,86,5
LOUISE,F,2003,87,2
LOUISE,F,2003,88,6
LOUISE,F,2003,89,3
LOUISE,F,2003,90,5
LOUISE,F,2003,91,6
LOUISE,F,2003,92,6
LOUISE,F,2003,93,2
LOUISE,F,2003,94,4
LOUISE,F,2003,95,6
LOUISE,M,2003,01,6
LOUISE,M,2003,02,4
LOUISE,M,2003,03,4
LOUISE,M,2003,04,2
LOUISE,M,2003,05,4
LOUISE,M,2003,06,3
LOUISE,M,2003,07,5
LOUISE,M,2003,08,4
LOUISE,M,2003,09,5
LOUISE,M,2003,10,4
LOUISE,M,2003,11,3
LOUISE,M,2003,12,5
LOUISE,M,2003,13,3
LOUISE,M,2003,15,4
LOUISE,M,2003,16,6
LOUISE,M,2003,17,5
LOUISE,M,2003,18,3
LOUISE,M,2003,19,6
LOUISE,M,2003,21,4
LOUISE,M,2003,22,2
LOUISE,M,2003,23,3
LOUISE,M,2003,24,2
LOUISE,M,2003,25,4
LOUISE,M,2003,26,6
LOUISE,M,2003,27,1
LOUISE,M,2003,28,6
LOUISE,M,2003,29,3
LOUISE,M,2003,2B,12
LOUISE,M,2003,30,4
LOUISE,M,2003,31,4
LOUISE,M,2003,32,5
LOUISE,M,2003,33,8
LOUISE,M,2003,34,7
LOUISE,M,2003,35,4
LOUISE,M,2003,36,1
LOUISE,M,2003,37,1
LOUISE,M,2003,38,4
LOUISE,M,2003,39,2
LOUISE,M,2003,40,6
LOUISE,M,2003,42,4
LOUISE,M,2003,43,2
LOUISE,M,2003,44,2
LOUISE,M,2003,45,6
LOUISE,M,2003,46,8
LOUISE,M,2003,47,6
LOUISE,M,2003,48,1
LOUISE,M,2003,49,6
LOUISE,M,2003,50,4
LOUISE,M,2003,51,4
LOUISE,M,2003,52,4
LOUISE,M,2003,53,1
LOUISE,M,2003,54,2
LOUISE,M,2003,55,3
LOUISE,M,2003,56,6
LOUISE,M,2003,57,2
LOUISE,M,2003,58,3
LOUISE,M,2003,59,4
LOUISE,M,2003,60,9
LOUISE,M,2003,61,1
LOUISE,M,2003,62,5
LOUISE,M,2003,63,6
LOUISE,M,2003,64,3
LOUISE,M,2003,65,6
LOUISE,M,2003,66,3
LOUISE,M,2003,67,6
LOUISE,M,2003,68,7
LOUISE,M,2003,69,4
LOUISE,M,2003,70,4
LOUISE,M,2003,71,4
LOUISE,M,2003,72,3
LOUISE,M,2003,73,4
LOUISE,M,2003,74,1
LOUISE,M,2003,75,2
LOUISE,M,2003,76,5
LOUISE,M,2003,77,8
LOUISE,M,2003,78,3
LOUISE,M,2003,79,5
LOUISE,M,2003,80,5
LOUISE,M,2003,81,3
LOUISE,M,2003,82,4
LOUISE,M,2003,83,2
LOUISE,M,2003,84,9
LOUISE,M,2003,85,7
LOUISE,M,2003,86,5
LOUISE,M,2003,87,4
LOUISE,M,2003,88,6
LOUISE,M,2003,89,4
LOUISE,M,2003,90,1
LOUISE,M,2003,91,2
LOUISE,M,2003,92,3
LOUISE,M,2003,93,6
LOUISE,M,2003,94,5
LOUISE,M,2003,95,1
GABRIEL,F,2003,01,4
GABRIEL,F,2003,02,6
GABRIEL,F,2003,03,1
GABRIEL,F,2003,04,4
GABRIEL,F,2003,05,3
GABRIEL,F,2003,06,5
GABRIEL,F,2003,07,6
GABRIEL,F,2003,08,5
GABRIEL,F,2003,09,6
GABRIEL,F,2003,10,4
GABRIEL,F,2003,11,6
GABRIEL,F,2003,12,1
GABRIEL,F,2003,13,1
GABRIEL,F,2003,14,5
GABRIEL,F,2003,15,5
GABRIEL,F,2003,16,4
GABRIEL,F,2003,17,4
GABRIEL,F,2003,18,6
GABRIEL,F,2003,19,3
GABRIEL,F,2003,21,5
GABRIEL,F,2003,22,7
GABRIEL,F,2003,23,8
GABRIEL,F,2003,24,4
GABRIEL,F,2003,25,3
GABRIEL,F,2003,26,6
GABRIEL,F,2003,27,4
GABRIEL,F,2003,28,2
GABRIEL,F,2003,29,3
GABRIEL,F,2003,2A,6
GABRIEL,F,2003,2B,3
GABRIEL,F,2003,30,1
GABRIEL,F,2003,31,1
GABRIEL,F,2003,32,5
GABRIEL,F,2003,33,3
GABRIEL,F,2003,34,7
GABRIEL,F,2003,35,3
GABRIEL,F,2003,36,4
GABRIEL,F,2003,37,2
GABRIEL,F,2003,38,2
GABRIEL,F,2003,39,6
GABRIEL,F,2003,40,5
GABRIEL,F,2003,41,1
GABRIEL,F,2003,42,1
GABRIEL,F,2003,43,2
GABRIEL,F,2003,44,3
GABRIEL,F,2003,45,6
GABRIEL,F,2003,46,3
GABRIEL,F,2003,47,4
GABRIEL,F,2003,48,2
GABRIEL,F,2003,49,2
GABRIEL,F,2003,50,3
GABRIEL,F,2003,51,8
GABRIEL,F,2003,52,2
GABRIEL,F,2003,53,3
GABRIEL,F,2003,54,1
GABRIEL,F,2003,55,1
GABRIEL,F,2003,56,5
GABRIEL,F,2003,57,5
GABRIEL,F,2003,58,5
GABRIEL,F,2003,59,5
GABRIEL,F,2003,60,3
GABRIEL,F,2003,61,4
GABRIEL,F,2003,62,6
GABRIEL,F,2003,63,7
GABRIEL,F,2003,64,6
GABRIEL,F,2003,65,5
GABRIEL,F,2003,66,3
GABRIEL,F,2003,67,4
GABRIEL,F,2003,68,4
GABRIEL,F,2003,69,4
GABRIEL,F,2003,70,2
GABRIEL,F,2003,71,4
GABRIEL,F,2003,72,4
GABRIEL,F,2003,73,4
GABRIEL,F,2003,74,10
GABRIEL,F,2003,75,4
GABRIEL,F,2003,76,5
GABRIEL,F,2003,77,5
GABRIEL,F,2003,78,4
GABRIEL,F,2003,79,5
GABRIEL,F,2003,80,7
GABRIEL,F,2003,81,2
GABRIEL,F,2003,82,1
GABRIEL,F,2003,83,3
GABRIEL,F,2003,84,2
GABRIEL,F,2003,85,7
GABRIEL,F,2003,86,4
GABRIEL,F,2003,87,4
GABRIEL,F,2003,88,9
GABRIEL,F,2003,89,6
GABRIEL,F,2003,90,2
GABRIEL,F,2003,91,4
GABRIEL,F,2003,92,7
GABRIEL,F,2003,93,4
GABRIEL,F,2003,94,2
GABRIEL,F,2003,95,3
GABRIEL,M,2003,01,5
GABRIEL,M,2003,02,4
GABRIEL,M,2003,03,4
GABRIEL,M,2003,04,6
GABRIEL,M,2003,05,2
GABRIEL,M,2003,06,2
GABRIEL,M,2003,07,4
GABRIEL,M,2003,08,3
GABRIEL,M,2003,09,3
GABRIEL,M,2003,10,6
GABRIEL,M,2003,11,4
GABRIEL,M,2003,12,6
GABRIEL,M,2003,13,3
GABRIEL,M,2003,15,2
GABRIEL,M,2003,16,6
GABRIEL,M,2003,17,2
GABRIEL,M,2003,18,7
GABRIEL,M,2003,19,8
GABRIEL,M,2003,21,6
GABRIEL,M,2003,22,3
GABRIEL,M,2003,23,7
GABRIEL,M,2003,25,6
GABRIEL,M,2003,26,5
GABRIEL,M,2003,27,1
GABRIEL,M,2003,28,3
GABRIEL,M,2003,29,6
GABRIEL,M,2003,2A,2
GABRIEL,M,2003,2B,3
GABRIEL,M,2003,30,3
GABRIEL,M,2003,31,4
GABRIEL,M,2003,32,4
GABRIEL,M,2003,33,5
GABRIEL,M,2003,34,2
GABRIEL,M,2003,36,5
GABRIEL,M,2003,37,5
GABRIEL,M,2003,38,4
GABRIEL,M,2003,39,3
GABRIEL,M,2003,40,2
GABRIEL,M,2003,41,4
GABRIEL,M,2003,42,6
GABRIEL,M,2003,43,5
GABRIEL,M,2003,45,3
GABRIEL,M,2003,46,3
GABRIEL,M,2003,47,5
GABRIEL,M,2003,48,6
GABRIEL,M,2003,49,3
GABRIEL,M,2003,50,7
GABRIEL,M,2003,51,5
GABRIEL,M,2003,52,4
GABRIEL,M,2003,53,4
GABRIEL,M,2003,54,6
GABRIEL,M,2003,55,4
GABRIEL,M,2003,56,3
GABRIEL,M,2003,57,4
GABRIEL,M,2003,58,2
GABRIEL,M,2003,59,4
GABRIEL,M,2003,60,2
GABRIEL,M,2003,61,3
GABRIEL,M,2003,62,9
GABRIEL,M,2003,63,3
GABRIEL,M,2003,64,5
GABRIEL,M,2003,65,5
GABRIEL,M,2003,66,3
GABRIEL,M,2003,67,4
GABRIEL,M,2003,68,3
GABRIEL,M,2003,69,4
GABRIEL,M,2003,70,4
GABRIEL,M,2003,71,4
GABRIEL,M,2003,72,8
GABRIEL,M,2003,73,4
GABRIEL,M,2003,74,3
GABRIEL,M,2003,75,7
GABRIEL,M,2003,76,3
GABRIEL,M,2003,77,1
GABRIEL,M,2003,78,2
GABRIEL,M,2003,79,3
GABRIEL,M,2003,80,6
GABRIEL,M,2003,81,4
GABRIEL,M,2003,82,3
GABRIEL,M,2003,83,3
GABRIEL,M,2003,84,3
GABRIEL,M,2003,85,3
GABRIEL,M,2003,86,4
GABRIEL,M,2003,87,3
GABRIEL,M,2003,88,5
GABRIEL,M,2003,89,4
GABRIEL,M,2003,90,4
GABRIEL,M,2003,91,6
GABRIEL,M,2003,92,7
GABRIEL,M,2003,93,5
GABRIEL,M,2003,94,4
GABRIEL,M,2003,95,3
JADE,F,2003,01,4
JADE,F,2003,02,6
JADE,F,2003,03,2
JADE,F,2003,04,3
JADE,F,2003,06,3
JADE,F,2003,07,7
JADE,F,2003,08,3
JADE,F,2003,09,2
JADE,F,2003,10,5
JADE,F,2003,11,9
JADE,F,2003,12,3
JADE,F,2003,13,4
JADE,F,2003,14,2
JADE,F,2003,15,6
JADE,F,2003,16,3
JADE,F,2003,17,4
JADE,F,2003,18,3
JADE,F,2003,19,3
JADE,F,2003,21,2
JADE,F,2003,22,3
JADE,F,2003,23,3
JADE,F,2003,24,2
JADE,F,2003,25,5
JADE,F,2003,26,5
JADE,F,2003,27,4
JADE,F,2003,28,2
JADE,F,2003,29,6
JADE,F,2003,2A,4
JADE,F,2003,2B,4
JADE,F,2003,30,8
JADE,F,2003,31,1
JADE,F,2003,32,2
JADE,F,2003,33,7
JADE,F,2003,34,4
JADE,F,2003,35,3
JADE,F,2003,36,5
JADE,F,2003,37,2
JADE,F,2003,38,5
JADE,F,2003,39,6
JADE,F,2003,40,7
JADE,F,2003,41,4
JADE,F,2003,42,5
JADE,F,2003,43,2
JADE,F,2003,44,4
JADE,F,2003,45,2
JADE,F,2003,46,3
JADE,F,2003,47,5
JADE,F,2003,48,3
JADE,F,2003,49,5
JADE,F,2003,50,2
JADE,F,2003,51,5
JADE,F,2003,52,3
JADE,F,2003,53,4
JADE,F,2003,54,3
JADE,F,2003,55,4
JADE,F,2003,56,2
JADE,F,2003,57,4
JADE,F,2003,58,2
JADE,F,2003,59,6
JADE,F,2003,60,1
JADE,F,2003,61,10
JADE,F,2003,62,4
JADE,F,2003,63,7
JADE,F,2003,64,4
JADE,F,2003,65,3
JADE,F,2003,66,4
JADE,F,2003,67,2
JADE,F,2003,68,3
JADE,F,2003,69,5
JADE,F,2003,70,6
JADE,F,2003,71,6
JADE,F,2003,72,3
JADE,F,2003,73,2
JADE,F,2003,74,8
JADE,F,2003,76,7
JADE,F,2003,77,6
JADE,F,2003,78,2
JADE,F,2003,79,4
JADE,F,2003,80,4
JADE,F,2003,81,4
JADE,F,2003,82,5
JADE,F,2003,83,7
JADE,F,2003,84,5
JADE,F,2003,85,2
JADE,F,2003,86,4
JADE,F,2003,87,4
JADE,F,2003,88,5
JADE,F,2003,89,2
JADE,F,2003,90,3
JADE,F,2003,91,4
JADE,F,2003,92,3
JADE,F,2003,93,3
JADE,F,2003,94,2
JADE,F,2003,95,7
JADE,M,2003,01,7
JADE,M,2003,02,4
JADE,M,2003,03,6
JADE,M,2003,04,4
JADE,M,2003,05,4
JADE,M,2003,06,3
JADE,M,2003,07,6
JADE,M,2003,08,3
JADE,M,2003,09,3
JADE,M,2003,10,6
JADE,M,2003,11,4
JADE,M,2003,12,6
JADE,M,2003,13,1
JADE,M,2003,14,4
JADE,M,2003,15,1
JADE,M,2003,16,6
JADE,M,2003,17,3
JADE,M,2003,18,6
JADE,M,2003,19,3
JADE,M,2003,21,9
JADE,M,2003,22,4
JADE,M,2003,23,9
JADE,M,2003,24,3
JADE,M,2003,25,3
JADE,M,2003,26,3
JADE,M,2003,27,5
JADE,M,2003,28,6
JADE,M,2003,29,9
JADE,M,2003,2A,3
JADE,M,2003,2B,9
JADE,M,2003,30,6
JADE,M,2003,31,3
JADE,M,2003,32,3
JADE,M,2003,33,4
JADE,M,2003,34,7
JADE,M,2003,35,1
JADE,M,2003,36,3
JADE,M,2003,37,3
JADE,M,2003,38,8
JADE,M,2003,39,3
JADE,M,2003,40,4
JADE,M,2003,41,4
JADE,M,2003,42,4
JADE,M,2003,43,3
JADE,M,2003,44,3
JADE,M,2003,45,2
JADE,M,2003,46,4
JADE,M,2003,47,5
JADE,M,2003,48,6
JADE,M,2003,49,8
JADE,M,2003,50,4
JADE,M,2003,51,5
JADE,M,2003,52,2
JADE,M,2003,53,4
JADE,M,2003,54,3
JADE,M,2003,55,7
JADE,M,2003,56,1
JADE,M,2003,57,4
JADE,M,2003,58,4
JADE,M,2003,59,4
JADE,M,2003,60,3
JADE,M,2003,61,5
JADE,M,2003,62,3
JADE,M,2003,63,6
JADE,M,2003,64,6
JADE,M,2003,65,5
JADE,M,2003,66,9
JADE,M,2003,67,1
JADE,M,2003,68,7
JADE,M,2003,69,5
JADE,M,2003,70,3
JADE,M,2003,71,1
JADE,M,2003,72,4
JADE,M,2003,73,1
JADE,M,2003,74,3
JADE,M,2003,75,1
JADE,M,2003,76,6
JADE,M,2003,77,4
JADE,M,2003,78,3
JADE,M,2003,79,1
JADE,M,2003,80,3
JADE,M,2003,81,6
JADE,M,2003,82,2
JADE,M,2003,83,6
JADE,M,2003,84,3
JADE,M,2003,85,5
JADE,M,2003,86,6
JADE,M,2003,87,3
JADE,M,2003,88,3
JADE,M,2003,89,3
JADE,M,2003,90,2
JADE,M,2003,91,6
JADE,M,2003,92,7
JADE,M,2003,93,4
JADE,M,2003,94,5
JADE,M,2003,95,3
ARTHUR,F,2003,01,2
ARTHUR,F,2003,02,1
ARTHUR,F,2003,03,2
ARTHUR,F,2003,04,6
ARTHUR,F,2003,05,3
ARTHUR,F,2003,06,5
ARTHUR,F,2003,07,5
ARTHUR,F,2003,08,5
ARTHUR,F,2003,09,5
ARTHUR,F,2003,11,1
ARTHUR,F,2003,12,1
ARTHUR,F,2003,13,2
ARTHUR,F,2003,14,4
ARTHUR,F,2003,15,1
ARTHUR,F,2003,16,4
ARTHUR,F,2003,17,6
ARTHUR,F,2003,18,5
ARTHUR,F,2003,19,3
ARTHUR,F,2003,21,5
ARTHUR,F,2003,22,4
ARTHUR,F,2003,23,1
ARTHUR,F,2003,24,3
ARTHUR,F,2003,25,4
ARTHUR,F,2003,27,4
ARTHUR,F,2003,28,3
ARTHUR,F,2003,29,5
ARTHUR,F,2003,2A,6
ARTHUR,F,2003,2B,4
ARTHUR,F,2003,30,3
ARTHUR,F,2003,31,2
ARTHUR,F,2003,32,7
ARTHUR,F,2003,33,4
ARTHUR,F,2003,34,4
ARTHUR,F,2003,35,3
ARTHUR,F,2003,36,8
ARTHUR,F,2003,37,6
ARTHUR,F,2003,38,3
ARTHUR,F,2003,39,1
ARTHUR,F,2003,40,4
ARTHUR,F,2003,41,5
ARTHUR,F,2003,42,7
ARTHUR,F,2003,43,7
ARTHUR,F,2003,44,3
ARTHUR,F,2003,45,3
ARTHUR,F,2003,46,3
ARTHUR,F,2003,47,3
ARTHUR,F,2003,48,6
ARTHUR,F,2003,49,5
ARTHUR,F,2003,50,4
ARTHUR,F,2003,51,6
ARTHUR,F,2003,52,2
ARTHUR,F,2003,53,7
ARTHUR,F,2003,54,5
ARTHUR,F,2003,55,4
ARTHUR,F,2003,56,3
ARTHUR,F,2003,57,1
ARTHUR,F,2003,59,3
ARTHUR,F,2003,60,1
ARTHUR,F,2003,61,2
ARTHUR,F,2003,62,3
ARTHUR,F,2003,63,2
ARTHUR,F,2003,64,9
ARTHUR,F,2003,66,5
ARTHUR,F,2003,67,4
ARTHUR,F,2003,68,4
ARTHUR,F,2003,69,4
ARTHUR,F,2003,70,3
ARTHUR,F,2003,71,4
ARTHUR,F,2003,72,3
ARTHUR,F,2003,73,6
ARTHUR,F,2003,74,3
ARTHUR,F,2003,75,5
ARTHUR,F,2003,76,7
ARTHUR,F,2003,77,6
ARTHUR,F,2003,78,3
ARTHUR,F,2003,79,2
ARTHUR,F,2003,80,4
ARTHUR,F,2003,81,5
ARTHUR,F,2003,82,4
ARTHUR,F,2003,83,6
ARTHUR,F,2003,84,5
ARTHUR,F,2003,85,5
ARTHUR,F,2003,86,6
ARTHUR,F,2003,87,3
ARTHUR,F,2003,88,3
ARTHUR,F,2003,89,2
ARTHUR,F,2003,90,5
ARTHUR,F,2003,91,4
ARTHUR,F,2003,92,3
ARTHUR,F,2003,93,3
ARTHUR,F,2003,94,4
ARTHUR,F,2003,95,6
ARTHUR,M,2003,01,3
ARTHUR,M,2003,03,4
ARTHUR,M,2003,04,3
ARTHUR,M,2003,05,8
ARTHUR,M,2003,06,4
ARTHUR,M,2003,07,3
ARTHUR,M,2003,08,1
ARTHUR,M,2003,09,6
ARTHUR,M,2003,10,5
ARTHUR,M,2003,11,5
ARTHUR,M,2003,12,7
ARTHUR,M,2003,13,3
ARTHUR,M,2003,14,4
ARTHUR,M,2003,15,5
ARTHUR,M,2003,16,6
ARTHUR,M,2003,17,5
ARTHUR,M,2003,18,3
ARTHUR,M,2003,19,2
ARTHUR,M,2003,21,1
ARTHUR,M,2003,22,3
ARTHUR,M,2003,23,1
ARTHUR,M,2003,24,5
ARTHUR,M,2003,25,4
ARTHUR,M,2003,26,4
ARTHUR,M,2003,27,8
ARTHUR,M,2003,28,3
ARTHUR,M,2003,29,3
ARTHUR,M,2003,2A,5
ARTHUR,M,2003,2B,1
ARTHUR,M,2003,30,4
ARTHUR,M,2003,31,4
ARTHUR,M,2003,32,7
ARTHUR,M,2003,33,4
ARTHUR,M,2003,34,5
ARTHUR,M,2003,35,5
ARTHUR,M,2003,36,3
ARTHUR,M,2003,37,3
ARTHUR,M,2003,38,6
ARTHUR,M,2003,39,2
ARTHUR,M,2003,40,1
ARTHUR,M,2003,41,2
ARTHUR,M,2003,42,4
ARTHUR,M,2003,43,1
ARTHUR,M,2003,44,3
ARTHUR,M,2003,45,4
ARTHUR,M,2003,46,7
ARTHUR,M,2003,47,7
ARTHUR,M,2003,48,4
ARTHUR,M,2003,49,3
ARTHUR,M,2003,50,3
ARTHUR,M,2003,51,4
ARTHUR,M,2003,52,1
ARTHUR,M,2003,53,8
ARTHUR,M,2003,54,6
ARTHUR,M,2003,55,5
ARTHUR,M,2003,56,3
ARTHUR,M,2003,57,4
ARTHUR,M,2003,58,8
ARTHUR,M,2003,59,6
ARTHUR,M,2003,60,3
ARTHUR,M,2003,61,4
ARTHUR,M,2003,62,4
ARTHUR,M,2003,63,4
ARTHUR,M,2003,64,3
ARTHUR,M,2003,65,1
ARTHUR,M,2003,66,3
ARTHUR,M,2003,67,4
ARTHUR,M,2003,68,3
ARTHUR,M,2003,69,1
ARTHUR,M,2003,70,4
ARTHUR,M,2003,71,2
ARTHUR,M,2003,72,2
ARTHUR,M,2003,73,4
ARTHUR,M,2003,74,6
ARTHUR,M,2003,75,9
ARTHUR,M,2003,76,3
ARTHUR,M,2003,77,6
ARTHUR,M,2003,78,3
ARTHUR,M,2003,79,8
ARTHUR,M,2003,80,4
ARTHUR,M,2003,81,4
ARTHUR,M,2003,82,9
ARTHUR,M,2003,83,6
ARTHUR,M,2003,84,6
ARTHUR,M,2003,85,7
ARTHUR,M,2003,86,6
ARTHUR,M,2003,87,4
ARTHUR,M,2003,88,4
ARTHUR,M,2003,89,3
ARTHUR,M,2003,90,6
ARTHUR,M,2003,91,3
ARTHUR,M,2003,92,3
ARTHUR,M,2003,93,3
ARTHUR,M,2003,95,4
MAELIG,F,2004,01,3
MAELIG,F,2004,02,4
MAELIG,F,2004,03,1
MAELIG,F,2004,04,3
MAELIG,F,2004,05,1
MAELIG,F,2004,06,5
MAELIG,F,2004,07,5
MAELIG,F,2004,08,3
MAELIG,F,2004,09,2
MAELIG,F,2004,10,9
MAELIG,F,2004,11,3
MAELIG,F,2004,12,5
MAELIG,F,2004,13,3
MAELIG,F,2004,14,4
MAELIG,F,2004,15,1
MAELIG,F,2004,16,7
MAELIG,F,2004,17,9
MAELIG,F,2004,18,4
MAELIG,F,2004,19,2
MAELIG,F,2004,21,1
MAELIG,F,2004,22,15
MAELIG,F,2004,23,6
MAELIG,F,2004,24,9
MAELIG,F,2004,25,5
MAELIG,F,2004,26,3
MAELIG,F,2004,27,5
MAELIG,F,2004,28,3
MAELIG,F,2004,29,20
MAELIG,F,2004,2A,7
MAELIG,F,2004,2B,5
MAELIG,F,2004,30,4
MAELIG,F,2004,31,8
MAELIG,F,2004,32,5
MAELIG,F,2004,33,5
MAELIG,F,2004,34,1
MAELIG,F,2004,35,25
MAELIG,F,2004,36,5
MAELIG,F,2004,37,6
MAELIG,F,2004,38,3
MAELIG,F,2004,39,1
MAELIG,F,2004,40,5
MAELIG,F,2004,41,3
MAELIG,F,2004,42,6
MAELIG,F,2004,43,6
MAELIG,F,2004,44,23
MAELIG,F,2004,45,2
MAELIG,F,2004,46,6
MAELIG,F,2004,47,4
MAELIG,F,2004,48,4
MAELIG,F,2004,50,3
MAELIG,F,2004,51,2
MAELIG,F,2004,52,6
MAELIG,F,2004,53,7
MAELIG,F,2004,54,2
MAELIG,F,2004,55,6
MAELIG,F,2004,56,18
MAELIG,F,2004,57,3
MAELIG,F,2004,59,3
MAELIG,F,2004,60,1
MAELIG,F,2004,61,4
MAELIG,F,2004,62,9
MAELIG,F,2004,63,1
MAELIG,F,2004,64,2
MAELIG,F,2004,65,3
MAELIG,F,2004,66,3
MAELIG,F,2004,67,6
MAELIG,F,2004,68,6
MAELIG,F,2004,69,5
MAELIG,F,2004,70,4
MAELIG,F,2004,71,7
MAELIG,F,2004,73,3
MAELIG,F,2004,74,8
MAELIG,F,2004,75,4
MAELIG,F,2004,76,1
MAELIG,F,2004,77,4
MAELIG,F,2004,78,6
MAELIG,F,2004,79,2
MAELIG,F,2004,80,4
MAELIG,F,2004,81,4
MAELIG,F,2004,82,3
MAELIG,F,2004,83,5
MAELIG,F,2004,84,3
MAELIG,F,2004,85,2
MAELIG,F,2004,86,3
MAELIG,F,2004,87,6
MAELIG,F,2004,88,2
MAELIG,F,2004,89,3
MAELIG,F,2004,90,6
MAELIG,F,2004,91,3
MAELIG,F,2004,92,7
MAELIG,F,2004,93,4
MAELIG,F,2004,94,6
MAELIG,F,2004,95,5
MAELIG,M,2004,01,3
MAELIG,M,2004,02,8
MAELIG,M,2004,03,2
MAELIG,M,2004,04,1
MAELIG,M,2004,05,2
MAELIG,M,2004,06,2
MAELIG,M,2004,07,1
MAELIG,M,2004,08,4
MAELIG,M,2004,09,5
MAELIG,M,2004,10,4
MAELIG,M,2004,11,4
MAELIG,M,2004,12,3
MAELIG,M,2004,13,3
MAELIG,M,2004,14,4
MAELIG,M,2004,15,3
MAELIG,M,2004,16,4
MAELIG,M,2004,17,5
MAELIG,M,2004,18,9
MAELIG,M,2004,19,6
MAELIG,M,2004,21,8
MAELIG,M,2004,22,21
MAELIG,M,2004,23,8
MAELIG,M,2004,24,4
MAELIG,M,2004,25,5
MAELIG,M,2004,26,1
MAELIG,M,2004,27,2
MAELIG,M,2004,28,3
MAELIG,M,2004,29,19
MAELIG,M,2004,2A,4
MAELIG,M,2004,2B,6
MAELIG,M,2004,30,4
MAELIG,M,2004,31,2
MAELIG,M,2004,32,5
MAELIG,M,2004,33,7
MAELIG,M,2004,34,4
MAELIG,M,2004,35,24
MAELIG,M,2004,36,1
MAELIG,M,2004,37,3
MAELIG,M,2004,38,7
MAELIG,M,2004,39,1
MAELIG,M,2004,40,6
MAELIG,M,2004,41,1
MAELIG,M,2004,42,6
MAELIG,M,2004,43,5
MAELIG,M,2004,44,24
MAELIG,M,2004,45,2
MAELIG,M,2004,46,7
MAELIG,M,2004,47,3
MAELIG,M,2004,48,5
MAELIG,M,2004,49,4
MAELIG,M,2004,50,4
MAELIG,M,2004,51,3
MAELIG,M,2004,52,3
MAELIG,M,2004,53,3
MAELIG,M,2004,54,5
MAELIG,M,2004,55,3
MAELIG,M,2004,56,28
MAELIG,M,2004,57,3
MAELIG,M,2004,58,3
MAELIG,M,2004,59,6
MAELIG,M,2004,60,1
MAELIG,M,2004,61,4
MAELIG,M,2004,62,4
MAELIG,M,2004,63,3
MAELIG,M,2004,64,4
MAELIG,M,2004,65,5
MAELIG,M,2004,66,3
MAELIG,M,2004,67,1
MAELIG,M,2004,68,3
MAELIG,M,2004,69,4
MAELIG,M,2004,70,4
MAELIG,M,2004,71,5
MAELIG,M,2004,72,2
MAELIG,M,2004,73,7
MAELIG,M,2004,74,2
MAELIG,M,2004,75,5
MAELIG,M,2004,77,2
MAELIG,M,2004,78,1
MAELIG,M,2004,79,4
MAELIG,M,2004,80,3
MAELIG,M,2004,81,6
MAELIG,M,2004,82,3
MAELIG,M,2004,83,4
MAELIG,M,2004,84,5
MAELIG,M,2004,85,7
MAELIG,M,2004,86,5
MAELIG,M,2004,87,6
MAELIG,M,2004,88,3
MAELIG,M,2004,89,3
MAELIG,M,2004,90,10
MAELIG,M,2004,91,7
MAELIG,M,2004,92,8
MAELIG,M,2004,93,4
MAELIG,M,2004,94,6
MAELIG,M,2004,95,3
LOUISE,F,2004,01,3
LOUISE,F,2004,02,4
LOUISE,F,2004,03,3
LOUISE,F,2004,04,1
LOUISE,F,2004,05,3
LOUISE,F,2004,06,2
LOUISE,F,2004,07,3
LOUISE,F,2004,08,8
LOUISE,F,2004,09,1
LOUISE,F,2004,10,4
LOUISE,F,2004,11,7
LOUISE,F,2004,12,2
LOUISE,F,2004,13,5
LOUISE,F,2004,14,3
LOUISE,F,2004,15,6
LOUISE,F,2004,16,3
LOUISE,F,2004,17,2
LOUISE,F,2004,18,4
LOUISE,F,2004,19,8
LOUISE,F,2004,21,3
LOUISE,F,2004,22,1
LOUISE,F,2004,23,1
LOUISE,F,2004,24,3
LOUISE,F,2004,25,3
LOUISE,F,2004,26,2
LOUISE,F,2004,27,4
LOUISE,F,2004,28,6
LOUISE,F,2004,29,7
LOUISE,F,2004,2A,4
LOUISE,F,2004,2B,3
LOUISE,F,2004,30,3
LOUISE,F,2004,31,2
LOUISE,F,2004,32,6
LOUISE,F,2004,33,3
LOUISE,F,2004,34,8
LOUISE,F,2004,35,5
LOUISE,F,2004,36,8
LOUISE,F,2004,37,2
LOUISE,F,2004,38,4
LOUISE,F,2004,39,5
LOUISE,F,2004,40,7
LOUISE,F,2004,41,3
LOUISE,F,2004,42,4
LOUISE,F,2004,43,10
LOUISE,F,2004,44,2
LOUISE,F,2004,45,6
LOUISE,F,2004,46,7
LOUISE,F,2004,47,3
LOUISE,F,2004,48,6
LOUISE,F,2004,49,1
LOUISE,F,2004,50,4
LOUISE,F,2004,51,6
LOUISE,F,2004,52,3
LOUISE,F,2004,53,5
LOUISE,F,2004,54,5
LOUISE,F,2004,55,2
LOUISE,F,2004,56,4
LOUISE,F,2004,57,4
LOUISE,F,2004,58,3
LOUISE,F,2004,59,8
LOUISE,F,2004,60,5
LOUISE,F,2004,61,3
LOUISE,F,2004,62,2
LOUISE,F,2004,63,3
LOUISE,F,2004,64,2
LOUISE,F,2004,65,2
LOUISE,F,2004,66,1
LOUISE,F,2004,67,7
LOUISE,F,2004,68,3
LOUISE,F,2004,69,5
LOUISE,F,2004,70,5
LOUISE,F,2004,71,5
LOUISE,F,2004,72,4
LOUISE,F,2004,73,4
LOUISE,F,2004,74,5
LOUISE,F,2004,75,1
LOUISE,F,2004,76,6
LOUISE,F,2004,77,3
LOUISE,F,2004,78,5
LOUISE,F,2004,79,3
LOUISE,F,2004,80,3
LOUISE,F,2004,81,7
LOUISE,F,2004,82,1
LOUISE,F,2004,83,7
LOUISE,F,2004,84,3
LOUISE,F,2004,85,5
LOUISE,F,2004,86,5
LOUISE,F,2004,87,9
LOUISE,F,2004,88,7
LOUISE,F,2004,89,3
LOUISE,F,2004,90,3
LOUISE,F,2004,91,7
LOUISE,F,2004,92,7
LOUISE,F,2004,93,3
LOUISE,F,2004,94,3
LOUISE,F,2004,95,4
LOUISE,M,2004,01,5
LOUISE,M,2004,02,1
LOUISE,M,2004,03,6
LOUISE,M,2004,04,2
LOUISE,M,2004,05,8
LOUISE,M,2004,06,6
LOUISE,M,2004,07,7
LOUISE,M,2004,08,4
LOUISE,M,2004,09,4
LOUISE,M,2004,10,4
LOUISE,M,2004,11,6
LOUISE,M,2004,12,6
LOUISE,M,2004,13,6
LOUISE,M,2004,14,1
LOUISE,M,2004,15,4
LOUISE,M,2004,16,4
LOUISE,M,2004,17,5
LOUISE,M,2004,18,6
LOUISE,M,2004,19,1
LOUISE,M,2004,21,1
LOUISE,M,2004,22,3
LOUISE,M,2004,23,2
LOUISE,M,2004,25,4
LOUISE,M,2004,26,6
LOUISE,M,2004,27,3
LOUISE,M,2004,28,4
LOUISE,M,2004,29,3
LOUISE,M,2004,2A,6
LOUISE,M,2004,2B,4
LOUISE,M,2004,30,3
LOUISE,M,2004,31,1
LOUISE,M,2004,32,6
LOUISE,M,2004,33,3
LOUISE,M,2004,34,6
LOUISE,M,2004,35,7
LOUISE,M,2004,36,9
LOUISE,M,2004,37,2
LOUISE,M,2004,38,4
LOUISE,M,2004,39,3
LOUISE,M,2004,40,4
LOUISE,M,2004,41,5
LOUISE,M,2004,42,6
LOUISE,M,2004,43,8
LOUISE,M,2004,44,3
LOUISE,M,2004,45,4
LOUISE,M,2004,46,8
LOUISE,M,2004,47,6
LOUISE,M,2004,48,7
LOUISE,M,2004,49,4
LOUISE,M,2004,50,8
LOUISE,M,2004,51,5
LOUISE,M,2004,52,4
LOUISE,M,2004,53,5
LOUISE,M,2004,54,4
LOUISE,M,2004,55,4
LOUISE,M,2004,56,6
LOUISE,M,2004,57,3
LOUISE,M,2004,58,3
LOUISE,M,2004,59,2
LOUISE,M,2004,60,7
LOUISE,M,2004,61,8
LOUISE,M,2004,62,5
LOUISE,M,2004,63,2
LOUISE,M,2004,64,3
LOUISE,M,2004,65,2
LOUISE,M,2004,66,4
LOUISE,M,2004,67,4
LOUISE,M,2004,68,7
LOUISE,M,2004,69,2
LOUISE,M,2004,70,4
LOUISE,M,2004,71,6
LOUISE,M,2004,72,2
LOUISE,M,2004,73,2
LOUISE,M,2004,74,5
LOUISE,M,2004,75,4
LOUISE,M,2004,76,2
LOUISE,M,2004,77,2
LOUISE,M,2004,78,6
LOUISE,M,2004,79,2
LOUISE,M,2004,80,1
LOUISE,M,2004,81,2
LOUISE,M,2004,82,3
LOUISE,M,2004,83,8
LOUISE,M,2004,84,5
LOUISE,M,2004,86,7
LOUISE,M,2004,87,3
LOUISE,M,2004,88,6
LOUISE,M,2004,89,4
LOUISE,M,2004,90,2
LOUISE,M,2004,91,2
LOUISE,M,2004,92,4
LOUISE,M,2004,93,3
LOUISE,M,2004,94,4
LOUISE,M,2004,95,5
GABRIEL,F,2004,01,4
GABRIEL,F,2004,02,4
GABRIEL,F,2004,03,2
GABRIEL,F,2004,04,5
GABRIEL,F,2004,05,5
GABRIEL,F,2004,06,6
GABRIEL,F,2004,07,4
GABRIEL,F,2004,08,3
GABRIEL,F,2004,09,3
GABRIEL,F,2004,10,3
GABRIEL,F,2004,11,6
GABRIEL,F,2004,12,5
GABRIEL,F,2004,13,8
GABRIEL,F,2004,14,5
GABRIEL,F,2004,15,7
GABRIEL,F,2004,16,5
GABRIEL,F,2004,17,6
GABRIEL,F,2004,18,4
GABRIEL,F,2004,19,2
GABRIEL,F,2004,21,1
GABRIEL,F,2004,22,6
GABRIEL,F,2004,23,6
GABRIEL,F,2004,24,4
GABRIEL,F,2004,25,5
GABRIEL,F,2004,26,5
GABRIEL,F,2004,27,2
GABRIEL,F,2004,28,2
GABRIEL,F,2004,29,2
GABRIEL,F,2004,2A,4
GABRIEL,F,2004,2B,3
GABRIEL,F,2004,30,9
GABRIEL,F,2004,31,6
GABRIEL,F,2004,32,3
GABRIEL,F,2004,33,3
GABRIEL,F,2004,34,4
GABRIEL,F,2004,35,2
GABRIEL,F,2004,36,2
GABRIEL,F,2004,37,5
GABRIEL,F,2004,38,5
GABRIEL,F,2004,39,3
GABRIEL,F,2004,40,4
GABRIEL,F,2004,41,5
GABRIEL,F,2004,42,4
GABRIEL,F,2004,43,2
GABRIEL,F,2004,44,5
GABRIEL,F,2004,45,4
GABRIEL,F,2004,46,5
GABRIEL,F,2004,47,4
GABRIEL,F,2004,48,4
GABRIEL,F,2004,49,8
GABRIEL,F,2004,50,10
GABRIEL,F,2004,51,7
GABRIEL,F,2004,52,3
GABRIEL,F,2004,53,2
GABRIEL,F,2004,54,1
GABRIEL,F,2004,55,1
GABRIEL,F,2004,56,4
GABRIEL,F,2004,57,3
GABRIEL,F,2004,58,2
GABRIEL,F,2004,59,4
GABRIEL,F,2004,60,8
GABRIEL,F,2004,61,5
GABRIEL,F,2004,62,5
GABRIEL,F,2004,63,2
GABRIEL,F,2004,64,3
GABRIEL,F,2004,65,1
GABRIEL,F,2004,66,5
GABRIEL,F,2004,67,5
GABRIEL,F,2004,68,5
GABRIEL,F,2004,69,3
GABRIEL,F,2004,70,1
GABRIEL,F,2004,71,4
GABRIEL,F,2004,72,4
GABRIEL,F,2004,73,3
GABRIEL,F,2004,74,4
GABRIEL,F,2004,75,5
GABRIEL,F,2004,76,3
GABRIEL,F,2004,77,3
GABRIEL,F,2004,78,4
GABRIEL,F,2004,79,2
GABRIEL,F,2004,80,6
GABRIEL,F,2004,81,3
GABRIEL,F,2004,82,3
GABRIEL,F,2004,83,4
GABRIEL,F,2004,84,2
GABRIEL,F,2004,85,8
GABRIEL,F,2004,86,6
GABRIEL,F,2004,87,3
GABRIEL,F,2004,88,4
GABRIEL,F,2004,89,7
GABRIEL,F,2004,90,4
GABRIEL,F,2004,91,5
GABRIEL,F,2004,93,7
GABRIEL,F,2004,94,2
GABRIEL,F,2004,95,1
GABRIEL,M,2004,01,3
GABRIEL,M,2004,02,10
GABRIEL,M,2004,03,8
GABRIEL,M,2004,04,3
GABRIEL,M,2004,05,6
GABRIEL,M,2004,06,2
GABRIEL,M,2004,07,5
GABRIEL,M,2004,08,8
GABRIEL,M,2004,09,6
GABRIEL,M,2004,10,4
GABRIEL,M,2004,11,3
GABRIEL,M,2004,12,3
GABRIEL,M,2004,13,6
GABRIEL,M,2004,14,2
GABRIEL,M,2004,15,2
GABRIEL,M,2004,16,1
GABRIEL,M,2004,18,2
GABRIEL,M,2004,19,6
GABRIEL,M,2004,21,8
GABRIEL,M,2004,22,2
GABRIEL,M,2004,23,4
GABRIEL,M,2004,24,7
GABRIEL,M,2004,25,3
GABRIEL,M,2004,26,7
GABRIEL,M,2004,27,6
GABRIEL,M,2004,28,6
GABRIEL,M,2004,29,4
GABRIEL,M,2004,2A,6
GABRIEL,M,2004,2B,4
GABRIEL,M,2004,30,3
GABRIEL,M,2004,31,5
GABRIEL,M,2004,32,4
GABRIEL,M,2004,33,4
GABRIEL,M,2004,34,4
GABRIEL,M,2004,35,4
GABRIEL,M,2004,36,1
GABRIEL,M,2004,38,5
GABRIEL,M,2004,39,6
GABRIEL,M,2004,40,3
GABRIEL,M,2004,41,4
GABRIEL,M,2004,42,2
GABRIEL,M,2004,43,3
GABRIEL,M,2004,44,3
GABRIEL,M,2004,45,4
GABRIEL,M,2004,46,1
GABRIEL,M,2004,47,5
GABRIEL,M,2004,48,1
GABRIEL,M,2004,49,2
GABRIEL,M,2004,50,1
GABRIEL,M,2004,51,1
GABRIEL,M,2004,52,5
GABRIEL,M,2004,53,3
GABRIEL,M,2004,54,8
GABRIEL,M,2004,55,3
GABRIEL,M,2004,56,3
GABRIEL,M,2004,57,4
GABRIEL,M,2004,58,5
GABRIEL,M,2004,59,7
GABRIEL,M,2004,60,3
GABRIEL,M,2004,61,3
GABRIEL,M,2004,62,7
GABRIEL,M,2004,63,6
GABRIEL,M,2004,64,5
GABRIEL,M,2004,65,2
GABRIEL,M,2004,66,9
GABRIEL,M,2004,67,4
GABRIEL,M,2004,68,2
GABRIEL,M,2004,69,9
GABRIEL,M,2004,70,4
GABRIEL,M,2004,71,4
GABRIEL,M,2004,72,2
GABRIEL,M,2004,73,5
GABRIEL,M,2004,74,5
GABRIEL,M,2004,75,1
GABRIEL,M,2004,76,6
GABRIEL,M,2004,77,3
GABRIEL,M,2004,78,7
GABRIEL,M,2004,79,1
GABRIEL,M,2004,80,7
GABRIEL,M,2004,82,3
GABRIEL,M,2004,83,3
GABRIEL,M,2004,84,8
GABRIEL,M,2004,85,1
GABRIEL,M,2004,86,3
GABRIEL,M,2004,87,5
GABRIEL,M,2004,88,4
GABRIEL,M,2004,89,1
GABRIEL,M,2004,90,1
GABRIEL,M,2004,91,3
GABRIEL,M,2004,92,5
GABRIEL,M,2004,93,3
GABRIEL,M,2004,94,5
GABRIEL,M,2004,95,4
JADE,F,2004,01,2
JADE,F,2004,02,1
JADE,F,2004,03,3
JADE,F,2004,04,7
JADE,F,2004,05,2
JADE,F,2004,06,3
JADE,F,2004,07,3
JADE,F,2004,08,9
JADE,F,2004,09,1
JADE,F,2004,10,8
JADE,F,2004,11,2
JADE,F,2004,12,2
JADE,F,2004,13,3
JADE,F,2004,14,8
JADE,F,2004,15,2
JADE,F,2004,16,3
JADE,F,2004,17,6
JADE,F,2004,18,3
JADE,F,2004,19,6
JADE,F,2004,21,5
JADE,F,2004,22,4
JADE,F,2004,23,8
JADE,F,2004,24,4
JADE,F,2004,25,2
JADE,F,2004,26,3
JADE,F,2004,27,7
JADE,F,2004,28,7
JADE,F,2004,29,5
JADE,F,2004,2A,3
JADE,F,2004,2B,2
JADE,F,2004,30,5
JADE,F,2004,31,5
JADE,F,2004,32,4
JADE,F,2004,33,4
JADE,F,2004,34,6
JADE,F,2004,35,6
JADE,F,2004,36,7
JADE,F,2004,37,1
JADE,F,2004,38,5
JADE,F,2004,39,9
JADE,F,2004,40,2
JADE,F,2004,41,1
JADE,F,2004,42,5
JADE,F,2004,43,3
JADE,F,2004,44,1
JADE,F,2004,45,3
JADE,F,2004,46,1
JADE,F,2004,47,7
JADE,F,2004,48,1
JADE,F,2004,49,2
JADE,F,2004,50,4
JADE,F,2004,51,7
JADE,F,2004,52,2
JADE,F,2004,53,3
JADE,F,2004,54,8
JADE,F,2004,55,1
JADE,F,2004,56,9
JADE,F,2004,57,5
JADE,F,2004,58,4
JADE,F,2004,59,4
JADE,F,2004,60,4
JADE,F,2004,61,6
JADE,F,2004,62,5
JADE,F,2004,63,4
JADE,F,2004,64,2
JADE,F,2004,65,7
JADE,F,2004,66,2
JADE,F,2004,67,4
JADE,F,2004,68,2
JADE,F,2004,69,4
JADE,F,2004,70,5
JADE,F,2004,71,5
JADE,F,2004,72,1
JADE,F,2004,73,3
JADE,F,2004,74,7
JADE,F,2004,75,4
JADE,F,2004,76,4
JADE,F,2004,77,3
JADE,F,2004,78,2
JADE,F,2004,79,1
JADE,F,2004,80,1
JADE,F,2004,81,3
JADE,F,2004,82,5
JADE,F,2004,83,5
JADE,F,2004,84,6
JADE,F,2004,85,4
JADE,F,2004,86,3
JADE,F,2004,87,6
JADE,F,2004,88,6
JADE,F,2004,89,3
JADE,F,2004,90,5
JADE,F,2004,91,4
JADE,F,2004,92,6
JADE,F,2004,93,3
JADE,F,2004,94,4
JADE,F,2004,95,5
JADE,M,2004,01,3
JADE,M,2004,02,5
JADE,M,2004,03,4
JADE,M,2004,04,6
JADE,M,2004,05,5
JADE,M,2004,08,7
JADE,M,2004,09,5
JADE,M,2004,10,4
JADE,M,2004,11,7
JADE,M,2004,12,5
JADE,M,2004,13,1
JADE,M,2004,14,4
JADE,M,2004,15,2
JADE,M,2004,16,2
JADE,M,2004,17,6
JADE,M,2004,18,2
JADE,M,2004,19,3
JADE,M,2004,21,5
JADE,M,2004,22,7
JADE,M,2004,23,6
JADE,M,2004,24,6
JADE,M,2004,25,2
JADE,M,2004,26,3
JADE,M,2004,27,4
JADE,M,2004,28,7
JADE,M,2004,29,6
JADE,M,2004,2A,2
JADE,M,2004,2B,6
JADE,M,2004,30,9
JADE,M,2004,31,3
JADE,M,2004,32,5
JADE,M,2004,33,2
JADE,M,2004,34,2
JADE,M,2004,35,4
JADE,M,2004,36,2
JADE,M,2004,37,2
JADE,M,2004,38,3
JADE,M,2004,39,4
JADE,M,2004,40,4
JADE,M,2004,41,2
JADE,M,2004,42,1
JADE,M,2004,43,6
JADE,M,2004,44,3
JADE,M,2004,45,5
JADE,M,2004,46,2
JADE,M,2004,48,1
JADE,M,2004,49,7
JADE,M,2004,50,7
JADE,M,2004,51,3
JADE,M,2004,52,3
JADE,M,2004,53,1
JADE,M,2004,54,1
JADE,M,2004,55,5
JADE,M,2004,56,2
JADE,M,2004,57,6
JADE,M,2004,58,3
JADE,M,2004,59,2
JADE,M,2004,60,2
JADE,M,2004,61,4
JADE,M,2004,62,2
JADE,M,2004,63,6
JADE,M,2004,64,4
JADE,M,2004,65,6
JADE,M,2004,66,4
JADE,M,2004,67,4
JADE,M,2004,68,4
JADE,M,2004,69,3
JADE,M,2004,70,6
JADE,M,2004,71,7
JADE,M,2004,72,5
JADE,M,2004,73,3
JADE,M,2004,74,4
JADE,M,2004,75,6
JADE,M,2004,76,3
JADE,M,2004,77,4
JADE,M,2004,78,3
JADE,M,2004,79,4
JADE,M,2004,80,4
JADE,M,2004,81,3
JADE,M,2004,82,1
JADE,M,2004,83,2
JADE,M,2004,84,5
JADE,M,2004,85,4
JADE,M,2004,86,4
JADE,M,2004,87,6
JADE,M,2004,88,3
JADE,M,2004,89,4
JADE,M,2004,90,5
JADE,M,2004,91,6
JADE,M,2004,92,3
JADE,M,2004,93,4
JADE,M,2004,94,2
JADE,M,2004,95,7
ARTHUR,F,2004,01,5
ARTHUR,F,2004,02,4
ARTHUR,F,2004,03,5
ARTHUR,F,2004,04,2
ARTHUR,F,2004,05,4
ARTHUR,F,2004,06,5
ARTHUR,F,2004,07,6
ARTHUR,F,2004,08,5
ARTHUR,F,2004,09,3
ARTHUR,F,2004,10,2
ARTHUR,F,2004,11,5
ARTHUR,F,2004,12,3
ARTHUR,F,2004,13,10
ARTHUR,F,2004,14,3
ARTHUR,F,2004,15,3
ARTHUR,F,2004,16,7
ARTHUR,F,2004,17,2
ARTHUR,F,2004,18,2
ARTHUR,F,2004,19,8
ARTHUR,F,2004,21,5
ARTHUR,F,2004,22,1
ARTHUR,F,2004,23,1
ARTHUR,F,2004,24,4
ARTHUR,F,2004,25,5
ARTHUR,F,2004,26,3
ARTHUR,F,2004,27,5
ARTHUR,F,2004,28,5
ARTHUR,F,2004,29,3
ARTHUR,F,2004,2A,1
ARTHUR,F,2004,2B,4
ARTHUR,F,2004,30,2
ARTHUR,F,2004,31,6
ARTHUR,F,2004,32,4
ARTHUR,F,2004,33,1
ARTHUR,F,2004,34,3
ARTHUR,F,2004,35,3
ARTHUR,F,2004,37,3
ARTHUR,F,2004,38,9
ARTHUR,F,2004,39,2
ARTHUR,F,2004,40,6
ARTHUR,F,2004,41,5
ARTHUR,F,2004,42,3
ARTHUR,F,2004,43,4
ARTHUR,F,2004,44,1
ARTHUR,F,2004,45,5
ARTHUR,F,2004,46,1
ARTHUR,F,2004,47,7
ARTHUR,F,2004,48,5
ARTHUR,F,2004,49,3
ARTHUR,F,2004,51,4
ARTHUR,F,2004,52,1
ARTHUR,F,2004,53,2
ARTHUR,F,2004,54,4
ARTHUR,F,2004,55,4
ARTHUR,F,2004,56,3
ARTHUR,F,2004,57,5
ARTHUR,F,2004,58,2
ARTHUR,F,2004,59,3
ARTHUR,F,2004,60,7
ARTHUR,F,2004,61,7
ARTHUR,F,2004,62,2
ARTHUR,F,2004,63,5
ARTHUR,F,2004,64,5
ARTHUR,F,2004,65,4
ARTHUR,F,2004,66,1
ARTHUR,F,2004,67,5
ARTHUR,F,2004,68,8
ARTHUR,F,2004,69,2
ARTHUR,F,2004,71,1
ARTHUR,F,2004,72,5
ARTHUR,F,2004,73,8
ARTHUR,F,2004,74,3
ARTHUR,F,2004,76,8
ARTHUR,F,2004,77,5
ARTHUR,F,2004,78,5
ARTHUR,F,2004,79,4
ARTHUR,F,2004,80,1
ARTHUR,F,2004,82,2
ARTHUR,F,2004,83,5
ARTHUR,F,2004,84,2
ARTHUR,F,2004,85,1
ARTHUR,F,2004,86,3
ARTHUR,F,2004,87,3
ARTHUR,F,2004,88,3
ARTHUR,F,2004,89,5
ARTHUR,F,2004,90,6
ARTHUR,F,2004,91,5
ARTHUR,F,2004,92,8
ARTHUR,F,2004,93,3
ARTHUR,F,2004,94,1
ARTHUR,F,2004,95,2
ARTHUR,M,2004,01,4
ARTHUR,M,2004,02,5
ARTHUR,M,2004,03,3
ARTHUR,M,2004,04,3
ARTHUR,M,2004,05,1
ARTHUR,M,2004,06,4
ARTHUR,M,2004,07,7
ARTHUR,M,2004,08,2
ARTHUR,M,2004,09,4
ARTHUR,M,2004,10,6
ARTHUR,M,2004,11,2
ARTHUR,M,2004,12,5
ARTHUR,M,2004,13,5
ARTHUR,M,2004,14,6
ARTHUR,M,2004,15,3
ARTHUR,M,2004,16,4
ARTHUR,M,2004,17,5
ARTHUR,M,2004,18,4
ARTHUR,M,2004,19,5
ARTHUR,M,2004,21,1
ARTHUR,M,2004,22,2
ARTHUR,M,2004,23,6
ARTHUR,M,2004,24,4
ARTHUR,M,2004,25,3
ARTHUR,M,2004,26,5
ARTHUR,M,2004,27,4
ARTHUR,M,2004,28,5
ARTHUR,M,2004,29,5
ARTHUR,M,2004,2A,2
ARTHUR,M,2004,2B,1
ARTHUR,M,2004,30,3
ARTHUR,M,2004,31,2
ARTHUR,M,2004,32,6
ARTHUR,M,2004,33,1
ARTHUR,M,2004,34,1
ARTHUR,M,2004,35,4
ARTHUR,M,2004,36,2
ARTHUR,M,2004,37,5
ARTHUR,M,2004,38,2
ARTHUR,M,2004,39,1
ARTHUR,M,2004,40,2
ARTHUR,M,2004,41,6
ARTHUR,M,2004,42,3
ARTHUR,M,2004,43,2
ARTHUR,M,2004,44,2
ARTHUR,M,2004,45,2
ARTHUR,M,2004,46,3
ARTHUR,M,2004,47,5
ARTHUR,M,2004,48,1
ARTHUR,M,2004,49,2
ARTHUR,M,2004,50,3
ARTHUR,M,2004,51,5
ARTHUR,M,2004,52,6
ARTHUR,M,2004,53,5
ARTHUR,M,2004,54,7
ARTHUR,M,2004,55,4
ARTHUR,M,2004,56,4
ARTHUR,M,2004,57,6
ARTHUR,M,2004,58,1
ARTHUR,M,2004,59,4
ARTHUR,M,2004,60,8
ARTHUR,M,2004,61,4
ARTHUR,M,2004,62,4
ARTHUR,M,2004,63,9
ARTHUR,M,2004,64,5
ARTHUR,M,2004,65,2
ARTHUR,M,2004,66,2
ARTHUR,M,2004,67,2
ARTHUR,M,2004,68,1
ARTHUR,M,2004,69,5
ARTHUR,M,2004,70,3
ARTHUR,M,2004,71,7
ARTHUR,M,2004,72,5
ARTHUR,M,2004,73,2
ARTHUR,M,2004,74,6
ARTHUR,M,2004,75,7
ARTHUR,M,2004,76,4
ARTHUR,M,2004,77,4
ARTHUR,M,2004,78,2
ARTHUR,M,2004,79,6
ARTHUR,M,2004,80,5
ARTHUR,M,2004,81,4
ARTHUR,M,2004,82,4
ARTHUR,M,2004,83,5
ARTHUR,M,2004,84,3
ARTHUR,M,2004,85,3
ARTHUR,M,2004,86,3
ARTHUR,M,2004,87,4
ARTHUR,M,2004,88,3
ARTHUR,M,2004,89,1
ARTHUR,M,2004,90,1
ARTHUR,M,2004,91,5
ARTHUR,M,2004,92,1
ARTHUR,M,2004,93,5
ARTHUR,M,2004,94,5
ARTHUR,M,2004,95,3
MAELIG,F,2005,01,4
MAELIG,F,2005,02,6
MAELIG,F,2005,03,5
MAELIG,F,2005,04,4
MAELIG,F,2005,05,2
MAELIG,F,2005,07,2
MAELIG,F,2005,08,3
MAELIG,F,2005,09,2
MAELIG,F,2005,10,4
MAELIG,F,2005,11,2
MAELIG,F,2005,12,1
MAELIG,F,2005,13,3
MAELIG,F,2005,14,2
MAELIG,F,2005,15,7
MAELIG,F,2005,16,4
MAELIG,F,2005,17,5
MAELIG,F,2005,18,4
MAELIG,F,2005,19,5
MAELIG,F,2005,21,4
MAELIG,F,2005,22,24
MAELIG,F,2005,23,7
MAELIG,F,2005,24,4
MAELIG,F,2005,25,5
MAELIG,F,2005,26,2
MAELIG,F,2005,27,4
MAELIG,F,2005,28,2
MAELIG,F,2005,29,26
MAELIG,F,2005,2A,2
MAELIG,F,2005,2B,2
MAELIG,F,2005,30,4
MAELIG,F,2005,31,4
MAELIG,F,2005,32,1
MAELIG,F,2005,33,5
MAELIG,F,2005,34,4
MAELIG,F,2005,35,18
MAELIG,F,2005,36,6
MAELIG,F,2005,37,5
MAELIG,F,2005,38,1
MAELIG,F,2005,39,7
MAELIG,F,2005,40,4
MAELIG,F,2005,41,7
MAELIG,F,2005,42,3
MAELIG,F,2005,43,4
MAELIG,F,2005,44,24
MAELIG,F,2005,45,5
MAELIG,F,2005,46,3
MAELIG,F,2005,47,1
MAELIG,F,2005,48,7
MAELIG,F,2005,49,4
MAELIG,F,2005,50,4
MAELIG,F,2005,51,3
MAELIG,F,2005,52,3
MAELIG,F,2005,53,5
MAELIG,F,2005,54,4
MAELIG,F,2005,55,6
MAELIG,F,2005,56,36
MAELIG,F,2005,57,7
MAELIG,F,2005,58,2
MAELIG,F,2005,59,4
MAELIG,F,2005,60,3
MAELIG,F,2005,61,2
MAELIG,F,2005,62,2
MAELIG,F,2005,63,4
MAELIG,F,2005,64,2
MAELIG,F,2005,65,2
MAELIG,F,2005,66,4
MAELIG,F,2005,67,3
MAELIG,F,2005,68,3
MAELIG,F,2005,69,4
MAELIG,F,2005,70,7
MAELIG,F,2005,71,7
MAELIG,F,2005,72,5
MAELIG,F,2005,73,1
MAELIG,F,2005,74,4
MAELIG,F,2005,75,2
MAELIG,F,2005,76,10
MAELIG,F,2005,77,7
MAELIG,F,2005,78,1
MAELIG,F,2005,79,2
MAELIG,F,2005,80,5
MAELIG,F,2005,81,8
MAELIG,F,2005,82,3
MAELIG,F,2005,83,5
MAELIG,F,2005,84,5
MAELIG,F,2005,85,6
MAELIG,F,2005,86,8
MAELIG,F,2005,87,6
MAELIG,F,2005,88,6
MAELIG,F,2005,89,7
MAELIG,F,2005,90,4
MAELIG,F,2005,91,5
MAELIG,F,2005,92,3
MAELIG,F,2005,93,2
MAELIG,F,2005,94,3
MAELIG,F,2005,95,5
MAELIG,M,2005,01,2
MAELIG,M,2005,02,4
MAELIG,M,2005,03,5
MAELIG,M,2005,04,1
MAELIG,M,2005,05,4
MAELIG,M,2005,06,6
MAELIG,M,2005,07,3
MAELIG,M,2005,08,3
MAELIG,M,2005,09,2
MAELIG,M,2005,10,5
MAELIG,M,2005,11,3
MAELIG,M,2005,12,2
MAELIG,M,2005,13,3
MAELIG,M,2005,14,5
MAELIG,M,2005,15,4
MAELIG,M,2005,16,5
MAELIG,M,2005,17,6
MAELIG,M,2005,18,6
MAELIG,M,2005,19,2
MAELIG,M,2005,21,2
MAELIG,M,2005,22,25
MAELIG,M,2005,23,3
MAELIG,M,2005,24,6
MAELIG,M,2005,25,7
MAELIG,M,2005,26,1
MAELIG,M,2005,27,4
MAELIG,M,2005,28,3
MAELIG,M,2005,29,20
MAELIG,M,2005,2A,3
MAELIG,M,2005,2B,8
MAELIG,M,2005,30,3
MAELIG,M,2005,31,2
MAELIG,M,2005,32,5
MAELIG,M,2005,33,4
MAELIG,M,2005,34,3
MAELIG,M,2005,35,25
MAELIG,M,2005,36,2
MAELIG,M,2005,37,2
MAELIG,M,2005,38,2
MAELIG,M,2005,39,4
MAELIG,M,2005,40,3
MAELIG,M,2005,41,4
MAELIG,M,2005,42,2
MAELIG,M,2005,43,2
MAELIG,M,2005,44,28
MAELIG,M,2005,45,5
MAELIG,M,2005,46,8
MAELIG,M,2005,47,3
MAELIG,M,2005,48,4
MAELIG,M,2005,49,4
MAELIG,M,2005,50,5
MAELIG,M,2005,51,5
MAELIG,M,2005,52,4
MAELIG,M,2005,53,3
MAELIG,M,2005,54,3
MAELIG,M,2005,55,1
MAELIG,M,2005,56,24
MAELIG,M,2005,57,5
MAELIG,M,2005,58,4
MAELIG,M,2005,59,6
MAELIG,M,2005,60,6
MAELIG,M,2005,61,2
MAELIG,M,2005,62,6
MAELIG,M,2005,63,8
MAELIG,M,2005,64,3
MAELIG,M,2005,65,5
MAELIG,M,2005,66,2
MAELIG,M,2005,67,2
MAELIG,M,2005,68,2
MAELIG,M,2005,69,4
MAELIG,M,2005,70,4
MAELIG,M,2005,71,3
MAELIG,M,2005,72,1
MAELIG,M,2005,73,2
MAELIG,M,2005,74,2
MAELIG,M,2005,75,1
MAELIG,M,2005,76,3
MAELIG,M,2005,77,9
MAELIG,M,2005,79,2
MAELIG,M,2005,80,3
MAELIG,M,2005,81,5
MAELIG,M,2005,82,2
MAELIG,M,2005,83,4
MAELIG,M,2005,84,3
MAELIG,M,2005,85,4
MAELIG,M,2005,86,5
MAELIG,M,2005,87,7
MAELIG,M,2005,88,1
MAELIG,M,2005,89,3
MAELIG,M,2005,90,1
MAELIG,M,2005,91,6
MAELIG,M,2005,92,4
MAELIG,M,2005,93,3
MAELIG,M,2005,94,2
MAELIG,M,2005,95,3
LOUISE,F,2005,01,4
LOUISE,F,2005,02,3
LOUISE,F,2005,03,2
LOUISE,F,2005,04,6
LOUISE,F,2005,06,3
LOUISE,F,2005,07,3
LOUISE,F,2005,08,4
LOUISE,F,2005,09,3
LOUISE,F,2005,10,3
LOUISE,F,2005,11,4
LOUISE,F,2005,13,6
LOUISE,F,2005,14,2
LOUISE,F,2005,15,5
LOUISE,F,2005,16,4
LOUISE,F,2005,17,6
LOUISE,F,2005,18,5
LOUISE,F,2005,19,3
LOUISE,F,2005,21,5
LOUISE,F,2005,22,4
LOUISE,F,2005,23,9
LOUISE,F,2005,24,5
LOUISE,F,2005,25,4
LOUISE,F,2005,26,3
LOUISE,F,2005,27,1
LOUISE,F,2005,28,5
LOUISE,F,2005,29,6
LOUISE,F,2005,2A,3
LOUISE,F,2005,2B,2
LOUISE,F,2005,30,3
LOUISE,F,2005,31,1
LOUISE,F,2005,32,5
LOUISE,F,2005,33,1
LOUISE,F,2005,34,5
LOUISE,F,2005,35,2
LOUISE,F,2005,36,5
LOUISE,F,2005,37,5
LOUISE,F,2005,38,2
LOUISE,F,2005,39,3
LOUISE,F,2005,40,3
LOUISE,F,2005,41,5
LOUISE,F,2005,42,7
LOUISE,F,2005,43,6
LOUISE,F,2005,44,8
LOUISE,F,2005,45,2
LOUISE,F,2005,46,2
LOUISE,F,2005,47,1
LOUISE,F,2005,48,9
LOUISE,F,2005,49,8
LOUISE,F,2005,50,2
LOUISE,F,2005,51,4
LOUISE,F,2005,52,7
LOUISE,F,2005,53,1
LOUISE,F,2005,54,4
LOUISE,F,2005,55,8
LOUISE,F,2005,57,3
LOUISE,F,2005,58,5
LOUISE,F,2005,59,4
LOUISE,F,2005,60,7
LOUISE,F,2005,61,5
LOUISE,F,2005,62,2
LOUISE,F,2005,63,4
LOUISE,F,2005,64,3
LOUISE,F,2005,65,4
LOUISE,F,2005,66,4
LOUISE,F,2005,67,6
LOUISE,F,2005,68,2
LOUISE,F,2005,69,4
LOUISE,F,2005,70,3
LOUISE,F,2005,71,8
LOUISE,F,2005,72,5
LOUISE,F,2005,73,6
LOUISE,F,2005,74,12
LOUISE,F,2005,75,5
LOUISE,F,2005,76,3
LOUISE,F,2005,77,3
LOUISE,F,2005,78,5
LOUISE,F,2005,79,1
LOUISE,F,2005,80,4
LOUISE,F,2005,81,4
LOUISE,F,2005,82,2
LOUISE,F,2005,84,5
LOUISE,F,2005,85,3
LOUISE,F,2005,86,6
LOUISE,F,2005,87,3
LOUISE,F,2005,88,2
LOUISE,F,2005,89,2
LOUISE,F,2005,90,1
LOUISE,F,2005,91,1
LOUISE,F,2005,92,1
LOUISE,F,2005,93,6
LOUISE,F,2005,94,1
LOUISE,F,2005,95,8
LOUISE,M,2005,01,7
LOUISE,M,2005,02,4
LOUISE,M,2005,03,1
LOUISE,M,2005,04,3
LOUISE,M,2005,05,3
LOUISE,M,2005,06,2
LOUISE,M,2005,07,2
LOUISE,M,2005,08,5
LOUISE,M,2005,09,3
LOUISE,M,2005,10,4
LOUISE,M,2005,12,2
LOUISE,M,2005,13,4
LOUISE,M,2005,14,2
LOUISE,M,2005,15,4
LOUISE,M,2005,16,3
LOUISE,M,2005,17,3
LOUISE,M,2005,18,6
LOUISE,M,2005,19,4
LOUISE,M,2005,21,5
LOUISE,M,2005,22,2
LOUISE,M,2005,23,5
LOUISE,M,2005,24,9
LOUISE,M,2005,25,8
LOUISE,M,2005,26,4
LOUISE,M,2005,27,2
LOUISE,M,2005,28,6
LOUISE,M,2005,29,2
LOUISE,M,2005,2A,4
LOUISE,M,2005,2B,5
LOUISE,M,2005,30,6
LOUISE,M,2005,31,3
LOUISE,M,2005,32,9
LOUISE,M,2005,33,3
LOUISE,M,2005,34,5
LOUISE,M,2005,35,2
LOUISE,M,2005,36,6
LOUISE,M,2005,37,4
LOUISE,M,2005,38,7
LOUISE,M,2005,39,2
LOUISE,M,2005,40,1
LOUISE,M,2005,41,6
LOUISE,M,2005,42,2
LOUISE,M,2005,43,6
LOUISE,M,2005,44,6
LOUISE,M,2005,45,3
LOUISE,M,2005,46,2
LOUISE,M,2005,47,1
LOUISE,M,2005,48,2
LOUISE,M,2005,49,5
LOUISE,M,2005,50,5
LOUISE,M,2005,51,4
LOUISE,M,2005,52,3
LOUISE,M,2005,53,6
LOUISE,M,2005,54,4
LOUISE,M,2005,55,3
LOUISE,M,2005,56,5
LOUISE,M,2005,57,5
LOUISE,M,2005,58,7
LOUISE,M,2005,59,7
LOUISE,M,2005,61,3
LOUISE,M,2005,62,3
LOUISE,M,2005,63,6
LOUISE,M,2005,64,6
LOUISE,M,2005,65,5
LOUISE,M,2005,66,6
LOUISE,M,2005,67,5
LOUISE,M,2005,68,3
LOUISE,M,2005,69,1
LOUISE,M,2005,70,3
LOUISE,M,2005,71,7
LOUISE,M,2005,72,4
LOUISE,M,2005,73,3
LOUISE,M,2005,74,3
LOUISE,M,2005,75,5
LOUISE,M,2005,76,9
LOUISE,M,2005,77,4
LOUISE,M,2005,78,3
LOUISE,M,2005,79,6
LOUISE,M,2005,80,2
LOUISE,M,2005,81,6
LOUISE,M,2005,82,2
LOUISE,M,2005,83,2
LOUISE,M,2005,84,4
LOUISE,M,2005,85,6
LOUISE,M,2005,86,3
LOUISE,M,2005,87,3
LOUISE,M,2005,88,7
LOUISE,M,2005,89,4
LOUISE,M,2005,90,6
LOUISE,M,2005,91,3
LOUISE,M,2005,92,9
LOUISE,M,2005,93,7
LOUISE,M,2005,94,2
LOUISE,M,2005,95,3
GABRIEL,F,2005,01,4
GABRIEL,F,2005,02,4
GABRIEL,F,2005,03,7
GABRIEL,F,2005,04,3
GABRIEL,F,2005,06,3
GABRIEL,F,2005,07,2
GABRIEL,F,2005,08,5
GABRIEL,F,2005,09,4
GABRIEL,F,2005,10,5
GABRIEL,F,2005,11,6
GABRIEL,F,2005,12,1
GABRIEL,F,2005,13,5
GABRIEL,F,2005,14,3
GABRIEL,F,2005,15,6
GABRIEL,F,2005,16,4
GABRIEL,F,2005,17,2
GABRIEL,F,2005,18,5
GABRIEL,F,2005,19,3
GABRIEL,F,2005,21,7
GABRIEL,F,2005,22,1
GABRIEL,F,2005,23,5
GABRIEL,F,2005,24,3
GABRIEL,F,2005,25,5
GABRIEL,F,2005,26,6
GABRIEL,F,2005,27,4
GABRIEL,F,2005,28,6
GABRIEL,F,2005,29,4
GABRIEL,F,2005,2B,2
GABRIEL,F,2005,30,2
GABRIEL,F,2005,31,4
GABRIEL,F,2005,32,5
GABRIEL,F,2005,33,3
GABRIEL,F,2005,34,12
GABRIEL,F,2005,35,5
GABRIEL,F,2005,36,3
GABRIEL,F,2005,37,4
GABRIEL,F,2005,38,6
GABRIEL,F,2005,39,5
GABRIEL,F,2005,40,6
GABRIEL,F,2005,41,4
GABRIEL,F,2005,42,5
GABRIEL,F,2005,43,3
GABRIEL,F,2005,44,2
GABRIEL,F,2005,45,2
GABRIEL,F,2005,46,4
GABRIEL,F,2005,47,7
GABRIEL,F,2005,48,3
GABRIEL,F,2005,49,2
GABRIEL,F,2005,50,4
GABRIEL,F,2005,52,6
GABRIEL,F,2005,53,6
GABRIEL,F,2005,54,7
GABRIEL,F,2005,55,3
GABRIEL,F,2005,56,1
GABRIEL,F,2005,57,4
GABRIEL,F,2005,58,2
GABRIEL,F,2005,59,5
GABRIEL,F,2005,60,2
GABRIEL,F,2005,61,5
GABRIEL,F,2005,62,3
GABRIEL,F,2005,64,4
GABRIEL,F,2005,65,4
GABRIEL,F,2005,66,3
GABRIEL,F,2005,67,9
GABRIEL,F,2005,68,8
GABRIEL,F,2005,69,2
GABRIEL,F,2005,70,2
GABRIEL,F,2005,71,6
GABRIEL,F,2005,72,4
GABRIEL,F,2005,73,3
GABRIEL,F,2005,74,2
GABRIEL,F,2005,75,8
GABRIEL,F,2005,76,7
GABRIEL,F,2005,77,13
GABRIEL,F,2005,78,7
GABRIEL,F,2005,79,6
GABRIEL,F,2005,80,2
GABRIEL,F,2005,81,6
GABRIEL,F,2005,82,7
GABRIEL,F,2005,83,1
GABRIEL,F,2005,84,2
GABRIEL,F,2005,85,3
GABRIEL,F,2005,86,7
GABRIEL,F,2005,87,1
GABRIEL,F,2005,88,5
GABRIEL,F,2005,89,7
GABRIEL,F,2005,90,3
GABRIEL,F,2005,91,7
GABRIEL,F,2005,92,4
GABRIEL,F,2005,93,3
GABRIEL,F,2005,94,2
GABRIEL,F,2005,95,10
GABRIEL,M,2005,01,8
GABRIEL,M,2005,02,4
GABRIEL,M,2005,03,6
GABRIEL,M,2005,04,4
GABRIEL,M,2005,05,5
GABRIEL,M,2005,06,7
GABRIEL,M,2005,07,4
GABRIEL,M,2005,08,5
GABRIEL,M,2005,09,7
GABRIEL,M,2005,10,3
GABRIEL,M,2005,11,4
GABRIEL,M,2005,12,1
GABRIEL,M,2005,13,8
GABRIEL,M,2005,14,1
GABRIEL,M,2005,15,3
GABRIEL,M,2005,16,6
GABRIEL,M,2005,17,7
GABRIEL,M,2005,18,1
GABRIEL,M,2005,19,4
GABRIEL,M,2005,21,3
GABRIEL,M,2005,22,5
GABRIEL,M,2005,23,5
GABRIEL,M,2005,24,3
GABRIEL,M,2005,25,4
GABRIEL,M,2005,26,6
GABRIEL,M,2005,27,6
GABRIEL,M,2005,28,4
GABRIEL,M,2005,29,7
GABRIEL,M,2005,2A,3
GABRIEL,M,2005,2B,3
GABRIEL,M,2005,30,5
GABRIEL,M,2005,31,6
GABRIEL,M,2005,32,5
GABRIEL,M,2005,33,6
GABRIEL,M,2005,34,3
GABRIEL,M,2005,35,5
GABRIEL,M,2005,36,7
GABRIEL,M,2005,37,2
GABRIEL,M,2005,38,4
GABRIEL,M,2005,39,3
GABRIEL,M,2005,40,5
GABRIEL,M,2005,41,6
GABRIEL,M,2005,42,2
GABRIEL,M,2005,43,5
GABRIEL,M,2005,44,5
GABRIEL,M,2005,45,4
GABRIEL,M,2005,46,7
GABRIEL,M,2005,47,4
GABRIEL,M,2005,48,3
GABRIEL,M,2005,49,2
GABRIEL,M,2005,50,5
GABRIEL,M,2005,51,1
GABRIEL,M,2005,52,4
GABRIEL,M,2005,53,4
GABRIEL,M,2005,54,4
GABRIEL,M,2005,55,2
GABRIEL,M,2005,56,6
GABRIEL,M,2005,57,2
GABRIEL,M,2005,58,2
GABRIEL,M,2005,59,5
GABRIEL,M,2005,60,4
GABRIEL,M,2005,61,2
GABRIEL,M,2005,62,1
GABRIEL,M,2005,63,3
GABRIEL,M,2005,64,5
GABRIEL,M,2005,65,4
GABRIEL,M,2005,66,2
GABRIEL,M,2005,67,2
GABRIEL,M,2005,68,6
GABRIEL,M,2005,69,7
GABRIEL,M,2005,70,6
GABRIEL,M,2005,71,1
GABRIEL,M,2005,72,3
GABRIEL,M,2005,73,6
GABRIEL,M,2005,74,1
GABRIEL,M,2005,75,4
GABRIEL,M,2005,76,4
GABRIEL,M,2005,77,1
GABRIEL,M,2005,78,8
GABRIEL,M,2005,79,3
GABRIEL,M,2005,80,6
GABRIEL,M,2005,81,2
GABRIEL,M,2005,82,6
GABRIEL,M,2005,83,5
GABRIEL,M,2005,84,3
GABRIEL,M,2005,85,6
GABRIEL,M,2005,86,2
GABRIEL,M,2005,87,7
GABRIEL,M,2005,88,4
GABRIEL,M,2005,90,8
GABRIEL,M,2005,91,2
GABRIEL,M,2005,92,2
GABRIEL,M,2005,93,2
GABRIEL,M,2005,94,7
GABRIEL,M,2005,95,6
JADE,F,2005,01,3
JADE,F,2005,02,5
JADE,F,2005,03,8
JADE,F,2005,04,10
JADE,F,2005,05,5
JADE,F,2005,06,4
JADE,F,2005,07,6
JADE,F,2005,08,5
JADE,F,2005,09,1
JADE,F,2005,10,10
JADE,F,2005,11,6
JADE,F,2005,12,5
JADE,F,2005,13,2
JADE,F,2005,14,3
JADE,F,2005,15,7
JADE,F,2005,16,4
JADE,F,2005,17,5
JADE,F,2005,18,7
JADE,F,2005,19,6
JADE,F,2005,21,4
JADE,F,2005,22,5
JADE,F,2005,23,3
JADE,F,2005,24,3
JADE,F,2005,25,8
JADE,F,2005,26,6
JADE,F,2005,27,3
JADE,F,2005,28,2
JADE,F,2005,29,4
JADE,F,2005,2A,3
JADE,F,2005,2B,1
JADE,F,2005,30,1
JADE,F,2005,31,2
JADE,F,2005,32,7
JADE,F,2005,33,4
JADE,F,2005,34,5
JADE,F,2005,35,5
JADE,F,2005,36,4
JADE,F,2005,37,7
JADE,F,2005,38,1
JADE,F,2005,39,4
JADE,F,2005,40,2
JADE,F,2005,41,1
JADE,F,2005,42,5
JADE,F,2005,43,1
JADE,F,2005,44,3
JADE,F,2005,45,3
JADE,F,2005,46,3
JADE,F,2005,47,6
JADE,F,2005,48,6
JADE,F,2005,49,2
JADE,F,2005,50,3
JADE,F,2005,51,3
JADE,F,2005,52,2
JADE,F,2005,53,4
JADE,F,2005,54,5
JADE,F,2005,55,3
JADE,F,2005,56,3
JADE,F,2005,57,6
JADE,F,2005,58,2
JADE,F,2005,59,1
JADE,F,2005,60,1
JADE,F,2005,61,7
JADE,F,2005,62,7
JADE,F,2005,63,7
JADE,F,2005,64,3
JADE,F,2005,65,11
JADE,F,2005,66,5
JADE,F,2005,67,3
JADE,F,2005,68,9
JADE,F,2005,69,5
JADE,F,2005,70,7
JADE,F,2005,71,6
JADE,F,2005,72,4
JADE,F,2005,73,3
JADE,F,2005,74,5
JADE,F,2005,75,4
JADE,F,2005,76,5
JADE,F,2005,77,3
JADE,F,2005,78,3
JADE,F,2005,79,5
JADE,F,2005,80,5
JADE,F,2005,81,3
JADE,F,2005,82,4
JADE,F,2005,83,4
JADE,F,2005,84,6
JADE,F,2005,85,2
JADE,F,2005,86,4
JADE,F,2005,87,3
JADE,F,2005,88,4
JADE,F,2005,89,2
JADE,F,2005,90,2
JADE,F,2005,91,4
JADE,F,2005,92,4
JADE,F,2005,93,4
JADE,F,2005,94,3
JADE,F,2005,95,7
JADE,M,2005,01,6
JADE,M,2005,02,5
JADE,M,2005,03,5
JADE,M,2005,04,2
JADE,M,2005,05,3
JADE,M,2005,06,3
JADE,M,2005,07,4
JADE,M,2005,08,5
JADE,M,2005,09,4
JADE,M,2005,10,3
JADE,M,2005,11,4
JADE,M,2005,12,2
JADE,M,2005,13,4
JADE,M,2005,14,5
JADE,M,2005,15,7
JADE,M,2005,16,5
JADE,M,2005,17,7
JADE,M,2005,18,4
JADE,M,2005,19,2
JADE,M,2005,21,1
JADE,M,2005,22,2
JADE,M,2005,23,3
JADE,M,2005,24,1
JADE,M,2005,25,4
JADE,M,2005,26,5
JADE,M,2005,27,5
JADE,M,2005,28,5
JADE,M,2005,29,9
JADE,M,2005,2A,4
JADE,M,2005,2B,7
JADE,M,2005,30,6
JADE,M,2005,31,5
JADE,M,2005,32,1
JADE,M,2005,33,3
JADE,M,2005,34,7
JADE,M,2005,35,8
JADE,M,2005,36,5
JADE,M,2005,37,6
JADE,M,2005,38,3
JADE,M,2005,39,3
JADE,M,2005,40,5
JADE,M,2005,41,3
JADE,M,2005,42,7
JADE,M,2005,43,4
JADE,M,2005,44,2
JADE,M,2005,45,4
JADE,M,2005,46,6
JADE,M,2005,47,6
JADE,M,2005,48,1
JADE,M,2005,49,1
JADE,M,2005,50,2
JADE,M,2005,51,5
JADE,M,2005,52,3
JADE,M,2005,53,4
JADE,M,2005,54,4
JADE,M,2005,55,5
JADE,M,2005,56,6
JADE,M,2005,57,5
JADE,M,2005,58,2
JADE,M,2005,60,7
JADE,M,2005,61,2
JADE,M,2005,62,8
JADE,M,2005,63,4
JADE,M,2005,64,9
JADE,M,2005,65,2
JADE,M,2005,66,2
JADE,M,2005,67,4
JADE,M,2005,68,5
JADE,M,2005,69,2
JADE,M,2005,70,5
JADE,M,2005,71,3
JADE,M,2005,72,4
JADE,M,2005,73,3
JADE,M,2005,74,5
JADE,M,2005,75,4
JADE,M,2005,76,4
JADE,M,2005,77,5
JADE,M,2005,78,4
JADE,M,2005,79,1
JADE,M,2005,80,5
JADE,M,2005,81,4
JADE,M,2005,82,3
JADE,M,2005,83,2
JADE,M,2005,84,3
JADE,M,2005,85,1
JADE,M,2005,86,5
JADE,M,2005,87,5
JADE,M,2005,88,2
JADE,M,2005,89,4
JADE,M,2005,90,1
JADE,M,2005,91,2
JADE,M,2005,92,3
JADE,M,2005,93,6
JADE,M,2005,94,10
JADE,M,2005,95,3
ARTHUR,F,2005,01,2
ARTHUR,F,2005,02,8
ARTHUR,F,2005,03,5
ARTHUR,F,2005,04,4
ARTHUR,F,2005,05,3
ARTHUR,F,2005,06,3
ARTHUR,F,2005,07,4
ARTHUR,F,2005,08,3
ARTHUR,F,2005,09,4
ARTHUR,F,2005,10,6
ARTHUR,F,2005,11,3
ARTHUR,F,2005,12,3
ARTHUR,F,2005,13,3
ARTHUR,F,2005,14,2
ARTHUR,F,2005,15,9
ARTHUR,F,2005,16,4
ARTHUR,F,2005,17,8
ARTHUR,F,2005,18,5
ARTHUR,F,2005,19,4
ARTHUR,F,2005,21,6
ARTHUR,F,2005,22,2
ARTHUR,F,2005,23,4
ARTHUR,F,2005,24,2
ARTHUR,F,2005,25,2
ARTHUR,F,2005,26,5
ARTHUR,F,2005,27,6
ARTHUR,F,2005,28,5
ARTHUR,F,2005,29,3
ARTHUR,F,2005,2A,2
ARTHUR,F,2005,2B,5
ARTHUR,F,2005,30,3
ARTHUR,F,2005,31,4
ARTHUR,F,2005,32,4
ARTHUR,F,2005,33,3
ARTHUR,F,2005,34,2
ARTHUR,F,2005,35,2
ARTHUR,F,2005,36,1
ARTHUR,F,2005,37,4
ARTHUR,F,2005,38,4
ARTHUR,F,2005,39,6
ARTHUR,F,2005,40,5
ARTHUR,F,2005,41,3
ARTHUR,F,2005,42,7
ARTHUR,F,2005,43,5
ARTHUR,F,2005,44,5
ARTHUR,F,2005,45,3
ARTHUR,F,2005,46,5
ARTHUR,F,2005,47,6
ARTHUR,F,2005,48,3
ARTHUR,F,2005,49,4
ARTHUR,F,2005,50,3
ARTHUR,F,2005,51,5
ARTHUR,F,2005,52,4
ARTHUR,F,2005,53,2
ARTHUR,F,2005,54,6
ARTHUR,F,2005,55,6
ARTHUR,F,2005,56,2
ARTHUR,F,2005,57,5
ARTHUR,F,2005,59,5
ARTHUR,F,2005,60,3
ARTHUR,F,2005,61,1
ARTHUR,F,2005,62,4
ARTHUR,F,2005,63,6
ARTHUR,F,2005,64,5
ARTHUR,F,2005,65,2
ARTHUR,F,2005,66,6
ARTHUR,F,2005,67,6
ARTHUR,F,2005,68,5
ARTHUR,F,2005,69,2
ARTHUR,F,2005,70,4
ARTHUR,F,2005,71,3
ARTHUR,F,2005,72,1
ARTHUR,F,2005,73,4
ARTHUR,F,2005,74,7
ARTHUR,F,2005,75,5
ARTHUR,F,2005,76,6
ARTHUR,F,2005,77,4
ARTHUR,F,2005,78,6
ARTHUR,F,2005,79,6
ARTHUR,F,2005,80,8
ARTHUR,F,2005,81,3
ARTHUR,F,2005,82,4
ARTHUR,F,2005,83,3
ARTHUR,F,2005,84,5
ARTHUR,F,2005,85,5
ARTHUR,F,2005,86,6
ARTHUR,F,2005,87,1
ARTHUR,F,2005,88,4
ARTHUR,F,2005,89,2
ARTHUR,F,2005,90,4
ARTHUR,F,2005,91,2
ARTHUR,F,2005,92,5
ARTHUR,F,2005,93,2
ARTHUR,F,2005,94,5
ARTHUR,F,2005,95,5
ARTHUR,M,2005,01,4
ARTHUR,M,2005,02,3
ARTHUR,M,2005,03,2
ARTHUR,M,2005,04,4
ARTHUR,M,2005,05,4
ARTHUR,M,2005,06,3
ARTHUR,M,2005,07,4
ARTHUR,M,2005,08,7
ARTHUR,M,2005,09,3
ARTHUR,M,2005,10,4
ARTHUR,M,2005,11,4
ARTHUR,M,2005,12,3
ARTHUR,M,2005,13,6
ARTHUR,M,2005,14,3
ARTHUR,M,2005,15,5
ARTHUR,M,2005,16,5
ARTHUR,M,2005,17,4
ARTHUR,M,2005,18,2
ARTHUR,M,2005,19,6
ARTHUR,M,2005,21,4
ARTHUR,M,2005,22,6
ARTHUR,M,2005,23,6
ARTHUR,M,2005,24,2
ARTHUR,M,2005,25,3
ARTHUR,M,2005,26,5
ARTHUR,M,2005,27,5
ARTHUR,M,2005,28,2
ARTHUR,M,2005,29,3
ARTHUR,M,2005,2A,4
ARTHUR,M,2005,2B,4
ARTHUR,M,2005,30,5
ARTHUR,M,2005,31,4
ARTHUR,M,2005,32,4
ARTHUR,M,2005,33,3
ARTHUR,M,2005,34,1
ARTHUR,M,2005,35,8
ARTHUR,M,2005,36,4
ARTHUR,M,2005,37,4
ARTHUR,M,2005,38,4
ARTHUR,M,2005,39,3
ARTHUR,M,2005,40,3
ARTHUR,M,2005,41,2
ARTHUR,M,2005,42,2
ARTHUR,M,2005,43,5
ARTHUR,M,2005,44,4
ARTHUR,M,2005,45,5
ARTHUR,M,2005,46,4
ARTHUR,M,2005,47,5
ARTHUR,M,2005,48,4
ARTHUR,M,2005,49,3
ARTHUR,M,2005,50,2
ARTHUR,M,2005,51,5
ARTHUR,M,2005,52,1
ARTHUR,M,2005,53,2
ARTHUR,M,2005,54,2
ARTHUR,M,2005,55,4
ARTHUR,M,2005,56,5
ARTHUR,M,2005,57,6
ARTHUR,M,2005,58,1
ARTHUR,M,2005,59,7
ARTHUR,M,2005,60,2
ARTHUR,M,2005,61,5
ARTHUR,M,2005,62,1
ARTHUR,M,2005,63,2
ARTHUR,M,2005,64,6
ARTHUR,M,2005,65,4
ARTHUR,M,2005,66,2
ARTHUR,M,2005,67,3
ARTHUR,M,2005,68,2
ARTHUR,M,2005,69,1
ARTHUR,M,2005,70,7
ARTHUR,M,2005,71,10
ARTHUR,M,2005,72,4
ARTHUR,M,2005,73,4
ARTHUR,M,2005,74,5
ARTHUR,M,2005,75,1
ARTHUR,M,2005,76,1
ARTHUR,M,2005,77,4
ARTHUR,M,2005,78,6
ARTHUR,M,2005,79,4
ARTHUR,M,2005,80,4
ARTHUR,M,2005,81,7
ARTHUR,M,2005,82,4
ARTHUR,M,2005,83,4
ARTHUR,M,2005,84,4
ARTHUR,M,2005,85,6
ARTHUR,M,2005,86,4
ARTHUR,M,2005,87,1
ARTHUR,M,2005,88,2
ARTHUR,M,2005,89,1
ARTHUR,M,2005,90,3
ARTHUR,M,2005,91,3
ARTHUR,M,2005,92,4
ARTHUR,M,2005,93,5
ARTHUR,M,2005,94,2
ARTHUR,M,2005,95,2
MAELIG,F,2006,01,2
MAELIG,F,2006,02,1
MAELIG,F,2006,03,6
MAELIG,F,2006,04,1
MAELIG,F,2006,05,2
MAELIG,F,2006,06,7
MAELIG,F,2006,07,6
MAELIG,F,2006,08,3
MAELIG,F,2006,09,4
MAELIG,F,2006,10,4
MAELIG,F,2006,11,2
MAELIG,F,2006,12,3
MAELIG,F,2006,13,5
MAELIG,F,2006,14,7
MAELIG,F,2006,15,5
MAELIG,F,2006,16,4
MAELIG,F,2006,17,5
MAELIG,F,2006,18,4
MAELIG,F,2006,19,6
MAELIG,F,2006,21,5
MAELIG,F,2006,22,23
MAELIG,F,2006,23,1
MAELIG,F,2006,24,5
MAELIG,F,2006,25,3
MAELIG,F,2006,26,3
MAELIG,F,2006,27,6
MAELIG,F,2006,28,3
MAELIG,F,2006,29,26
MAELIG,F,2006,2A,4
MAELIG,F,2006,2B,4
MAELIG,F,2006,30,3
MAELIG,F,2006,31,4
MAELIG,F,2006,32,5
MAELIG,F,2006,34,4
MAELIG,F,2006,35,21
MAELIG,F,2006,36,5
MAELIG,F,2006,37,5
MAELIG,F,2006,38,5
MAELIG,F,2006,39,7
MAELIG,F,2006,40,1
MAELIG,F,2006,41,4
MAELIG,F,2006,42,2
MAELIG,F,2006,43,7
MAELIG,F,2006,44,25
MAELIG,F,2006,45,2
MAELIG,F,2006,46,5
MAELIG,F,2006,47,2
MAELIG,F,2006,48,4
MAELIG,F,2006,49,3
MAELIG,F,2006,50,8
MAELIG,F,2006,51,6
MAELIG,F,2006,52,4
MAELIG,F,2006,53,4
MAELIG,F,2006,54,4
MAELIG,F,2006,55,8
MAELIG,F,2006,56,22
MAELIG,F,2006,57,3
MAELIG,F,2006,58,3
MAELIG,F,2006,59,2
MAELIG,F,2006,60,3
MAELIG,F,2006,61,5
MAELIG,F,2006,62,3
MAELIG,F,2006,63,4
MAELIG,F,2006,64,7
MAELIG,F,2006,65,4
MAELIG,F,2006,66,3
MAELIG,F,2006,67,6
MAELIG,F,2006,68,2
MAELIG,F,2006,69,3
MAELIG,F,2006,70,4
MAELIG,F,2006,71,1
MAELIG,F,2006,72,1
MAELIG,F,2006,73,2
MAELIG,F,2006,74,3
MAELIG,F,2006,75,3
MAELIG,F,2006,76,6
MAELIG,F,2006,77,6
MAELIG,F,2006,78,6
MAELIG,F,2006,79,1
MAELIG,F,2006,80,3
MAELIG,F,2006,81,4
MAELIG,F,2006,82,3
MAELIG,F,2006,83,5
MAELIG,F,2006,84,7
MAELIG,F,2006,85,3
MAELIG,F,2006,86,5
MAELIG,F,2006,87,7
MAELIG,F,2006,88,5
MAELIG,F,2006,89,10
MAELIG,F,2006,90,6
MAELIG,F,2006,91,2
MAELIG,F,2006,92,7
MAELIG,F,2006,93,6
MAELIG,F,2006,94,5
MAELIG,F,2006,95,7
MAELIG,M,2006,01,3
MAELIG,M,2006,02,5
MAELIG,M,2006,03,6
MAELIG,M,2006,04,5
MAELIG,M,2006,05,4
MAELIG,M,2006,06,7
MAELIG,M,2006,07,3
MAELIG,M,2006,08,5
MAELIG,M,2006,09,2
MAELIG,M,2006,10,5
MAELIG,M,2006,11,5
MAELIG,M,2006,12,3
MAELIG,M,2006,13,2
MAELIG,M,2006,14,5
MAELIG,M,2006,15,7
MAELIG,M,2006,16,3
MAELIG,M,2006,17,2
MAELIG,M,2006,18,7
MAELIG,M,2006,19,4
MAELIG,M,2006,21,4
MAELIG,M,2006,22,32
MAELIG,M,2006,23,6
MAELIG,M,2006,24,7
MAELIG,M,2006,25,6
MAELIG,M,2006,26,5
MAELIG,M,2006,27,6
MAELIG,M,2006,28,3
MAELIG,M,2006,29,31
MAELIG,M,2006,2A,3
MAELIG,M,2006,2B,4
MAELIG,M,2006,30,3
MAELIG,M,2006,32,3
MAELIG,M,2006,33,4
MAELIG,M,2006,34,5
MAELIG,M,2006,35,25
MAELIG,M,2006,36,7
MAELIG,M,2006,37,8
MAELIG,M,2006,38,2
MAELIG,M,2006,39,2
MAELIG,M,2006,40,12
MAELIG,M,2006,41,4
MAELIG,M,2006,42,3
MAELIG,M,2006,43,4
MAELIG,M,2006,44,26
MAELIG,M,2006,46,1
MAELIG,M,2006,47,3
MAELIG,M,2006,48,7
MAELIG,M,2006,49,8
MAELIG,M,2006,50,5
MAELIG,M,2006,51,3
MAELIG,M,2006,52,4
MAELIG,M,2006,53,2
MAELIG,M,2006,54,3
MAELIG,M,2006,55,8
MAELIG,M,2006,56,26
MAELIG,M,2006,57,3
MAELIG,M,2006,58,2
MAELIG,M,2006,59,4
MAELIG,M,2006,60,4
MAELIG,M,2006,61,4
MAELIG,M,2006,62,2
MAELIG,M,2006,63,4
MAELIG,M,2006,64,5
MAELIG,M,2006,65,6
MAELIG,M,2006,66,4
MAELIG,M,2006,67,3
MAELIG,M,2006,68,4
MAELIG,M,2006,69,6
MAELIG,M,2006,70,5
MAELIG,M,2006,72,4
MAELIG,M,2006,73,5
MAELIG,M,2006,74,3
MAELIG,M,2006,75,6
MAELIG,M,2006,76,1
MAELIG,M,2006,77,2
MAELIG,M,2006,78,6
MAELIG,M,2006,80,6
MAELIG,M,2006,81,8
MAELIG,M,2006,82,3
MAELIG,M,2006,84,2
MAELIG,M,2006,85,4
MAELIG,M,2006,86,7
MAELIG,M,2006,87,5
MAELIG,M,2006,88,1
MAELIG,M,2006,89,3
MAELIG,M,2006,90,3
MAELIG,M,2006,91,5
MAELIG,M,2006,92,4
MAELIG,M,2006,93,3
MAELIG,M,2006,94,2
MAELIG,M,2006,95,5
LOUISE,F,2006,01,3
LOUISE,F,2006,02,2
LOUISE,F,2006,03,3
LOUISE,F,2006,04,2
LOUISE,F,2006,05,4
LOUISE,F,2006,06,3
LOUISE,F,2006,07,2
LOUISE,F,2006,08,1
LOUISE,F,2006,09,3
LOUISE,F,2006,10,2
LOUISE,F,2006,11,6
LOUISE,F,2006,12,6
LOUISE,F,2006,13,3
LOUISE,F,2006,14,3
LOUISE,F,2006,15,5
LOUISE,F,2006,16,2
LOUISE,F,2006,17,4
LOUISE,F,2006,18,5
LOUISE,F,2006,19,5
LOUISE,F,2006,21,1
LOUISE,F,2006,22,5
LOUISE,F,2006,23,3
LOUISE,F,2006,24,7
LOUISE,F,2006,25,4
LOUISE,F,2006,26,5
LOUISE,F,2006,27,3
LOUISE,F,2006,29,1
LOUISE,F,2006,2A,3
LOUISE,F,2006,2B,4
LOUISE,F,2006,30,3
LOUISE,F,2006,31,2
LOUISE,F,2006,32,4
LOUISE,F,2006,33,4
LOUISE,F,2006,34,7
LOUISE,F,2006,35,7
LOUISE,F,2006,37,2
LOUISE,F,2006,38,9
LOUISE,F,2006,39,5
LOUISE,F,2006,40,5
LOUISE,F,2006,41,9
LOUISE,F,2006,42,1
LOUISE,F,2006,43,3
LOUISE,F,2006,44,3
LOUISE,F,2006,45,1
LOUISE,F,2006,46,3
LOUISE,F,2006,47,2
LOUISE,F,2006,48,4
LOUISE,F,2006,49,3
LOUISE,F,2006,50,3
LOUISE,F,2006,51,3
LOUISE,F,2006,52,6
LOUISE,F,2006,53,5
LOUISE,F,2006,54,5
LOUISE,F,2006,55,6
LOUISE,F,2006,56,4
LOUISE,F,2006,57,5
LOUISE,F,2006,58,7
LOUISE,F,2006,59,3
LOUISE,F,2006,60,4
LOUISE,F,2006,62,5
LOUISE,F,2006,63,4
LOUISE,F,2006,64,4
LOUISE,F,2006,65,6
LOUISE,F,2006,66,4
LOUISE,F,2006,67,3
LOUISE,F,2006,68,4
LOUISE,F,2006,69,4
LOUISE,F,2006,70,1
LOUISE,F,2006,71,2
LOUISE,F,2006,73,5
LOUISE,F,2006,74,5
LOUISE,F,2006,75,3
LOUISE,F,2006,76,3
LOUISE,F,2006,77,4
LOUISE,F,2006,78,5
LOUISE,F,2006,79,2
LOUISE,F,2006,80,3
LOUISE,F,2006,81,3
LOUISE,F,2006,82,10
LOUISE,F,2006,83,6
LOUISE,F,2006,84,3
LOUISE,F,2006,85,3
LOUISE,F,2006,86,3
LOUISE,F,2006,87,8
LOUISE,F,2006,88,3
LOUISE,F,2006,89,3
LOUISE,F,2006,90,10
LOUISE,F,2006,91,2
LOUISE,F,2006,92,3
LOUISE,F,2006,93,1
LOUISE,F,2006,94,6
LOUISE,F,2006,95,3
LOUISE,M,2006,01,2
LOUISE,M,2006,02,4
LOUISE,M,2006,03,2
LOUISE,M,2006,04,3
LOUISE,M,2006,05,5
LOUISE,M,2006,06,4
LOUISE,M,2006,07,6
LOUISE,M,2006,08,7
LOUISE,M,2006,09,5
LOUISE,M,2006,10,2
LOUISE,M,2006,11,3
LOUISE,M,2006,12,5
LOUISE,M,2006,13,4
LOUISE,M,2006,14,2
LOUISE,M,2006,15,4
LOUISE,M,2006,16,5
LOUISE,M,2006,17,7
LOUISE,M,2006,18,5
LOUISE,M,2006,19,2
LOUISE,M,2006,21,4
LOUISE,M,2006,22,7
LOUISE,M,2006,23,5
LOUISE,M,2006,24,10
LOUISE,M,2006,25,2
LOUISE,M,2006,26,8
LOUISE,M,2006,27,7
LOUISE,M,2006,29,2
LOUISE,M,2006,2A,5
LOUISE,M,2006,2B,6
LOUISE,M,2006,30,4
LOUISE,M,2006,31,4
LOUISE,M,2006,32,5
LOUISE,M,2006,33,4
LOUISE,M,2006,34,1
LOUISE,M,2006,35,4
LOUISE,M,2006,36,7
LOUISE,M,2006,37,1
LOUISE,M,2006,38,4
LOUISE,M,2006,39,4
LOUISE,M,2006,40,5
LOUISE,M,2006,41,7
LOUISE,M,2006,42,2
LOUISE,M,2006,43,3
LOUISE,M,2006,44,2
LOUISE,M,2006,45,8
LOUISE,M,2006,46,5
LOUISE,M,2006,47,6
LOUISE,M,2006,48,1
LOUISE,M,2006,49,4
LOUISE,M,2006,50,6
LOUISE,M,2006,51,4
LOUISE,M,2006,52,4
LOUISE,M,2006,53,2
LOUISE,M,2006,54,4
LOUISE,M,2006,55,3
LOUISE,M,2006,56,3
LOUISE,M,2006,57,3
LOUISE,M,2006,58,3
LOUISE,M,2006,59,3
LOUISE,M,2006,60,3
LOUISE,M,2006,61,5
LOUISE,M,2006,62,3
LOUISE,M,2006,63,3
LOUISE,M,2006,64,3
LOUISE,M,2006,65,2
LOUISE,M,2006,66,3
LOUISE,M,2006,67,5
LOUISE,M,2006,68,1
LOUISE,M,2006,69,4
LOUISE,M,2006,70,2
LOUISE,M,2006,71,4
LOUISE,M,2006,72,3
LOUISE,M,2006,73,4
LOUISE,M,2006,74,1
LOUISE,M,2006,75,5
LOUISE,M,2006,76,7
LOUISE,M,2006,77,8
LOUISE,M,2006,78,9
LOUISE,M,2006,79,11
LOUISE,M,2006,80,3
LOUISE,M,2006,81,6
LOUISE,M,2006,82,5
LOUISE,M,2006,83,3
LOUISE,M,2006,84,1
LOUISE,M,2006,85,6
LOUISE,M,2006,86,5
LOUISE,M,2006,87,4
LOUISE,M,2006,88,4
LOUISE,M,2006,89,6
LOUISE,M,2006,90,4
LOUISE,M,2006,91,4
LOUISE,M,2006,92,5
LOUISE,M,2006,93,3
LOUISE,M,2006,94,7
LOUISE,M,2006,95,2
GABRIEL,F,2006,01,4
GABRIEL,F,2006,02,7
GABRIEL,F,2006,03,8
GABRIEL,F,2006,04,6
GABRIEL,F,2006,05,3
GABRIEL,F,2006,06,3
GABRIEL,F,2006,07,8
GABRIEL,F,2006,08,5
GABRIEL,F,2006,09,5
GABRIEL,F,2006,10,2
GABRIEL,F,2006,11,6
GABRIEL,F,2006,12,2
GABRIEL,F,2006,13,2
GABRIEL,F,2006,14,2
GABRIEL,F,2006,15,5
GABRIEL,F,2006,16,3
GABRIEL,F,2006,17,7
GABRIEL,F,2006,18,8
GABRIEL,F,2006,19,2
GABRIEL,F,2006,21,3
GABRIEL,F,2006,22,7
GABRIEL,F,2006,23,1
GABRIEL,F,2006,24,6
GABRIEL,F,2006,25,2
GABRIEL,F,2006,26,2
GABRIEL,F,2006,27,3
GABRIEL,F,2006,28,3
GABRIEL,F,2006,29,5
GABRIEL,F,2006,2A,6
GABRIEL,F,2006,2B,4
GABRIEL,F,2006,30,4
GABRIEL,F,2006,31,5
GABRIEL,F,2006,32,4
GABRIEL,F,2006,33,5
GABRIEL,F,2006,34,7
GABRIEL,F,2006,35,4
GABRIEL,F,2006,36,3
GABRIEL,F,2006,37,1
GABRIEL,F,2006,38,6
GABRIEL,F,2006,39,1
GABRIEL,F,2006,40,3
GABRIEL,F,2006,41,5
GABRIEL,F,2006,42,2
GABRIEL,F,2006,43,4
GABRIEL,F,2006,44,3
GABRIEL,F,2006,45,1
GABRIEL,F,2006,46,4
GABRIEL,F,2006,47,3
GABRIEL,F,2006,49,1
GABRIEL,F,2006,50,2
GABRIEL,F,2006,51,3
GABRIEL,F,2006,52,2
GABRIEL,F,2006,53,5
GABRIEL,F,2006,55,4
GABRIEL,F,2006,56,8
GABRIEL,F,2006,57,2
GABRIEL,F,2006,58,7
GABRIEL,F,2006,59,4
GABRIEL,F,2006,60,3
GABRIEL,F,2006,61,1
GABRIEL,F,2006,62,1
GABRIEL,F,2006,63,10
GABRIEL,F,2006,64,4
GABRIEL,F,2006,65,1
GABRIEL,F,2006,66,6
GABRIEL,F,2006,67,4
GABRIEL,F,2006,68,2
GABRIEL,F,2006,69,4
GABRIEL,F,2006,70,4
GABRIEL,F,2006,71,6
GABRIEL,F,2006,72,3
GABRIEL,F,2006,73,5
GABRIEL,F,2006,74,6
GABRIEL,F,2006,75,2
GABRIEL,F,2006,76,6
GABRIEL,F,2006,77,6
GABRIEL,F,2006,78,2
GABRIEL,F,2006,79,3
GABRIEL,F,2006,80,3
GABRIEL,F,2006,81,3
GABRIEL,F,2006,82,6
GABRIEL,F,2006,83,3
GABRIEL,F,2006,84,9
GABRIEL,F,2006,85,6
GABRIEL,F,2006,86,3
GABRIEL,F,2006,87,3
GABRIEL,F,2006,88,4
GABRIEL,F,2006,89,7
GABRIEL,F,2006,90,2
GABRIEL,F,2006,91,5
GABRIEL,F,2006,92,2
GABRIEL,F,2006,93,4
GABRIEL,F,2006,94,7
GABRIEL,F,2006,95,6
GABRIEL,M,2006,01,5
GABRIEL,M,2006,02,5
GABRIEL,M,2006,03,3
GABRIEL,M,2006,04,3
GABRIEL,M,2006,05,3
GABRIEL,M,2006,06,1
GABRIEL,M,2006,07,5
GABRIEL,M,2006,08,7
GABRIEL,M,2006,09,3
GABRIEL,M,2006,10,6
GABRIEL,M,2006,11,3
GABRIEL,M,2006,12,4
GABRIEL,M,2006,13,8
GABRIEL,M,2006,14,3
GABRIEL,M,2006,15,7
GABRIEL,M,2006,16,3
GABRIEL,M,2006,17,5
GABRIEL,M,2006,18,6
GABRIEL,M,2006,19,8
GABRIEL,M,2006,21,7
GABRIEL,M,2006,22,6
GABRIEL,M,2006,23,3
GABRIEL,M,2006,24,5
GABRIEL,M,2006,25,6
GABRIEL,M,2006,26,4
GABRIEL,M,2006,27,1
GABRIEL,M,2006,28,3
GABRIEL,M,2006,29,4
GABRIEL,M,2006,2A,3
GABRIEL,M,2006,2B,7
GABRIEL,M,2006,30,3
GABRIEL,M,2006,31,5
GABRIEL,M,2006,32,4
GABRIEL,M,2006,33,2
GABRIEL,M,2006,34,2
GABRIEL,M,2006,35,2
GABRIEL,M,2006,36,3
GABRIEL,M,2006,37,4
GABRIEL,M,2006,38,4
GABRIEL,M,2006,39,5
GABRIEL,M,2006,40,2
GABRIEL,M,2006,41,2
GABRIEL,M,2006,42,4
GABRIEL,M,2006,43,3
GABRIEL,M,2006,44,2
GABRIEL,M,2006,45,2
GABRIEL,M,2006,46,6
GABRIEL,M,2006,47,3
GABRIEL,M,2006,48,5
GABRIEL,M,2006,49,4
GABRIEL,M,2006,50,6
GABRIEL,M,2006,51,4
GABRIEL,M,2006,52,2
GABRIEL,M,2006,53,1
GABRIEL,M,2006,54,2
GABRIEL,M,2006,55,4
GABRIEL,M,2006,56,5
GABRIEL,M,2006,57,2
GABRIEL,M,2006,58,4
GABRIEL,M,2006,59,6
GABRIEL,M,2006,60,5
GABRIEL,M,2006,61,3
GABRIEL,M,2006,62,3
GABRIEL,M,2006,63,4
GABRIEL,M,2006,64,4
GABRIEL,M,2006,65,1
GABRIEL,M,2006,66,4
GABRIEL,M,2006,67,5
GABRIEL,M,2006,68,1
GABRIEL,M,2006,69,3
GABRIEL,M,2006,70,1
GABRIEL,M,2006,71,5
GABRIEL,M,2006,72,7
GABRIEL,M,2006,73,4
GABRIEL,M,2006,74,4
GABRIEL,M,2006,75,4
GABRIEL,M,2006,76,6
GABRIEL,M,2006,77,1
GABRIEL,M,2006,78,4
GABRIEL,M,2006,79,9
GABRIEL,M,2006,80,4
GABRIEL,M,2006,81,3
GABRIEL,M,2006,82,4
GABRIEL,M,2006,83,3
GABRIEL,M,2006,84,9
GABRIEL,M,2006,85,1
GABRIEL,M,2006,86,3
GABRIEL,M,2006,87,4
GABRIEL,M,2006,88,3
GABRIEL,M,2006,89,5
GABRIEL,M,2006,90,4
GABRIEL,M,2006,91,4
GABRIEL,M,2006,92,4
GABRIEL,M,2006,93,2
GABRIEL,M,2006,94,1
GABRIEL,M,2006,95,4
JADE,F,2006,01,2
JADE,F,2006,02,5
JADE,F,2006,03,2
JADE,F,2006,04,5
JADE,F,2006,05,6
JADE,F,2006,06,6
JADE,F,2006,07,1
JADE,F,2006,08,5
JADE,F,2006,09,4
JADE,F,2006,10,3
JADE,F,2006,11,7
JADE,F,2006,12,6
JADE,F,2006,13,4
JADE,F,2006,14,1
JADE,F,2006,15,9
JADE,F,2006,16,3
JADE,F,2006,17,4
JADE,F,2006,18,1
JADE,F,2006,19,2
JADE,F,2006,21,6
JADE,F,2006,22,5
JADE,F,2006,23,4
JADE,F,2006,24,7
JADE,F,2006,25,3
JADE,F,2006,26,4
JADE,F,2006,27,6
JADE,F,2006,28,3
JADE,F,2006,29,5
JADE,F,2006,2A,4
JADE,F,2006,2B,3
JADE,F,2006,30,7
JADE,F,2006,31,3
JADE,F,2006,32,2
JADE,F,2006,33,4
JADE,F,2006,34,7
JADE,F,2006,35,1
JADE,F,2006,36,3
JADE,F,2006,37,2
JADE,F,2006,38,1
JADE,F,2006,39,4
JADE,F,2006,40,3
JADE,F,2006,41,7
JADE,F,2006,42,3
JADE,F,2006,43,6
JADE,F,2006,44,3
JADE,F,2006,45,5
JADE,F,2006,46,2
JADE,F,2006,47,2
JADE,F,2006,48,5
JADE,F,2006,49,3
JADE,F,2006,50,3
JADE,F,2006,51,6
JADE,F,2006,52,8
JADE,F,2006,53,2
JADE,F,2006,54,6
JADE,F,2006,55,3
JADE,F,2006,56,6
JADE,F,2006,57,4
JADE,F,2006,58,4
JADE,F,2006,59,5
JADE,F,2006,60,5
JADE,F,2006,61,3
JADE,F,2006,62,4
JADE,F,2006,63,5
JADE,F,2006,64,5
JADE,F,2006,65,1
JADE,F,2006,66,5
JADE,F,2006,67,3
JADE,F,2006,68,4
JADE,F,2006,69,3
JADE,F,2006,70,6
JADE,F,2006,71,2
JADE,F,2006,72,3
JADE,F,2006,73,2
JADE,F,2006,74,2
JADE,F,2006,75,3
JADE,F,2006,76,3
JADE,F,2006,77,3
JADE,F,2006,78,3
JADE,F,2006,79,4
JADE,F,2006,80,7
JADE,F,2006,81,2
JADE,F,2006,82,1
JADE,F,2006,83,11
JADE,F,2006,84,3
JADE,F,2006,85,4
JADE,F,2006,86,2
JADE,F,2006,87,1
JADE,F,2006,88,3
JADE,F,2006,89,1
JADE,F,2006,90,5
JADE,F,2006,91,6
JADE,F,2006,92,4
JADE,F,2006,93,2
JADE,F,2006,94,3
JADE,F,2006,95,3
JADE,M,2006,01,8
JADE,M,2006,02,2
JADE,M,2006,03,1
JADE,M,2006,04,4
JADE,M,2006,05,6
JADE,M,2006,06,5
JADE,M,2006,07,4
JADE,M,2006,08,1
JADE,M,2006,09,3
JADE,M,2006,10,1
JADE,M,2006,11,3
JADE,M,2006,12,3
JADE,M,2006,13,5
JADE,M,2006,14,7
JADE,M,2006,15,5
JADE,M,2006,16,7
JADE,M,2006,17,8
JADE,M,2006,18,3
JADE,M,2006,19,1
JADE,M,2006,21,4
JADE,M,2006,22,4
JADE,M,2006,23,5
JADE,M,2006,24,1
JADE,M,2006,25,1
JADE,M,2006,26,2
JADE,M,2006,27,2
JADE,M,2006,28,8
JADE,M,2006,29,5
JADE,M,2006,2A,3
JADE,M,2006,2B,6
JADE,M,2006,30,1
JADE,M,2006,31,7
JADE,M,2006,32,3
JADE,M,2006,33,4
JADE,M,2006,34,11
JADE,M,2006,35,5
JADE,M,2006,36,8
JADE,M,2006,37,1
JADE,M,2006,38,1
JADE,M,2006,39,3
JADE,M,2006,40,2
JADE,M,2006,41,5
JADE,M,2006,42,4
JADE,M,2006,43,5
JADE,M,2006,44,4
JADE,M,2006,45,3
JADE,M,2006,46,3
JADE,M,2006,47,4
JADE,M,2006,48,5
JADE,M,2006,49,1
JADE,M,2006,50,6
JADE,M,2006,51,2
JADE,M,2006,52,1
JADE,M,2006,53,7
JADE,M,2006,54,6
JADE,M,2006,55,5
JADE,M,2006,56,2
JADE,M,2006,57,4
JADE,M,2006,58,3
JADE,M,2006,59,8
JADE,M,2006,60,1
JADE,M,2006,61,5
JADE,M,2006,62,3
JADE,M,2006,63,4
JADE,M,2006,64,5
JADE,M,2006,65,7
JADE,M,2006,66,4
JADE,M,2006,67,3
JADE,M,2006,68,3
JADE,M,2006,69,1
JADE,M,2006,70,5
JADE,M,2006,71,5
JADE,M,2006,72,7
JADE,M,2006,73,5
JADE,M,2006,74,4
JADE,M,2006,75,3
JADE,M,2006,76,7
JADE,M,2006,77,4
JADE,M,2006,78,5
JADE,M,2006,79,1
JADE,M,2006,80,5
JADE,M,2006,81,6
JADE,M,2006,82,6
JADE,M,2006,83,6
JADE,M,2006,84,2
JADE,M,2006,85,5
JADE,M,2006,86,5
JADE,M,2006,87,4
JADE,M,2006,88,8
JADE,M,2006,90,3
JADE,M,2006,91,6
JADE,M,2006,92,5
JADE,M,2006,93,3
JADE,M,2006,94,3
JADE,M,2006,95,2
ARTHUR,F,2006,01,4
ARTHUR,F,2006,02,7
ARTHUR,F,2006,03,5
ARTHUR,F,2006,04,6
ARTHUR,F,2006,05,2
ARTHUR,F,2006,06,4
ARTHUR,F,2006,07,4
ARTHUR,F,2006,08,7
ARTHUR,F,2006,09,1
ARTHUR,F,2006,10,5
ARTHUR,F,2006,11,6
ARTHUR,F,2006,12,3
ARTHUR,F,2006,13,2
ARTHUR,F,2006,14,3
ARTHUR,F,2006,15,4
ARTHUR,F,2006,16,4
ARTHUR,F,2006,17,2
ARTHUR,F,2006,18,5
ARTHUR,F,2006,19,8
ARTHUR,F,2006,21,6
ARTHUR,F,2006,22,6
ARTHUR,F,2006,23,7
ARTHUR,F,2006,24,7
ARTHUR,F,2006,25,5
ARTHUR,F,2006,26,4
ARTHUR,F,2006,27,3
ARTHUR,F,2006,28,5
ARTHUR,F,2006,29,1
ARTHUR,F,2006,2A,3
ARTHUR,F,2006,30,1
ARTHUR,F,2006,31,3
ARTHUR,F,2006,32,5
ARTHUR,F,2006,33,5
ARTHUR,F,2006,34,1
ARTHUR,F,2006,35,2
ARTHUR,F,2006,36,3
ARTHUR,F,2006,37,3
ARTHUR,F,2006,38,4
ARTHUR,F,2006,39,6
ARTHUR,F,2006,40,8
ARTHUR,F,2006,41,4
ARTHUR,F,2006,42,4
ARTHUR,F,2006,43,3
ARTHUR,F,2006,44,1
ARTHUR,F,2006,45,4
ARTHUR,F,2006,46,1
ARTHUR,F,2006,47,4
ARTHUR,F,2006,48,5
ARTHUR,F,2006,49,2
ARTHUR,F,2006,50,2
ARTHUR,F,2006,51,8
ARTHUR,F,2006,52,4
ARTHUR,F,2006,53,6
ARTHUR,F,2006,54,2
ARTHUR,F,2006,55,4
ARTHUR,F,2006,56,3
ARTHUR,F,2006,57,2
ARTHUR,F,2006,58,2
ARTHUR,F,2006,59,6
ARTHUR,F,2006,60,4
ARTHUR,F,2006,61,3
ARTHUR,F,2006,62,3
ARTHUR,F,2006,63,5
ARTHUR,F,2006,64,5
ARTHUR,F,2006,65,5
ARTHUR,F,2006,66,2
ARTHUR,F,2006,67,3
ARTHUR,F,2006,68,3
ARTHUR,F,2006,69,3
ARTHUR,F,2006,70,3
ARTHUR,F,2006,71,4
ARTHUR,F,2006,72,5
ARTHUR,F,2006,74,2
ARTHUR,F,2006,75,3
ARTHUR,F,2006,76,2
ARTHUR,F,2006,77,3
ARTHUR,F,2006,78,5
ARTHUR,F,2006,79,4
ARTHUR,F,2006,80,1
ARTHUR,F,2006,81,3
ARTHUR,F,2006,82,3
ARTHUR,F,2006,83,8
ARTHUR,F,2006,84,6
ARTHUR,F,2006,85,4
ARTHUR,F,2006,86,4
ARTHUR,F,2006,87,6
ARTHUR,F,2006,88,5
ARTHUR,F,2006,89,4
ARTHUR,F,2006,90,5
ARTHUR,F,2006,91,2
ARTHUR,F,2006,92,5
ARTHUR,F,2006,94,6
ARTHUR,F,2006,95,4
ARTHUR,M,2006,01,4
ARTHUR,M,2006,02,5
ARTHUR,M,2006,03,4
ARTHUR,M,2006,04,4
ARTHUR,M,2006,05,8
ARTHUR,M,2006,06,5
ARTHUR,M,2006,07,3
ARTHUR,M,2006,08,8
ARTHUR,M,2006,09,6
ARTHUR,M,2006,10,3
ARTHUR,M,2006,11,3
ARTHUR,M,2006,12,2
ARTHUR,M,2006,13,6
ARTHUR,M,2006,14,2
ARTHUR,M,2006,15,1
ARTHUR,M,2006,16,4
ARTHUR,M,2006,17,5
ARTHUR,M,2006,18,3
ARTHUR,M,2006,19,2
ARTHUR,M,2006,21,3
ARTHUR,M,2006,22,6
ARTHUR,M,2006,23,1
ARTHUR,M,2006,24,3
ARTHUR,M,2006,25,2
ARTHUR,M,2006,26,1
ARTHUR,M,2006,27,5
ARTHUR,M,2006,28,6
ARTHUR,M,2006,29,4
ARTHUR,M,2006,2A,6
ARTHUR,M,2006,2B,2
ARTHUR,M,2006,30,4
ARTHUR,M,2006,31,8
ARTHUR,M,2006,32,4
ARTHUR,M,2006,33,2
ARTHUR,M,2006,34,1
ARTHUR,M,2006,35,1
ARTHUR,M,2006,36,3
ARTHUR,M,2006,37,1
ARTHUR,M,2006,38,7
ARTHUR,M,2006,39,3
ARTHUR,M,2006,40,5
ARTHUR,M,2006,41,3
ARTHUR,M,2006,42,3
ARTHUR,M,2006,43,2
ARTHUR,M,2006,44,2
ARTHUR,M,2006,45,5
ARTHUR,M,2006,46,8
ARTHUR,M,2006,47,3
ARTHUR,M,2006,48,5
ARTHUR,M,2006,49,2
ARTHUR,M,2006,50,5
ARTHUR,M,2006,51,2
ARTHUR,M,2006,52,3
ARTHUR,M,2006,53,3
ARTHUR,M,2006,54,5
ARTHUR,M,2006,55,5
ARTHUR,M,2006,56,7
ARTHUR,M,2006,57,5
ARTHUR,M,2006,58,8
ARTHUR,M,2006,59,2
ARTHUR,M,2006,60,3
ARTHUR,M,2006,61,5
ARTHUR,M,2006,62,2
ARTHUR,M,2006,63,6
ARTHUR,M,2006,64,9
ARTHUR,M,2006,65,6
ARTHUR,M,2006,66,3
ARTHUR,M,2006,67,3
ARTHUR,M,2006,68,4
ARTHUR,M,2006,69,5
ARTHUR,M,2006,71,3
ARTHUR,M,2006,72,3
ARTHUR,M,2006,73,7
ARTHUR,M,2006,74,2
ARTHUR,M,2006,75,3
ARTHUR,M,2006,76,4
ARTHUR,M,2006,77,6
ARTHUR,M,2006,78,2
ARTHUR,M,2006,79,6
ARTHUR,M,2006,80,2
ARTHUR,M,2006,81,9
ARTHUR,M,2006,82,3
ARTHUR,M,2006,83,6
ARTHUR,M,2006,84,3
ARTHUR,M,2006,85,3
ARTHUR,M,2006,86,9
ARTHUR,M,2006,87,6
ARTHUR,M,2006,88,4
ARTHUR,M,2006,89,4
ARTHUR,M,2006,90,1
ARTHUR,M,2006,91,8
ARTHUR,M,2006,92,8
ARTHUR,M,2006,93,6
ARTHUR,M,2006,94,2
ARTHUR,M,2006,95,6
MAELIG,F,2007,01,4
MAELIG,F,2007,02,4
MAELIG,F,2007,03,5
MAELIG,F,2007,04,4
MAELIG,F,2007,05,5
MAELIG,F,2007,06,3
MAELIG,F,2007,07,4
MAELIG,F,2007,08,10
MAELIG,F,2007,09,4
MAELIG,F,2007,10,3
MAELIG,F,2007,11,2
MAELIG,F,2007,12,1
MAELIG,F,2007,13,3
MAELIG,F,2007,14,5
MAELIG,F,2007,15,3
MAELIG,F,2007,16,2
MAELIG,F,2007,17,3
MAELIG,F,2007,18,2
MAELIG,F,2007,19,3
MAELIG,F,2007,21,4
MAELIG,F,2007,22,30
MAELIG,F,2007,23,2
MAELIG,F,2007,24,4
MAELIG,F,2007,25,6
MAELIG,F,2007,26,1
MAELIG,F,2007,27,4
MAELIG,F,2007,28,3
MAELIG,F,2007,29,22
MAELIG,F,2007,2A,2
MAELIG,F,2007,2B,3
MAELIG,F,2007,30,8
MAELIG,F,2007,31,4
MAELIG,F,2007,32,3
MAELIG,F,2007,33,4
MAELIG,F,2007,34,3
MAELIG,F,2007,35,30
MAELIG,F,2007,36,5
MAELIG,F,2007,37,5
MAELIG,F,2007,38,3
MAELIG,F,2007,39,5
MAELIG,F,2007,40,5
MAELIG,F,2007,41,7
MAELIG,F,2007,42,6
MAELIG,F,2007,43,4
MAELIG,F,2007,44,23
MAELIG,F,2007,45,6
MAELIG,F,2007,46,3
MAELIG,F,2007,47,2
MAELIG,F,2007,48,3
MAELIG,F,2007,49,6
MAELIG,F,2007,50,4
MAELIG,F,2007,51,2
MAELIG,F,2007,52,3
MAELIG,F,2007,53,3
MAELIG,F,2007,54,5
MAELIG,F,2007,55,2
MAELIG,F,2007,56,22
MAELIG,F,2007,57,4
MAELIG,F,2007,58,3
MAELIG,F,2007,59,1
MAELIG,F,2007,60,6
MAELIG,F,2007,61,5
MAELIG,F,2007,62,3
MAELIG,F,2007,63,1
MAELIG,F,2007,64,6
MAELIG,F,2007,65,3
MAELIG,F,2007,66,2
MAELIG,F,2007,67,2
MAELIG,F,2007,68,4
MAELIG,F,2007,69,2
MAELIG,F,2007,70,3
MAELIG,F,2007,71,3
MAELIG,F,2007,73,3
MAELIG,F,2007,74,4
MAELIG,F,2007,75,2
MAELIG,F,2007,76,6
MAELIG,F,2007,77,2
MAELIG,F,2007,78,7
MAELIG,F,2007,79,4
MAELIG,F,2007,80,8
MAELIG,F,2007,81,5
MAELIG,F,2007,82,3
MAELIG,F,2007,83,3
MAELIG,F,2007,84,7
MAELIG,F,2007,85,5
MAELIG,F,2007,86,5
MAELIG,F,2007,87,2
MAELIG,F,2007,88,4
MAELIG,F,2007,89,4
MAELIG,F,2007,90,1
MAELIG,F,2007,91,5
MAELIG,F,2007,92,5
MAELIG,F,2007,93,3
MAELIG,F,2007,94,6
MAELIG,F,2007,95,4
MAELIG,M,2007,01,2
MAELIG,M,2007,02,1
MAELIG,M,2007,03,2
MAELIG,M,2007,04,8
MAELIG,M,2007,05,7
MAELIG,M,2007,06,6
MAELIG,M,2007,07,5
MAELIG,M,2007,08,3
MAELIG,M,2007,09,1
MAELIG,M,2007,10,4
MAELIG,M,2007,12,6
MAELIG,M,2007,13,3
MAELIG,M,2007,14,3
MAELIG,M,2007,15,2
MAELIG,M,2007,16,4
MAELIG,M,2007,17,10
MAELIG,M,2007,18,4
MAELIG,M,2007,19,2
MAELIG,M,2007,21,2
MAELIG,M,2007,22,24
MAELIG,M,2007,23,6
MAELIG,M,2007,24,7
MAELIG,M,2007,25,6
MAELIG,M,2007,26,5
MAELIG,M,2007,27,1
MAELIG,M,2007,28,2
MAELIG,M,2007,29,28
MAELIG,M,2007,2A,4
MAELIG,M,2007,2B,5
MAELIG,M,2007,30,3
MAELIG,M,2007,31,7
MAELIG,M,2007,32,6
MAELIG,M,2007,33,4
MAELIG,M,2007,34,4
MAELIG,M,2007,35,19
MAELIG,M,2007,36,4
MAELIG,M,2007,37,4
MAELIG,M,2007,38,6
MAELIG,M,2007,39,2
MAELIG,M,2007,40,2
MAELIG,M,2007,41,2
MAELIG,M,2007,42,7
MAELIG,M,2007,43,4
MAELIG,M,2007,44,24
MAELIG,M,2007,45,6
MAELIG,M,2007,46,3
MAELIG,M,2007,47,4
MAELIG,M,2007,48,5
MAELIG,M,2007,49,1
MAELIG,M,2007,50,3
MAELIG,M,2007,51,5
MAELIG,M,2007,52,5
MAELIG,M,2007,53,4
MAELIG,M,2007,54,5
MAELIG,M,2007,55,6
MAELIG,M,2007,56,24
MAELIG,M,2007,58,8
MAELIG,M,2007,59,3
MAELIG,M,2007,60,2
MAELIG,M,2007,62,5
MAELIG,M,2007,63,5
MAELIG,M,2007,64,2
MAELIG,M,2007,65,4
MAELIG,M,2007,66,4
MAELIG,M,2007,67,5
MAELIG,M,2007,68,5
MAELIG,M,2007,69,3
MAELIG,M,2007,70,3
MAELIG,M,2007,71,1
MAELIG,M,2007,72,2
MAELIG,M,2007,73,1
MAELIG,M,2007,74,4
MAELIG,M,2007,75,3
MAELIG,M,2007,77,4
MAELIG,M,2007,78,5
MAELIG,M,2007,79,5
MAELIG,M,2007,80,2
MAELIG,M,2007,81,5
MAELIG,M,2007,82,5
MAELIG,M,2007,83,2
MAELIG,M,2007,84,3
MAELIG,M,2007,85,6
MAELIG,M,2007,86,2
MAELIG,M,2007,87,5
MAELIG,M,2007,88,3
MAELIG,M,2007,89,3
MAELIG,M,2007,90,4
MAELIG,M,2007,91,5
MAELIG,M,2007,92,5
MAELIG,M,2007,93,3
MAELIG,M,2007,94,2
MAELIG,M,2007,95,7
LOUISE,F,2007,01,1
LOUISE,F,2007,02,1
LOUISE,F,2007,03,3
LOUISE,F,2007,04,6
LOUISE,F,2007,05,7
LOUISE,F,2007,06,5
LOUISE,F,2007,07,3
LOUISE,F,2007,08,3
LOUISE,F,2007,09,1
LOUISE,F,2007,10,7
LOUISE,F,2007,11,7
LOUISE,F,2007,12,8
LOUISE,F,2007,13,6
LOUISE,F,2007,14,5
LOUISE,F,2007,15,7
LOUISE,F,2007,16,1
LOUISE,F,2007,17,3
LOUISE,F,2007,18,2
LOUISE,F,2007,19,4
LOUISE,F,2007,21,4
LOUISE,F,2007,22,2
LOUISE,F,2007,23,1
LOUISE,F,2007,24,4
LOUISE,F,2007,25,4
LOUISE,F,2007,26,6
LOUISE,F,2007,27,5
LOUISE,F,2007,28,2
LOUISE,F,2007,29,2
LOUISE,F,2007,2A,2
LOUISE,F,2007,2B,6
LOUISE,F,2007,30,4
LOUISE,F,2007,31,5
LOUISE,F,2007,32,6
LOUISE,F,2007,33,3
LOUISE,F,2007,34,5
LOUISE,F,2007,35,2
LOUISE,F,2007,36,4
LOUISE,F,2007,37,2
LOUISE,F,2007,38,3
LOUISE,F,2007,39,3
LOUISE,F,2007,40,3
LOUISE,F,2007,41,4
LOUISE,F,2007,42,3
LOUISE,F,2007,43,6
LOUISE,F,2007,44,6
LOUISE,F,2007,45,2
LOUISE,F,2007,46,4
LOUISE,F,2007,47,3
LOUISE,F,2007,48,5
LOUISE,F,2007,49,4
LOUISE,F,2007,50,7
LOUISE,F,2007,51,5
LOUISE,F,2007,52,6
LOUISE,F,2007,53,2
LOUISE,F,2007,54,5
LOUISE,F,2007,55,2
LOUISE,F,2007,56,5
LOUISE,F,2007,57,1
LOUISE,F,2007,58,3
LOUISE,F,2007,59,8
LOUISE,F,2007,60,5
LOUISE,F,2007,61,5
LOUISE,F,2007,62,4
LOUISE,F,2007,63,5
LOUISE,F,2007,64,3
LOUISE,F,2007,65,1
LOUISE,F,2007,66,2
LOUISE,F,2007,67,3
LOUISE,F,2007,68,5
LOUISE,F,2007,69,7
LOUISE,F,2007,70,4
LOUISE,F,2007,71,5
LOUISE,F,2007,72,7
LOUISE,F,2007,73,3
LOUISE,F,2007,74,4
LOUISE,F,2007,75,3
LOUISE,F,2007,76,6
LOUISE,F,2007,77,3
LOUISE,F,2007,78,2
LOUISE,F,2007,79,4
LOUISE,F,2007,80,3
LOUISE,F,2007,81,5
LOUISE,F,2007,82,4
LOUISE,F,2007,83,6
LOUISE,F,2007,84,4
LOUISE,F,2007,85,5
LOUISE,F,2007,86,5
LOUISE,F,2007,87,4
LOUISE,F,2007,88,4
LOUISE,F,2007,89,4
LOUISE,F,2007,90,3
LOUISE,F,2007,91,4
LOUISE,F,2007,92,4
LOUISE,F,2007,93,3
LOUISE,F,2007,94,7
LOUISE,F,2007,95,1
LOUISE,M,2007,01,2
LOUISE,M,2007,02,3
LOUISE,M,2007,03,1
LOUISE,M,2007,04,3
LOUISE,M,2007,05,4
LOUISE,M,2007,06,5
LOUISE,M,2007,07,2
LOUISE,M,2007,08,1
LOUISE,M,2007,09,7
LOUISE,M,2007,10,2
LOUISE,M,2007,11,3
LOUISE,M,2007,12,3
LOUISE,M,2007,13,4
LOUISE,M,2007,14,4
LOUISE,M,2007,15,4
LOUISE,M,2007,16,2
LOUISE,M,2007,17,2
LOUISE,M,2007,18,2
LOUISE,M,2007,19,3
LOUISE,M,2007,21,3
LOUISE,M,2007,22,6
LOUISE,M,2007,23,6
LOUISE,M,2007,24,3
LOUISE,M,2007,25,3
LOUISE,M,2007,26,4
LOUISE,M,2007,27,5
LOUISE,M,2007,28,5
LOUISE,M,2007,29,3
LOUISE,M,2007,2A,2
LOUISE,M,2007,2B,5
LOUISE,M,2007,30,2
LOUISE,M,2007,31,6
LOUISE,M,2007,32,5
LOUISE,M,2007,33,3
LOUISE,M,2007,34,4
LOUISE,M,2007,35,2
LOUISE,M,2007,36,6
LOUISE,M,2007,37,3
LOUISE,M,2007,38,1
LOUISE,M,2007,39,6
LOUISE,M,2007,40,3
LOUISE,M,2007,41,4
LOUISE,M,2007,42,3
LOUISE,M,2007,43,5
LOUISE,M,2007,44,5
LOUISE,M,2007,45,2
LOUISE,M,2007,46,1
LOUISE,M,2007,47,6
LOUISE,M,2007,48,4
LOUISE,M,2007,49,4
LOUISE,M,2007,50,3
LOUISE,M,2007,51,7
LOUISE,M,2007,52,6
LOUISE,M,2007,53,5
LOUISE,M,2007,54,3
LOUISE,M,2007,55,4
LOUISE,M,2007,56,2
LOUISE,M,2007,57,2
LOUISE,M,2007,58,2
LOUISE,M,2007,59,5
LOUISE,M,2007,60,5
LOUISE,M,2007,61,5
LOUISE,M,2007,62,4
LOUISE,M,2007,63,5
LOUISE,M,2007,64,5
LOUISE,M,2007,65,4
LOUISE,M,2007,66,2
LOUISE,M,2007,67,3
LOUISE,M,2007,68,3
LOUISE,M,2007,69,7
LOUISE,M,2007,70,8
LOUISE,M,2007,71,5
LOUISE,M,2007,72,9
LOUISE,M,2007,73,3
LOUISE,M,2007,74,8
LOUISE,M,2007,75,2
LOUISE,M,2007,76,3
LOUISE,M,2007,77,5
LOUISE,M,2007,78,6
LOUISE,M,2007,79,1
LOUISE,M,2007,80,7
LOUISE,M,2007,81,4
LOUISE,M,2007,82,6
LOUISE,M,2007,83,2
LOUISE,M,2007,84,5
LOUISE,M,2007,85,7
LOUISE,M,2007,86,5
LOUISE,M,2007,88,7
LOUISE,M,2007,89,4
LOUISE,M,2007,90,4
LOUISE,M,2007,91,7
LOUISE,M,2007,92,3
LOUISE,M,2007,93,3
LOUISE,M,2007,94,6
LOUISE,M,2007,95,2
GABRIEL,F,2007,01,4
GABRIEL,F,2007,02,6
GABRIEL,F,2007,03,3
GABRIEL,F,2007,04,3
GABRIEL,F,2007,05,3
GABRIEL,F,2007,06,1
GABRIEL,F,2007,07,2
GABRIEL,F,2007,08,2
GABRIEL,F,2007,09,4
GABRIEL,F,2007,10,4
GABRIEL,F,2007,11,4
GABRIEL,F,2007,12,4
GABRIEL,F,2007,13,3
GABRIEL,F,2007,14,4
GABRIEL,F,2007,15,6
GABRIEL,F,2007,16,8
GABRIEL,F,2007,17,3
GABRIEL,F,2007,18,2
GABRIEL,F,2007,19,3
GABRIEL,F,2007,21,2
GABRIEL,F,2007,22,8
GABRIEL,F,2007,23,8
GABRIEL,F,2007,24,5
GABRIEL,F,2007,25,4
GABRIEL,F,2007,26,2
GABRIEL,F,2007,27,2
GABRIEL,F,2007,28,5
GABRIEL,F,2007,29,7
GABRIEL,F,2007,2A,5
GABRIEL,F,2007,2B,7
GABRIEL,F,2007,30,1
GABRIEL,F,2007,31,4
GABRIEL,F,2007,32,3
GABRIEL,F,2007,33,7
GABRIEL,F,2007,34,3
GABRIEL,F,2007,35,4
GABRIEL,F,2007,36,6
GABRIEL,F,2007,37,3
GABRIEL,F,2007,38,5
GABRIEL,F,2007,39,4
GABRIEL,F,2007,40,5
GABRIEL,F,2007,41,2
GABRIEL,F,2007,42,5
GABRIEL,F,2007,43,9
GABRIEL,F,2007,44,2
GABRIEL,F,2007,45,2
GABRIEL,F,2007,46,5
GABRIEL,F,2007,47,1
GABRIEL,F,2007,48,6
GABRIEL,F,2007,49,6
GABRIEL,F,2007,50,5
GABRIEL,F,2007,51,3
GABRIEL,F,2007,52,8
GABRIEL,F,2007,53,1
GABRIEL,F,2007,55,1
GABRIEL,F,2007,56,7
GABRIEL,F,2007,57,2
GABRIEL,F,2007,58,5
GABRIEL,F,2007,59,5
GABRIEL,F,2007,60,2
GABRIEL,F,2007,61,3
GABRIEL,F,2007,62,2
GABRIEL,F,2007,63,5
GABRIEL,F,2007,64,7
GABRIEL,F,2007,65,4
GABRIEL,F,2007,66,5
GABRIEL,F,2007,67,2
GABRIEL,F,2007,68,4
GABRIEL,F,2007,69,3
GABRIEL,F,2007,70,5
GABRIEL,F,2007,71,6
GABRIEL,F,2007,72,2
GABRIEL,F,2007,73,4
GABRIEL,F,2007,74,3
GABRIEL,F,2007,75,6
GABRIEL,F,2007,76,2
GABRIEL,F,2007,77,7
GABRIEL,F,2007,78,3
GABRIEL,F,2007,79,4
GABRIEL,F,2007,80,3
GABRIEL,F,2007,82,4
GABRIEL,F,2007,83,6
GABRIEL,F,2007,84,3
GABRIEL,F,2007,85,8
GABRIEL,F,2007,87,7
GABRIEL,F,2007,88,1
GABRIEL,F,2007,89,6
GABRIEL,F,2007,90,4
GABRIEL,F,2007,91,5
GABRIEL,F,2007,92,4
GABRIEL,F,2007,93,4
GABRIEL,F,2007,94,3
GABRIEL,F,2007,95,8
GABRIEL,M,2007,01,1
GABRIEL,M,2007,02,5
GABRIEL,M,2007,03,2
GABRIEL,M,2007,04,3
GABRIEL,M,2007,05,7
GABRIEL,M,2007,06,3
GABRIEL,M,2007,07,6
GABRIEL,M,2007,08,3
GABRIEL,M,2007,09,3
GABRIEL,M,2007,10,4
GABRIEL,M,2007,11,5
GABRIEL,M,2007,12,4
GABRIEL,M,2007,13,7
GABRIEL,M,2007,14,3
GABRIEL,M,2007,15,3
GABRIEL,M,2007,16,8
GABRIEL,M,2007,17,1
GABRIEL,M,2007,18,4
GABRIEL,M,2007,19,4
GABRIEL,M,2007,21,3
GABRIEL,M,2007,22,6
GABRIEL,M,2007,23,5
GABRIEL,M,2007,24,2
GABRIEL,M,2007,25,6
GABRIEL,M,2007,26,5
GABRIEL,M,2007,27,3
GABRIEL,M,2007,28,4
GABRIEL,M,2007,29,7
GABRIEL,M,2007,2A,4
GABRIEL,M,2007,2B,3
GABRIEL,M,2007,30,3
GABRIEL,M,2007,32,5
GABRIEL,M,2007,33,4
GABRIEL,M,2007,34,6
GABRIEL,M,2007,35,1
GABRIEL,M,2007,36,6
GABRIEL,M,2007,37,4
GABRIEL,M,2007,38,11
GABRIEL,M,2007,39,6
GABRIEL,M,2007,40,2
GABRIEL,M,2007,41,7
GABRIEL,M,2007,42,4
GABRIEL,M,2007,43,2
GABRIEL,M,2007,44,3
GABRIEL,M,2007,45,2
GABRIEL,M,2007,47,4
GABRIEL,M,2007,48,5
GABRIEL,M,2007,49,5
GABRIEL,M,2007,50,4
GABRIEL,M,2007,51,5
GABRIEL,M,2007,52,2
GABRIEL,M,2007,53,2
GABRIEL,M,2007,54,5
GABRIEL,M,2007,55,4
GABRIEL,M,2007,56,5
GABRIEL,M,2007,57,4
GABRIEL,M,2007,58,2
GABRIEL,M,2007,59,3
GABRIEL,M,2007,60,3
GABRIEL,M,2007,61,4
GABRIEL,M,2007,62,1
GABRIEL,M,2007,63,3
GABRIEL,M,2007,64,7
GABRIEL,M,2007,65,3
GABRIEL,M,2007,66,6
GABRIEL,M,2007,67,3
GABRIEL,M,2007,68,4
GABRIEL,M,2007,69,6
GABRIEL,M,2007,70,8
GABRIEL,M,2007,71,1
GABRIEL,M,2007,72,5
GABRIEL,M,2007,73,4
GABRIEL,M,2007,74,6
GABRIEL,M,2007,75,4
GABRIEL,M,2007,76,3
GABRIEL,M,2007,77,4
GABRIEL,M,2007,78,2
GABRIEL,M,2007,79,6
GABRIEL,M,2007,80,3
GABRIEL,M,2007,81,2
GABRIEL,M,2007,82,3
GABRIEL,M,2007,83,3
GABRIEL,M,2007,84,4
GABRIEL,M,2007,85,6
GABRIEL,M,2007,86,4
GABRIEL,M,2007,87,2
GABRIEL,M,2007,88,5
GABRIEL,M,2007,89,9
GABRIEL,M,2007,90,3
GABRIEL,M,2007,91,7
GABRIEL,M,2007,92,3
GABRIEL,M,2007,93,7
GABRIEL,M,2007,94,6
GABRIEL,M,2007,95,5
JADE,F,2007,02,5
JADE,F,2007,03,7
JADE,F,2007,04,4
JADE,F,2007,05,7
JADE,F,2007,06,4
JADE,F,2007,07,8
JADE,F,2007,08,4
JADE,F,2007,09,3
JADE,F,2007,10,4
JADE,F,2007,11,4
JADE,F,2007,12,7
JADE,F,2007,13,4
JADE,F,2007,14,3
JADE,F,2007,15,3
JADE,F,2007,16,4
JADE,F,2007,17,2
JADE,F,2007,18,5
JADE,F,2007,19,1
JADE,F,2007,21,3
JADE,F,2007,22,4
JADE,F,2007,23,6
JADE,F,2007,24,1
JADE,F,2007,25,6
JADE,F,2007,26,7
JADE,F,2007,27,10
JADE,F,2007,28,4
JADE,F,2007,29,6
JADE,F,2007,2A,5
JADE,F,2007,2B,4
JADE,F,2007,30,6
JADE,F,2007,31,4
JADE,F,2007,32,2
JADE,F,2007,33,2
JADE,F,2007,34,2
JADE,F,2007,35,1
JADE,F,2007,36,6
JADE,F,2007,37,3
JADE,F,2007,38,4
JADE,F,2007,39,3
JADE,F,2007,40,3
JADE,F,2007,41,5
JADE,F,2007,42,2
JADE,F,2007,43,2
JADE,F,2007,44,7
JADE,F,2007,45,4
JADE,F,2007,46,6
JADE,F,2007,47,2
JADE,F,2007,48,2
JADE,F,2007,49,6
JADE,F,2007,50,3
JADE,F,2007,51,5
JADE,F,2007,52,9
JADE,F,2007,53,4
JADE,F,2007,54,3
JADE,F,2007,55,2
JADE,F,2007,56,4
JADE,F,2007,57,4
JADE,F,2007,58,6
JADE,F,2007,59,6
JADE,F,2007,60,4
JADE,F,2007,61,2
JADE,F,2007,62,2
JADE,F,2007,63,8
JADE,F,2007,64,4
JADE,F,2007,65,1
JADE,F,2007,66,4
JADE,F,2007,67,5
JADE,F,2007,68,5
JADE,F,2007,69,3
JADE,F,2007,70,2
JADE,F,2007,71,6
JADE,F,2007,72,4
JADE,F,2007,73,4
JADE,F,2007,74,3
JADE,F,2007,75,3
JADE,F,2007,77,5
JADE,F,2007,79,12
JADE,F,2007,80,7
JADE,F,2007,81,1
JADE,F,2007,82,7
JADE,F,2007,83,2
JADE,F,2007,84,2
JADE,F,2007,85,1
JADE,F,2007,86,6
JADE,F,2007,87,4
JADE,F,2007,88,3
JADE,F,2007,89,4
JADE,F,2007,90,5
JADE,F,2007,91,6
JADE,F,2007,92,4
JADE,F,2007,93,3
JADE,F,2007,94,1
JADE,M,2007,01,9
JADE,M,2007,02,6
JADE,M,2007,03,5
JADE,M,2007,04,4
JADE,M,2007,05,6
JADE,M,2007,06,3
JADE,M,2007,07,3
JADE,M,2007,08,7
JADE,M,2007,09,3
JADE,M,2007,10,6
JADE,M,2007,11,3
JADE,M,2007,12,6
JADE,M,2007,13,4
JADE,M,2007,14,5
JADE,M,2007,15,6
JADE,M,2007,16,4
JADE,M,2007,17,3
JADE,M,2007,18,4
JADE,M,2007,21,2
JADE,M,2007,22,2
JADE,M,2007,23,5
JADE,M,2007,24,2
JADE,M,2007,25,3
JADE,M,2007,26,3
JADE,M,2007,27,1
JADE,M,2007,28,4
JADE,M,2007,29,8
JADE,M,2007,2A,12
JADE,M,2007,2B,5
JADE,M,2007,30,8
JADE,M,2007,31,6
JADE,M,2007,32,4
JADE,M,2007,33,5
JADE,M,2007,34,1
JADE,M,2007,35,2
JADE,M,2007,36,7
JADE,M,2007,37,4
JADE,M,2007,38,7
JADE,M,2007,39,4
JADE,M,2007,40,6
JADE,M,2007,41,5
JADE,M,2007,42,5
JADE,M,2007,43,5
JADE,M,2007,44,6
JADE,M,2007,45,3
JADE,M,2007,46,2
JADE,M,2007,47,3
JADE,M,2007,48,4
JADE,M,2007,49,9
JADE,M,2007,50,3
JADE,M,2007,51,5
JADE,M,2007,52,2
JADE,M,2007,53,2
JADE,M,2007,54,4
JADE,M,2007,56,8
JADE,M,2007,57,5
JADE,M,2007,58,2
JADE,M,2007,59,3
JADE,M,2007,60,2
JADE,M,2007,61,3
JADE,M,2007,62,5
JADE,M,2007,63,3
JADE,M,2007,64,7
JADE,M,2007,65,3
JADE,M,2007,66,3
JADE,M,2007,67,5
JADE,M,2007,68,4
JADE,M,2007,69,3
JADE,M,2007,70,5
JADE,M,2007,71,4
JADE,M,2007,72,2
JADE,M,2007,73,3
JADE,M,2007,75,5
JADE,M,2007,76,5
JADE,M,2007,77,6
JADE,M,2007,78,6
JADE,M,2007,79,1
JADE,M,2007,80,7
JADE,M,2007,81,2
JADE,M,2007,82,6
JADE,M,2007,83,1
JADE,M,2007,84,3
JADE,M,2007,85,4
JADE,M,2007,86,4
JADE,M,2007,87,6
JADE,M,2007,88,1
JADE,M,2007,89,1
JADE,M,2007,90,3
JADE,M,2007,91,1
JADE,M,2007,92,2
JADE,M,2007,93,4
JADE,M,2007,94,4
JADE,M,2007,95,6
ARTHUR,F,2007,01,5
ARTHUR,F,2007,02,5
ARTHUR,F,2007,03,7
ARTHUR,F,2007,04,2
ARTHUR,F,2007,05,2
ARTHUR,F,2007,06,2
ARTHUR,F,2007,07,4
ARTHUR,F,2007,08,3
ARTHUR,F,2007,10,6
ARTHUR,F,2007,11,1
ARTHUR,F,2007,12,5
ARTHUR,F,2007,13,4
ARTHUR,F,2007,14,7
ARTHUR,F,2007,16,5
ARTHUR,F,2007,17,5
ARTHUR,F,2007,18,2
ARTHUR,F,2007,19,3
ARTHUR,F,2007,21,4
ARTHUR,F,2007,22,5
ARTHUR,F,2007,23,10
ARTHUR,F,2007,24,5
ARTHUR,F,2007,25,8
ARTHUR,F,2007,26,3
ARTHUR,F,2007,27,1
ARTHUR,F,2007,28,4
ARTHUR,F,2007,29,2
ARTHUR,F,2007,2A,5
ARTHUR,F,2007,2B,4
ARTHUR,F,2007,30,2
ARTHUR,F,2007,31,5
ARTHUR,F,2007,32,2
ARTHUR,F,2007,33,8
ARTHUR,F,2007,34,4
ARTHUR,F,2007,35,2
ARTHUR,F,2007,36,6
ARTHUR,F,2007,37,4
ARTHUR,F,2007,38,6
ARTHUR,F,2007,39,4
ARTHUR,F,2007,40,2
ARTHUR,F,2007,41,4
ARTHUR,F,2007,42,2
ARTHUR,F,2007,43,7
ARTHUR,F,2007,44,4
ARTHUR,F,2007,45,5
ARTHUR,F,2007,46,5
ARTHUR,F,2007,47,6
ARTHUR,F,2007,48,3
ARTHUR,F,2007,49,4
ARTHUR,F,2007,50,4
ARTHUR,F,2007,51,2
ARTHUR,F,2007,52,3
ARTHUR,F,2007,53,2
ARTHUR,F,2007,54,5
ARTHUR,F,2007,55,2
ARTHUR,F,2007,56,4
ARTHUR,F,2007,57,4
ARTHUR,F,2007,58,4
ARTHUR,F,2007,59,3
ARTHUR,F,2007,60,4
ARTHUR,F,2007,61,4
ARTHUR,F,2007,62,3
ARTHUR,F,2007,63,3
ARTHUR,F,2007,64,6
ARTHUR,F,2007,65,6
ARTHUR,F,2007,66,3
ARTHUR,F,2007,67,2
ARTHUR,F,2007,68,1
ARTHUR,F,2007,69,3
ARTHUR,F,2007,70,5
ARTHUR,F,2007,71,4
ARTHUR,F,2007,72,10
ARTHUR,F,2007,73,1
ARTHUR,F,2007,74,8
ARTHUR,F,2007,75,2
ARTHUR,F,2007,76,6
ARTHUR,F,2007,77,4
ARTHUR,F,2007,78,1
ARTHUR,F,2007,79,9
ARTHUR,F,2007,80,7
ARTHUR,F,2007,81,3
ARTHUR,F,2007,82,3
ARTHUR,F,2007,83,7
ARTHUR,F,2007,84,5
ARTHUR,F,2007,85,6
ARTHUR,F,2007,86,5
ARTHUR,F,2007,87,7
ARTHUR,F,2007,88,5
ARTHUR,F,2007,89,4
ARTHUR,F,2007,90,3
ARTHUR,F,2007,91,6
ARTHUR,F,2007,92,5
ARTHUR,F,2007,93,2
ARTHUR,F,2007,94,8
ARTHUR,F,2007,95,5
ARTHUR,M,2007,01,3
ARTHUR,M,2007,02,4
ARTHUR,M,2007,03,4
ARTHUR,M,2007,04,6
ARTHUR,M,2007,05,6
ARTHUR,M,2007,06,7
ARTHUR,M,2007,07,2
ARTHUR,M,2007,08,5
ARTHUR,M,2007,09,3
ARTHUR,M,2007,10,3
ARTHUR,M,2007,11,3
ARTHUR,M,2007,13,3
ARTHUR,M,2007,14,9
ARTHUR,M,2007,15,3
ARTHUR,M,2007,16,3
ARTHUR,M,2007,17,3
ARTHUR,M,2007,18,2
ARTHUR,M,2007,19,7
ARTHUR,M,2007,21,4
ARTHUR,M,2007,22,6
ARTHUR,M,2007,23,5
ARTHUR,M,2007,24,1
ARTHUR,M,2007,25,3
ARTHUR,M,2007,26,3
ARTHUR,M,2007,27,4
ARTHUR,M,2007,28,4
ARTHUR,M,2007,29,2
ARTHUR,M,2007,2A,5
ARTHUR,M,2007,2B,4
ARTHUR,M,2007,30,3
ARTHUR,M,2007,31,4
ARTHUR,M,2007,32,6
ARTHUR,M,2007,33,5
ARTHUR,M,2007,34,2
ARTHUR,M,2007,36,4
ARTHUR,M,2007,37,4
ARTHUR,M,2007,38,3
ARTHUR,M,2007,39,4
ARTHUR,M,2007,40,4
ARTHUR,M,2007,41,1
ARTHUR,M,2007,42,9
ARTHUR,M,2007,43,6
ARTHUR,M,2007,44,4
ARTHUR,M,2007,45,4
ARTHUR,M,2007,46,2
ARTHUR,M,2007,47,4
ARTHUR,M,2007,48,5
ARTHUR,M,2007,49,7
ARTHUR,M,2007,50,6
ARTHUR,M,2007,51,3
ARTHUR,M,2007,52,3
ARTHUR,M,2007,53,5
ARTHUR,M,2007,54,2
ARTHUR,M,2007,55,7
ARTHUR,M,2007,56,3
ARTHUR,M,2007,57,3
ARTHUR,M,2007,58,2
ARTHUR,M,2007,59,3
ARTHUR,M,2007,60,4
ARTHUR,M,2007,61,5
ARTHUR,M,2007,62,3
ARTHUR,M,2007,63,3
ARTHUR,M,2007,64,5
ARTHUR,M,2007,65,3
ARTHUR,M,2007,66,4
ARTHUR,M,2007,67,5
ARTHUR,M,2007,68,4
ARTHUR,M,2007,69,4
ARTHUR,M,2007,70,4
ARTHUR,M,2007,71,2
ARTHUR,M,2007,72,1
ARTHUR,M,2007,73,4
ARTHUR,M,2007,74,4
ARTHUR,M,2007,75,6
ARTHUR,M,2007,76,5
ARTHUR,M,2007,77,5
ARTHUR,M,2007,78,2
ARTHUR,M,2007,79,8
ARTHUR,M,2007,80,2
ARTHUR,M,2007,81,1
ARTHUR,M,2007,82,4
ARTHUR,M,2007,83,11
ARTHUR,M,2007,84,4
ARTHUR,M,2007,85,5
ARTHUR,M,2007,86,4
ARTHUR,M,2007,87,3
ARTHUR,M,2007,88,7
ARTHUR,M,2007,89,4
ARTHUR,M,2007,90,6
ARTHUR,M,2007,91,6
ARTHUR,M,2007,92,4
ARTHUR,M,2007,93,2
ARTHUR,M,2007,94,4
ARTHUR,M,2007,95,8
MAELIG,F,2008,02,4
MAELIG,F,2008,03,2
MAELIG,F,2008,04,3
MAELIG,F,2008,05,2
MAELIG,F,2008,06,5
MAELIG,F,2008,07,4
MAELIG,F,2008,08,5
MAELIG,F,2008,09,6
MAELIG,F,2008,10,4
MAELIG,F,2008,11,7
MAELIG,F,2008,12,7
MAELIG,F,2008,13,5
MAELIG,F,2008,14,3
MAELIG,F,2008,15,2
MAELIG,F,2008,16,4
MAELIG,F,2008,17,1
MAELIG,F,2008,18,6
MAELIG,F,2008,19,4
MAELIG,F,2008,21,6
MAELIG,F,2008,22,25
MAELIG,F,2008,23,5
MAELIG,F,2008,24,2
MAELIG,F,2008,25,2
MAELIG,F,2008,26,3
MAELIG,F,2008,27,1
MAELIG,F,2008,28,5
MAELIG,F,2008,29,30
MAELIG,F,2008,2A,4
MAELIG,F,2008,2B,5
MAELIG,F,2008,30,2
MAELIG,F,2008,31,5
MAELIG,F,2008,32,3
MAELIG,F,2008,33,10
MAELIG,F,2008,34,5
MAELIG,F,2008,35,23
MAELIG,F,2008,36,5
MAELIG,F,2008,37,5
MAELIG,F,2008,38,5
MAELIG,F,2008,39,4
MAELIG,F,2008,40,3
MAELIG,F,2008,41,7
MAELIG,F,2008,42,4
MAELIG,F,2008,43,4
MAELIG,F,2008,44,29
MAELIG,F,2008,45,1
MAELIG,F,2008,46,5
MAELIG,F,2008,47,4
MAELIG,F,2008,48,3
MAELIG,F,2008,49,3
MAELIG,F,2008,50,5
MAELIG,F,2008,52,3
MAELIG,F,2008,53,3
MAELIG,F,2008,54,5
MAELIG,F,2008,55,5
MAELIG,F,2008,56,23
MAELIG,F,2008,57,5
MAELIG,F,2008,58,5
MAELIG,F,2008,59,3
MAELIG,F,2008,60,6
MAELIG,F,2008,61,4
MAELIG,F,2008,62,4
MAELIG,F,2008,63,5
MAELIG,F,2008,64,3
MAELIG,F,2008,65,5
MAELIG,F,2008,66,4
MAELIG,F,2008,67,3
MAELIG,F,2008,68,6
MAELIG,F,2008,69,7
MAELIG,F,2008,70,5
MAELIG,F,2008,71,5
MAELIG,F,2008,72,7
MAELIG,F,2008,73,4
MAELIG,F,2008,74,3
MAELIG,F,2008,75,5
MAELIG,F,2008,76,1
MAELIG,F,2008,77,2
MAELIG,F,2008,78,8
MAELIG,F,2008,79,4
MAELIG,F,2008,80,3
MAELIG,F,2008,81,4
MAELIG,F,2008,82,3
MAELIG,F,2008,83,8
MAELIG,F,2008,84,1
MAELIG,F,2008,86,1
MAELIG,F,2008,87,3
MAELIG,F,2008,88,2
MAELIG,F,2008,89,3
MAELIG,F,2008,90,4
MAELIG,F,2008,91,4
MAELIG,F,2008,92,2
MAELIG,F,2008,93,3
MAELIG,F,2008,94,4
MAELIG,F,2008,95,4
MAELIG,M,2008,01,6
MAELIG,M,2008,02,3
MAELIG,M,2008,03,5
MAELIG,M,2008,04,2
MAELIG,M,2008,05,4
MAELIG,M,2008,06,7
MAELIG,M,2008,07,1
MAELIG,M,2008,08,5
MAELIG,M,2008,09,6
MAELIG,M,2008,10,8
MAELIG,M,2008,11,3
MAELIG,M,2008,12,3
MAELIG,M,2008,13,6
MAELIG,M,2008,14,4
MAELIG,M,2008,15,5
MAELIG,M,2008,16,5
MAELIG,M,2008,17,3
MAELIG,M,2008,18,4
MAELIG,M,2008,19,8
MAELIG,M,2008,21,5
MAELIG,M,2008,22,30
MAELIG,M,2008,23,2
MAELIG,M,2008,25,5
MAELIG,M,2008,26,4
MAELIG,M,2008,27,7
MAELIG,M,2008,28,6
MAELIG,M,2008,29,29
MAELIG,M,2008,2A,2
MAELIG,M,2008,2B,3
MAELIG,M,2008,30,2
MAELIG,M,2008,31,2
MAELIG,M,2008,32,4
MAELIG,M,2008,33,5
MAELIG,M,2008,34,9
MAELIG,M,2008,35,24
MAELIG,M,2008,36,2
MAELIG,M,2008,37,3
MAELIG,M,2008,38,5
MAELIG,M,2008,39,2
MAELIG,M,2008,40,7
MAELIG,M,2008,41,4
MAELIG,M,2008,42,5
MAELIG,M,2008,43,3
MAELIG,M,2008,44,19
MAELIG,M,2008,45,4
MAELIG,M,2008,46,4
MAELIG,M,2008,47,5
MAELIG,M,2008,48,4
MAELIG,M,2008,49,1
MAELIG,M,2008,50,1
MAELIG,M,2008,51,5
MAELIG,M,2008,52,3
MAELIG,M,2008,53,4
MAELIG,M,2008,54,2
MAELIG,M,2008,55,4
MAELIG,M,2008,56,30
MAELIG,M,2008,57,2
MAELIG,M,2008,58,1
MAELIG,M,2008,59,1
MAELIG,M,2008,60,4
MAELIG,M,2008,61,6
MAELIG,M,2008,62,4
MAELIG,M,2008,63,2
MAELIG,M,2008,64,3
MAELIG,M,2008,65,2
MAELIG,M,2008,66,5
MAELIG,M,2008,67,8
MAELIG,M,2008,68,2
MAELIG,M,2008,69,1
MAELIG,M,2008,70,1
MAELIG,M,2008,71,2
MAELIG,M,2008,72,3
MAELIG,M,2008,73,2
MAELIG,M,2008,74,7
MAELIG,M,2008,75,9
MAELIG,M,2008,76,5
MAELIG,M,2008,77,1
MAELIG,M,2008,79,4
MAELIG,M,2008,80,5
MAELIG,M,2008,81,4
MAELIG,M,2008,82,5
MAELIG,M,2008,83,7
MAELIG,M,2008,84,8
MAELIG,M,2008,86,2
MAELIG,M,2008,87,3
MAELIG,M,2008,88,2
MAELIG,M,2008,89,7
MAELIG,M,2008,90,2
MAELIG,M,2008,91,2
MAELIG,M,2008,92,4
MAELIG,M,2008,93,4
MAELIG,M,2008,94,3
MAELIG,M,2008,95,5
LOUISE,F,2008,01,5
LOUISE,F,2008,02,5
LOUISE,F,2008,03,2
LOUISE,F,2008,04,3
LOUISE,F,2008,05,4
LOUISE,F,2008,06,8
LOUISE,F,2008,07,6
LOUISE,F,2008,08,2
LOUISE,F,2008,09,3
LOUISE,F,2008,10,4
LOUISE,F,2008,11,7
LOUISE,F,2008,12,7
LOUISE,F,2008,13,2
LOUISE,F,2008,14,4
LOUISE,F,2008,15,5
LOUISE,F,2008,16,10
LOUISE,F,2008,17,4
LOUISE,F,2008,18,2
LOUISE,F,2008,19,7
LOUISE,F,2008,21,3
LOUISE,F,2008,22,6
LOUISE,F,2008,23,4
LOUISE,F,2008,24,6
LOUISE,F,2008,25,7
LOUISE,F,2008,26,6
LOUISE,F,2008,27,3
LOUISE,F,2008,28,7
LOUISE,F,2008,29,3
LOUISE,F,2008,2A,4
LOUISE,F,2008,2B,6
LOUISE,F,2008,30,3
LOUISE,F,2008,31,1
LOUISE,F,2008,32,5
LOUISE,F,2008,33,5
LOUISE,F,2008,34,4
LOUISE,F,2008,35,4
LOUISE,F,2008,36,4
LOUISE,F,2008,37,3
LOUISE,F,2008,38,6
LOUISE,F,2008,39,1
LOUISE,F,2008,40,1
LOUISE,F,2008,41,2
LOUISE,F,2008,42,2
LOUISE,F,2008,43,4
LOUISE,F,2008,44,7
LOUISE,F,2008,45,3
LOUISE,F,2008,46,4
LOUISE,F,2008,47,3
LOUISE,F,2008,48,2
LOUISE,F,2008,49,1
LOUISE,F,2008,50,6
LOUISE,F,2008,51,4
LOUISE,F,2008,52,3
LOUISE,F,2008,53,3
LOUISE,F,2008,54,6
LOUISE,F,2008,55,5
LOUISE,F,2008,56,4
LOUISE,F,2008,57,7
LOUISE,F,2008,58,4
LOUISE,F,2008,59,5
LOUISE,F,2008,60,3
LOUISE,F,2008,61,12
LOUISE,F,2008,62,3
LOUISE,F,2008,63,5
LOUISE,F,2008,64,3
LOUISE,F,2008,65,2
LOUISE,F,2008,66,9
LOUISE,F,2008,67,2
LOUISE,F,2008,68,5
LOUISE,F,2008,69,2
LOUISE,F,2008,70,7
LOUISE,F,2008,71,6
LOUISE,F,2008,72,4
LOUISE,F,2008,73,4
LOUISE,F,2008,74,7
LOUISE,F,2008,75,1
LOUISE,F,2008,77,5
LOUISE,F,2008,78,3
LOUISE,F,2008,79,5
LOUISE,F,2008,80,3
LOUISE,F,2008,81,3
LOUISE,F,2008,82,4
LOUISE,F,2008,83,3
LOUISE,F,2008,84,3
LOUISE,F,2008,85,2
LOUISE,F,2008,86,3
LOUISE,F,2008,87,4
LOUISE,F,2008,88,6
LOUISE,F,2008,89,7
LOUISE,F,2008,90,1
LOUISE,F,2008,91,4
LOUISE,F,2008,92,2
LOUISE,F,2008,93,2
LOUISE,F,2008,94,3
LOUISE,F,2008,95,3
LOUISE,M,2008,01,2
LOUISE,M,2008,02,6
LOUISE,M,2008,03,3
LOUISE,M,2008,04,1
LOUISE,M,2008,05,6
LOUISE,M,2008,06,4
LOUISE,M,2008,07,4
LOUISE,M,2008,08,6
LOUISE,M,2008,09,6
LOUISE,M,2008,10,2
LOUISE,M,2008,11,5
LOUISE,M,2008,12,4
LOUISE,M,2008,13,2
LOUISE,M,2008,14,4
LOUISE,M,2008,15,8
LOUISE,M,2008,16,4
LOUISE,M,2008,17,5
LOUISE,M,2008,18,6
LOUISE,M,2008,19,2
LOUISE,M,2008,21,6
LOUISE,M,2008,22,2
LOUISE,M,2008,23,2
LOUISE,M,2008,24,2
LOUISE,M,2008,25,4
LOUISE,M,2008,26,3
LOUISE,M,2008,27,6
LOUISE,M,2008,28,3
LOUISE,M,2008,29,2
LOUISE,M,2008,2A,12
LOUISE,M,2008,2B,2
LOUISE,M,2008,30,5
LOUISE,M,2008,31,2
LOUISE,M,2008,32,9
LOUISE,M,2008,33,5
LOUISE,M,2008,34,3
LOUISE,M,2008,35,6
LOUISE,M,2008,36,3
LOUISE,M,2008,37,4
LOUISE,M,2008,38,2
LOUISE,M,2008,39,3
LOUISE,M,2008,40,3
LOUISE,M,2008,41,4
LOUISE,M,2008,42,3
LOUISE,M,2008,43,3
LOUISE,M,2008,44,5
LOUISE,M,2008,45,2
LOUISE,M,2008,46,5
LOUISE,M,2008,47,4
LOUISE,M,2008,48,7
LOUISE,M,2008,49,2
LOUISE,M,2008,50,2
LOUISE,M,2008,51,5
LOUISE,M,2008,52,1
LOUISE,M,2008,53,3
LOUISE,M,2008,54,4
LOUISE,M,2008,55,3
LOUISE,M,2008,56,7
LOUISE,M,2008,57,4
LOUISE,M,2008,58,4
LOUISE,M,2008,59,3
LOUISE,M,2008,60,3
LOUISE,M,2008,61,3
LOUISE,M,2008,62,3
LOUISE,M,2008,63,1
LOUISE,M,2008,64,6
LOUISE,M,2008,65,4
LOUISE,M,2008,66,4
LOUISE,M,2008,67,3
LOUISE,M,2008,68,8
LOUISE,M,2008,69,6
LOUISE,M,2008,70,3
LOUISE,M,2008,71,1
LOUISE,M,2008,72,4
LOUISE,M,2008,73,3
LOUISE,M,2008,74,2
LOUISE,M,2008,75,6
LOUISE,M,2008,76,3
LOUISE,M,2008,77,4
LOUISE,M,2008,78,1
LOUISE,M,2008,79,4
LOUISE,M,2008,80,7
LOUISE,M,2008,81,1
LOUISE,M,2008,82,4
LOUISE,M,2008,83,6
LOUISE,M,2008,84,4
LOUISE,M,2008,85,4
LOUISE,M,2008,86,2
LOUISE,M,2008,87,9
LOUISE,M,2008,88,5
LOUISE,M,2008,89,8
LOUISE,M,2008,90,2
LOUISE,M,2008,91,5
LOUISE,M,2008,92,5
LOUISE,M,2008,93,6
LOUISE,M,2008,94,5
LOUISE,M,2008,95,8
GABRIEL,F,2008,01,6
GABRIEL,F,2008,02,6
GABRIEL,F,2008,03,6
GABRIEL,F,2008,04,2
GABRIEL,F,2008,05,3
GABRIEL,F,2008,06,7
GABRIEL,F,2008,07,3
GABRIEL,F,2008,08,5
GABRIEL,F,2008,09,3
GABRIEL,F,2008,10,8
GABRIEL,F,2008,11,5
GABRIEL,F,2008,12,6
GABRIEL,F,2008,13,3
GABRIEL,F,2008,14,2
GABRIEL,F,2008,15,4
GABRIEL,F,2008,16,3
GABRIEL,F,2008,17,7
GABRIEL,F,2008,18,2
GABRIEL,F,2008,19,6
GABRIEL,F,2008,21,3
GABRIEL,F,2008,22,6
GABRIEL,F,2008,23,6
GABRIEL,F,2008,24,2
GABRIEL,F,2008,25,5
GABRIEL,F,2008,26,2
GABRIEL,F,2008,27,4
GABRIEL,F,2008,28,7
GABRIEL,F,2008,29,4
GABRIEL,F,2008,2A,6
GABRIEL,F,2008,2B,3
GABRIEL,F,2008,30,2
GABRIEL,F,2008,31,3
GABRIEL,F,2008,32,6
GABRIEL,F,2008,33,5
GABRIEL,F,2008,34,6
GABRIEL,F,2008,35,1
GABRIEL,F,2008,36,3
GABRIEL,F,2008,38,5
GABRIEL,F,2008,39,5
GABRIEL,F,2008,40,8
GABRIEL,F,2008,41,3
GABRIEL,F,2008,42,5
GABRIEL,F,2008,43,4
GABRIEL,F,2008,44,2
GABRIEL,F,2008,45,3
GABRIEL,F,2008,46,3
GABRIEL,F,2008,47,4
GABRIEL,F,2008,48,5
GABRIEL,F,2008,49,1
GABRIEL,F,2008,50,5
GABRIEL,F,2008,51,2
GABRIEL,F,2008,52,3
GABRIEL,F,2008,53,7
GABRIEL,F,2008,54,7
GABRIEL,F,2008,55,8
GABRIEL,F,2008,56,4
GABRIEL,F,2008,57,2
GABRIEL,F,2008,58,8
GABRIEL,F,2008,59,3
GABRIEL,F,2008,60,2
GABRIEL,F,2008,61,2
GABRIEL,F,2008,62,8
GABRIEL,F,2008,63,2
GABRIEL,F,2008,64,2
GABRIEL,F,2008,65,3
GABRIEL,F,2008,66,5
GABRIEL,F,2008,67,4
GABRIEL,F,2008,68,5
GABRIEL,F,2008,69,6
GABRIEL,F,2008,70,5
GABRIEL,F,2008,71,5
GABRIEL,F,2008,72,5
GABRIEL,F,2008,73,4
GABRIEL,F,2008,74,5
GABRIEL,F,2008,75,6
GABRIEL,F,2008,76,4
GABRIEL,F,2008,77,7
GABRIEL,F,2008,78,3
GABRIEL,F,2008,79,5
GABRIEL,F,2008,81,3
GABRIEL,F,2008,82,6
GABRIEL,F,2008,83,4
GABRIEL,F,2008,84,4
GABRIEL,F,2008,85,4
GABRIEL,F,2008,86,5
GABRIEL,F,2008,87,1
GABRIEL,F,2008,88,1
GABRIEL,F,2008,89,4
GABRIEL,F,2008,90,3
GABRIEL,F,2008,91,5
GABRIEL,F,2008,92,2
GABRIEL,F,2008,93,4
GABRIEL,F,2008,94,3
GABRIEL,F,2008,95,5
GABRIEL,M,2008,01,4
GABRIEL,M,2008,02,3
GABRIEL,M,2008,03,3
GABRIEL,M,2008,04,6
GABRIEL,M,2008,05,4
GABRIEL,M,2008,06,4
GABRIEL,M,2008,07,3
GABRIEL,M,2008,08,3
GABRIEL,M,2008,09,3
GABRIEL,M,2008,10,5
GABRIEL,M,2008,11,2
GABRIEL,M,2008,12,3
GABRIEL,M,2008,13,7
GABRIEL,M,2008,14,7
GABRIEL,M,2008,15,4
GABRIEL,M,2008,16,3
GABRIEL,M,2008,17,3
GABRIEL,M,2008,18,1
GABRIEL,M,2008,19,2
GABRIEL,M,2008,21,5
GABRIEL,M,2008,22,4
GABRIEL,M,2008,23,3
GABRIEL,M,2008,24,1
GABRIEL,M,2008,25,1
GABRIEL,M,2008,26,5
GABRIEL,M,2008,27,2
GABRIEL,M,2008,28,2
GABRIEL,M,2008,29,2
GABRIEL,M,2008,2A,5
GABRIEL,M,2008,2B,2
GABRIEL,M,2008,30,3
GABRIEL,M,2008,31,3
GABRIEL,M,2008,32,4
GABRIEL,M,2008,33,4
GABRIEL,M,2008,34,2
GABRIEL,M,2008,35,4
GABRIEL,M,2008,36,4
GABRIEL,M,2008,37,3
GABRIEL,M,2008,38,5
GABRIEL,M,2008,39,6
GABRIEL,M,2008,40,6
GABRIEL,M,2008,41,2
GABRIEL,M,2008,42,8
GABRIEL,M,2008,43,5
GABRIEL,M,2008,44,3
GABRIEL,M,2008,45,2
GABRIEL,M,2008,46,3
GABRIEL,M,2008,47,3
GABRIEL,M,2008,48,1
GABRIEL,M,2008,49,4
GABRIEL,M,2008,50,6
GABRIEL,M,2008,51,4
GABRIEL,M,2008,52,6
GABRIEL,M,2008,53,4
GABRIEL,M,2008,54,3
GABRIEL,M,2008,55,2
GABRIEL,M,2008,56,4
GABRIEL,M,2008,57,3
GABRIEL,M,2008,58,3
GABRIEL,M,2008,59,2
GABRIEL,M,2008,61,8
GABRIEL,M,2008,62,6
GABRIEL,M,2008,63,7
GABRIEL,M,2008,64,3
GABRIEL,M,2008,65,1
GABRIEL,M,2008,66,8
GABRIEL,M,2008,67,4
GABRIEL,M,2008,68,5
GABRIEL,M,2008,69,4
GABRIEL,M,2008,70,1
GABRIEL,M,2008,71,5
GABRIEL,M,2008,72,4
GABRIEL,M,2008,73,7
GABRIEL,M,2008,74,8
GABRIEL,M,2008,75,6
GABRIEL,M,2008,76,8
GABRIEL,M,2008,77,8
GABRIEL,M,2008,78,7
GABRIEL,M,2008,79,3
GABRIEL,M,2008,80,4
GABRIEL,M,2008,81,1
GABRIEL,M,2008,82,3
GABRIEL,M,2008,83,4
GABRIEL,M,2008,84,3
GABRIEL,M,2008,85,4
GABRIEL,M,2008,86,6
GABRIEL,M,2008,87,5
GABRIEL,M,2008,88,2
GABRIEL,M,2008,89,6
GABRIEL,M,2008,90,4
GABRIEL,M,2008,91,1
GABRIEL,M,2008,92,6
GABRIEL,M,2008,93,2
GABRIEL,M,2008,94,4
GABRIEL,M,2008,95,6
JADE,F,2008,01,1
JADE,F,2008,02,7
JADE,F,2008,03,5
JADE,F,2008,04,3
JADE,F,2008,05,7
JADE,F,2008,06,2
JADE,F,2008,07,5
JADE,F,2008,08,6
JADE,F,2008,09,3
JADE,F,2008,10,3
JADE,F,2008,11,5
JADE,F,2008,12,2
JADE,F,2008,13,4
JADE,F,2008,14,5
JADE,F,2008,15,1
JADE,F,2008,16,3
JADE,F,2008,17,5
JADE,F,2008,18,3
JADE,F,2008,19,1
JADE,F,2008,21,3
JADE,F,2008,22,5
JADE,F,2008,23,5
JADE,F,2008,24,4
JADE,F,2008,25,2
JADE,F,2008,26,7
JADE,F,2008,27,5
JADE,F,2008,28,3
JADE,F,2008,29,5
JADE,F,2008,2A,3
JADE,F,2008,2B,9
JADE,F,2008,30,3
JADE,F,2008,31,4
JADE,F,2008,32,1
JADE,F,2008,33,5
JADE,F,2008,34,2
JADE,F,2008,35,4
JADE,F,2008,36,5
JADE,F,2008,37,3
JADE,F,2008,38,7
JADE,F,2008,39,7
JADE,F,2008,40,5
JADE,F,2008,41,4
JADE,F,2008,42,5
JADE,F,2008,43,3
JADE,F,2008,44,7
JADE,F,2008,45,1
JADE,F,2008,46,6
JADE,F,2008,47,4
JADE,F,2008,48,4
JADE,F,2008,49,3
JADE,F,2008,50,3
JADE,F,2008,51,3
JADE,F,2008,52,4
JADE,F,2008,53,4
JADE,F,2008,54,4
JADE,F,2008,55,2
JADE,F,2008,56,4
JADE,F,2008,58,4
JADE,F,2008,59,7
JADE,F,2008,60,4
JADE,F,2008,61,6
JADE,F,2008,62,4
JADE,F,2008,63,3
JADE,F,2008,64,6
JADE,F,2008,65,3
JADE,F,2008,66,7
JADE,F,2008,67,1
JADE,F,2008,68,2
JADE,F,2008,69,2
JADE,F,2008,70,2
JADE,F,2008,71,7
JADE,F,2008,72,2
JADE,F,2008,73,4
JADE,F,2008,74,7
JADE,F,2008,75,5
JADE,F,2008,76,3
JADE,F,2008,77,6
JADE,F,2008,78,4
JADE,F,2008,79,3
JADE,F,2008,80,3
JADE,F,2008,81,4
JADE,F,2008,82,5
JADE,F,2008,83,6
JADE,F,2008,84,3
JADE,F,2008,85,5
JADE,F,2008,86,4
JADE,F,2008,87,4
JADE,F,2008,88,7
JADE,F,2008,89,3
JADE,F,2008,90,2
JADE,F,2008,91,4
JADE,F,2008,92,7
JADE,F,2008,93,2
JADE,F,2008,94,4
JADE,M,2008,01,2
JADE,M,2008,02,7
JADE,M,2008,03,7
JADE,M,2008,04,8
JADE,M,2008,05,3
JADE,M,2008,06,7
JADE,M,2008,07,2
JADE,M,2008,08,4
JADE,M,2008,09,5
JADE,M,2008,10,7
JADE,M,2008,11,1
JADE,M,2008,12,2
JADE,M,2008,13,4
JADE,M,2008,14,5
JADE,M,2008,15,4
JADE,M,2008,16,4
JADE,M,2008,17,2
JADE,M,2008,18,8
JADE,M,2008,19,2
JADE,M,2008,21,5
JADE,M,2008,22,2
JADE,M,2008,23,2
JADE,M,2008,24,5
JADE,M,2008,25,2
JADE,M,2008,26,4
JADE,M,2008,27,5
JADE,M,2008,28,3
JADE,M,2008,29,4
JADE,M,2008,2A,4
JADE,M,2008,2B,3
JADE,M,2008,30,2
JADE,M,2008,31,5
JADE,M,2008,32,5
JADE,M,2008,33,1
JADE,M,2008,34,2
JADE,M,2008,35,8
JADE,M,2008,36,5
JADE,M,2008,37,6
JADE,M,2008,38,3
JADE,M,2008,39,5
JADE,M,2008,40,2
JADE,M,2008,41,7
JADE,M,2008,42,3
JADE,M,2008,43,6
JADE,M,2008,44,3
JADE,M,2008,45,2
JADE,M,2008,46,7
JADE,M,2008,47,3
JADE,M,2008,48,3
JADE,M,2008,49,4
JADE,M,2008,50,8
JADE,M,2008,51,4
JADE,M,2008,52,8
JADE,M,2008,53,4
JADE,M,2008,54,4
JADE,M,2008,55,1
JADE,M,2008,56,6
JADE,M,2008,57,2
JADE,M,2008,58,4
JADE,M,2008,59,1
JADE,M,2008,60,3
JADE,M,2008,61,3
JADE,M,2008,62,1
JADE,M,2008,63,4
JADE,M,2008,64,2
JADE,M,2008,65,2
JADE,M,2008,66,3
JADE,M,2008,67,3
JADE,M,2008,68,7
JADE,M,2008,69,6
JADE,M,2008,70,2
JADE,M,2008,71,2
JADE,M,2008,72,5
JADE,M,2008,73,1
JADE,M,2008,74,6
JADE,M,2008,75,7
JADE,M,2008,76,5
JADE,M,2008,77,8
JADE,M,2008,78,3
JADE,M,2008,79,1
JADE,M,2008,80,2
JADE,M,2008,81,5
JADE,M,2008,82,8
JADE,M,2008,83,2
JADE,M,2008,84,3
JADE,M,2008,85,1
JADE,M,2008,86,4
JADE,M,2008,87,6
JADE,M,2008,88,2
JADE,M,2008,89,5
JADE,M,2008,90,5
JADE,M,2008,92,4
JADE,M,2008,93,3
JADE,M,2008,94,3
JADE,M,2008,95,1
ARTHUR,F,2008,01,1
ARTHUR,F,2008,02,2
ARTHUR,F,2008,03,4
ARTHUR,F,2008,04,6
ARTHUR,F,2008,05,2
ARTHUR,F,2008,07,10
ARTHUR,F,2008,08,3
ARTHUR,F,2008,09,3
ARTHUR,F,2008,10,6
ARTHUR,F,2008,11,10
ARTHUR,F,2008,12,6
ARTHUR,F,2008,13,5
ARTHUR,F,2008,14,7
ARTHUR,F,2008,15,3
ARTHUR,F,2008,16,1
ARTHUR,F,2008,17,5
ARTHUR,F,2008,18,1
ARTHUR,F,2008,19,3
ARTHUR,F,2008,21,1
ARTHUR,F,2008,22,5
ARTHUR,F,2008,23,5
ARTHUR,F,2008,24,2
ARTHUR,F,2008,25,1
ARTHUR,F,2008,26,4
ARTHUR,F,2008,27,5
ARTHUR,F,2008,28,3
ARTHUR,F,2008,29,4
ARTHUR,F,2008,2A,6
ARTHUR,F,2008,2B,1
ARTHUR,F,2008,30,6
ARTHUR,F,2008,31,6
ARTHUR,F,2008,32,8
ARTHUR,F,2008,33,6
ARTHUR,F,2008,34,3
ARTHUR,F,2008,35,3
ARTHUR,F,2008,36,2
ARTHUR,F,2008,38,8
ARTHUR,F,2008,39,6
ARTHUR,F,2008,40,7
ARTHUR,F,2008,41,5
ARTHUR,F,2008,42,3
ARTHUR,F,2008,43,4
ARTHUR,F,2008,44,4
ARTHUR,F,2008,45,6
ARTHUR,F,2008,46,3
ARTHUR,F,2008,48,4
ARTHUR,F,2008,49,7
ARTHUR,F,2008,50,7
ARTHUR,F,2008,51,7
ARTHUR,F,2008,52,3
ARTHUR,F,2008,53,1
ARTHUR,F,2008,54,2
ARTHUR,F,2008,55,6
ARTHUR,F,2008,56,5
ARTHUR,F,2008,57,3
ARTHUR,F,2008,58,3
ARTHUR,F,2008,59,2
ARTHUR,F,2008,60,2
ARTHUR,F,2008,61,8
ARTHUR,F,2008,62,4
ARTHUR,F,2008,63,2
ARTHUR,F,2008,64,2
ARTHUR,F,2008,65,3
ARTHUR,F,2008,66,5
ARTHUR,F,2008,67,7
ARTHUR,F,2008,68,4
ARTHUR,F,2008,69,2
ARTHUR,F,2008,70,4
ARTHUR,F,2008,71,2
ARTHUR,F,2008,72,1
ARTHUR,F,2008,73,4
ARTHUR,F,2008,74,4
ARTHUR,F,2008,75,4
ARTHUR,F,2008,76,4
ARTHUR,F,2008,77,6
ARTHUR,F,2008,78,6
ARTHUR,F,2008,79,3
ARTHUR,F,2008,80,2
ARTHUR,F,2008,81,4
ARTHUR,F,2008,82,3
ARTHUR,F,2008,83,4
ARTHUR,F,2008,84,3
ARTHUR,F,2008,85,6
ARTHUR,F,2008,86,3
ARTHUR,F,2008,87,3
ARTHUR,F,2008,88,1
ARTHUR,F,2008,89,2
ARTHUR,F,2008,90,2
ARTHUR,F,2008,91,3
ARTHUR,F,2008,92,5
ARTHUR,F,2008,93,3
ARTHUR,F,2008,94,6
ARTHUR,F,2008,95,3
ARTHUR,M,2008,01,3
ARTHUR,M,2008,02,2
ARTHUR,M,2008,03,6
ARTHUR,M,2008,04,6
ARTHUR,M,2008,05,9
ARTHUR,M,2008,06,5
ARTHUR,M,2008,07,7
ARTHUR,M,2008,08,3
ARTHUR,M,2008,09,5
ARTHUR,M,2008,10,3
ARTHUR,M,2008,12,6
ARTHUR,M,2008,13,7
ARTHUR,M,2008,14,3
ARTHUR,M,2008,15,4
ARTHUR,M,2008,16,5
ARTHUR,M,2008,17,4
ARTHUR,M,2008,18,3
ARTHUR,M,2008,19,4
ARTHUR,M,2008,21,2
ARTHUR,M,2008,22,4
ARTHUR,M,2008,23,3
ARTHUR,M,2008,24,8
ARTHUR,M,2008,25,1
ARTHUR,M,2008,26,4
ARTHUR,M,2008,27,4
ARTHUR,M,2008,28,2
ARTHUR,M,2008,29,2
ARTHUR,M,2008,2B,5
ARTHUR,M,2008,30,4
ARTHUR,M,2008,31,4
ARTHUR,M,2008,32,5
ARTHUR,M,2008,33,7
ARTHUR,M,2008,34,2
ARTHUR,M,2008,35,4
ARTHUR,M,2008,36,4
ARTHUR,M,2008,37,2
ARTHUR,M,2008,38,4
ARTHUR,M,2008,39,2
ARTHUR,M,2008,40,3
ARTHUR,M,2008,41,1
ARTHUR,M,2008,42,2
ARTHUR,M,2008,43,4
ARTHUR,M,2008,44,2
ARTHUR,M,2008,45,5
ARTHUR,M,2008,46,5
ARTHUR,M,2008,47,4
ARTHUR,M,2008,48,2
ARTHUR,M,2008,49,3
ARTHUR,M,2008,50,9
ARTHUR,M,2008,51,5
ARTHUR,M,2008,52,3
ARTHUR,M,2008,53,4
ARTHUR,M,2008,54,8
ARTHUR,M,2008,55,2
ARTHUR,M,2008,56,1
ARTHUR,M,2008,57,7
ARTHUR,M,2008,58,3
ARTHUR,M,2008,59,3
ARTHUR,M,2008,60,6
ARTHUR,M,2008,61,5
ARTHUR,M,2008,62,9
ARTHUR,M,2008,63,2
ARTHUR,M,2008,64,4
ARTHUR,M,2008,65,2
ARTHUR,M,2008,66,2
ARTHUR,M,2008,67,4
ARTHUR,M,2008,68,2
ARTHUR,M,2008,69,2
ARTHUR,M,2008,70,6
ARTHUR,M,2008,71,1
ARTHUR,M,2008,72,2
ARTHUR,M,2008,73,5
ARTHUR,M,2008,74,3
ARTHUR,M,2008,75,3
ARTHUR,M,2008,76,5
ARTHUR,M,2008,77,5
ARTHUR,M,2008,78,5
ARTHUR,M,2008,79,4
ARTHUR,M,2008,80,4
ARTHUR,M,2008,81,2
ARTHUR,M,2008,82,3
ARTHUR,M,2008,83,6
ARTHUR,M,2008,84,3
ARTHUR,M,2008,85,3
ARTHUR,M,2008,86,1
ARTHUR,M,2008,87,1
ARTHUR,M,2008,88,2
ARTHUR,M,2008,89,8
ARTHUR,M,2008,90,6
ARTHUR,M,2008,91,5
ARTHUR,M,2008,92,1
ARTHUR,M,2008,93,3
ARTHUR,M,2008,94,3
ARTHUR,M,2008,95,4
MAELIG,F,2009,01,3
MAELIG,F,2009,02,3
MAELIG,F,2009,03,1
MAELIG,F,2009,04,4
MAELIG,F,2009,05,3
MAELIG,F,2009,06,3
MAELIG,F,2009,07,3
MAELIG,F,2009,08,3
MAELIG,F,2009,09,7
MAELIG,F,2009,10,4
MAELIG,F,2009,11,3
MAELIG,F,2009,12,7
MAELIG,F,2009,13,6
MAELIG,F,2009,14,2
MAELIG,F,2009,15,5
MAELIG,F,2009,16,4
MAELIG,F,2009,17,3
MAELIG,F,2009,18,3
MAELIG,F,2009,19,1
MAELIG,F,2009,21,2
MAELIG,F,2009,22,19
MAELIG,F,2009,23,9
MAELIG,F,2009,24,4
MAELIG,F,2009,25,5
MAELIG,F,2009,26,4
MAELIG,F,2009,27,5
MAELIG,F,2009,28,8
MAELIG,F,2009,29,27
MAELIG,F,2009,2A,1
MAELIG,F,2009,2B,5
MAELIG,F,2009,30,3
MAELIG,F,2009,31,3
MAELIG,F,2009,32,6
MAELIG,F,2009,33,5
MAELIG,F,2009,34,2
MAELIG,F,2009,35,23
MAELIG,F,2009,36,10
MAELIG,F,2009,37,2
MAELIG,F,2009,38,2
MAELIG,F,2009,39,5
MAELIG,F,2009,40,4
MAELIG,F,2009,41,1
MAELIG,F,2009,42,4
MAELIG,F,2009,43,1
MAELIG,F,2009,44,23
MAELIG,F,2009,45,7
MAELIG,F,2009,46,2
MAELIG,F,2009,47,3
MAELIG,F,2009,48,4
MAELIG,F,2009,49,2
MAELIG,F,2009,50,5
MAELIG,F,2009,51,4
MAELIG,F,2009,52,5
MAELIG,F,2009,53,2
MAELIG,F,2009,54,3
MAELIG,F,2009,55,4
MAELIG,F,2009,56,19
MAELIG,F,2009,57,4
MAELIG,F,2009,58,3
MAELIG,F,2009,59,7
MAELIG,F,2009,60,1
MAELIG,F,2009,61,5
MAELIG,F,2009,62,5
MAELIG,F,2009,63,2
MAELIG,F,2009,64,3
MAELIG,F,2009,65,1
MAELIG,F,2009,66,5
MAELIG,F,2009,67,6
MAELIG,F,2009,68,2
MAELIG,F,2009,69,13
MAELIG,F,2009,70,5
MAELIG,F,2009,71,4
MAELIG,F,2009,72,2
MAELIG,F,2009,73,2
MAELIG,F,2009,74,6
MAELIG,F,2009,75,6
MAELIG,F,2009,76,3
MAELIG,F,2009,77,4
MAELIG,F,2009,78,3
MAELIG,F,2009,79,4
MAELIG,F,2009,80,3
MAELIG,F,2009,81,3
MAELIG,F,2009,82,4
MAELIG,F,2009,83,4
MAELIG,F,2009,84,3
MAELIG,F,2009,85,3
MAELIG,F,2009,87,6
MAELIG,F,2009,88,4
MAELIG,F,2009,89,6
MAELIG,F,2009,90,6
MAELIG,F,2009,91,3
MAELIG,F,2009,92,4
MAELIG,F,2009,93,6
MAELIG,F,2009,94,4
MAELIG,F,2009,95,5
MAELIG,M,2009,01,4
MAELIG,M,2009,02,3
MAELIG,M,2009,03,3
MAELIG,M,2009,04,5
MAELIG,M,2009,05,6
MAELIG,M,2009,06,8
MAELIG,M,2009,07,2
MAELIG,M,2009,08,3
MAELIG,M,2009,09,7
MAELIG,M,2009,10,3
MAELIG,M,2009,11,3
MAELIG,M,2009,12,8
MAELIG,M,2009,13,3
MAELIG,M,2009,14,3
MAELIG,M,2009,15,6
MAELIG,M,2009,16,2
MAELIG,M,2009,18,5
MAELIG,M,2009,19,5
MAELIG,M,2009,21,3
MAELIG,M,2009,22,16
MAELIG,M,2009,23,6
MAELIG,M,2009,24,4
MAELIG,M,2009,25,3
MAELIG,M,2009,26,1
MAELIG,M,2009,27,4
MAELIG,M,2009,28,4
MAELIG,M,2009,29,22
MAELIG,M,2009,2A,2
MAELIG,M,2009,2B,5
MAELIG,M,2009,30,4
MAELIG,M,2009,31,3
MAELIG,M,2009,32,5
MAELIG,M,2009,33,5
MAELIG,M,2009,34,4
MAELIG,M,2009,35,14
MAELIG,M,2009,36,4
MAELIG,M,2009,37,3
MAELIG,M,2009,38,5
MAELIG,M,2009,39,3
MAELIG,M,2009,40,3
MAELIG,M,2009,41,3
MAELIG,M,2009,42,4
MAELIG,M,2009,43,2
MAELIG,M,2009,44,18
MAELIG,M,2009,45,6
MAELIG,M,2009,46,4
MAELIG,M,2009,47,4
MAELIG,M,2009,48,5
MAELIG,M,2009,49,6
MAELIG,M,2009,50,5
MAELIG,M,2009,51,2
MAELIG,M,2009,52,8
MAELIG,M,2009,53,2
MAELIG,M,2009,54,3
MAELIG,M,2009,55,6
MAELIG,M,2009,56,26
MAELIG,M,2009,57,5
MAELIG,M,2009,58,4
MAELIG,M,2009,59,6
MAELIG,M,2009,60,5
MAELIG,M,2009,61,2
MAELIG,M,2009,62,4
MAELIG,M,2009,63,9
MAELIG,M,2009,64,5
MAELIG,M,2009,65,1
MAELIG,M,2009,66,1
MAELIG,M,2009,67,4
MAELIG,M,2009,68,3
MAELIG,M,2009,69,2
MAELIG,M,2009,70,7
MAELIG,M,2009,71,7
MAELIG,M,2009,73,4
MAELIG,M,2009,74,5
MAELIG,M,2009,75,1
MAELIG,M,2009,76,4
MAELIG,M,2009,77,2
MAELIG,M,2009,78,5
MAELIG,M,2009,79,5
MAELIG,M,2009,80,8
MAELIG,M,2009,81,4
MAELIG,M,2009,82,5
MAELIG,M,2009,83,3
MAELIG,M,2009,84,5
MAELIG,M,2009,86,3
MAELIG,M,2009,87,7
MAELIG,M,2009,88,4
MAELIG,M,2009,89,7
MAELIG,M,2009,90,3
MAELIG,M,2009,91,1
MAELIG,M,2009,92,4
MAELIG,M,2009,93,5
MAELIG,M,2009,94,5
MAELIG,M,2009,95,4
LOUISE,F,2009,01,2
LOUISE,F,2009,02,6
LOUISE,F,2009,03,2
LOUISE,F,2009,04,4
LOUISE,F,2009,05,1
LOUISE,F,2009,06,4
LOUISE,F,2009,07,2
LOUISE,F,2009,08,5
LOUISE,F,2009,09,4
LOUISE,F,2009,10,4
LOUISE,F,2009,11,5
LOUISE,F,2009,12,7
LOUISE,F,2009,13,4
LOUISE,F,2009,14,4
LOUISE,F,2009,15,5
LOUISE,F,2009,16,4
LOUISE,F,2009,17,5
LOUISE,F,2009,18,5
LOUISE,F,2009,19,1
LOUISE,F,2009,21,4
LOUISE,F,2009,22,4
LOUISE,F,2009,23,3
LOUISE,F,2009,24,2
LOUISE,F,2009,25,6
LOUISE,F,2009,26,7
LOUISE,F,2009,27,3
LOUISE,F,2009,28,4
LOUISE,F,2009,29,4
LOUISE,F,2009,2A,4
LOUISE,F,2009,2B,3
LOUISE,F,2009,30,4
LOUISE,F,2009,31,4
LOUISE,F,2009,32,9
LOUISE,F,2009,33,6
LOUISE,F,2009,34,5
LOUISE,F,2009,35,5
LOUISE,F,2009,36,2
LOUISE,F,2009,38,8
LOUISE,F,2009,39,4
LOUISE,F,2009,40,5
LOUISE,F,2009,41,3
LOUISE,F,2009,42,4
LOUISE,F,2009,43,6
LOUISE,F,2009,44,6
LOUISE,F,2009,45,2
LOUISE,F,2009,46,6
LOUISE,F,2009,47,5
LOUISE,F,2009,48,5
LOUISE,F,2009,49,4
LOUISE,F,2009,50,3
LOUISE,F,2009,51,5
LOUISE,F,2009,52,3
LOUISE,F,2009,53,3
LOUISE,F,2009,54,3
LOUISE,F,2009,55,6
LOUISE,F,2009,56,3
LOUISE,F,2009,57,12
LOUISE,F,2009,58,3
LOUISE,F,2009,59,3
LOUISE,F,2009,60,5
LOUISE,F,2009,61,6
LOUISE,F,2009,62,6
LOUISE,F,2009,63,4
LOUISE,F,2009,64,3
LOUISE,F,2009,65,1
LOUISE,F,2009,66,3
LOUISE,F,2009,67,4
LOUISE,F,2009,68,3
LOUISE,F,2009,69,4
LOUISE,F,2009,70,4
LOUISE,F,2009,71,4
LOUISE,F,2009,72,6
LOUISE,F,2009,73,1
LOUISE,F,2009,74,3
LOUISE,F,2009,75,4
LOUISE,F,2009,76,5
LOUISE,F,2009,77,7
LOUISE,F,2009,78,7
LOUISE,F,2009,79,3
LOUISE,F,2009,80,4
LOUISE,F,2009,81,4
LOUISE,F,2009,82,5
LOUISE,F,2009,83,6
LOUISE,F,2009,84,7
LOUISE,F,2009,85,4
LOUISE,F,2009,86,4
LOUISE,F,2009,87,4
LOUISE,F,2009,88,4
LOUISE,F,2009,89,2
LOUISE,F,2009,90,6
LOUISE,F,2009,91,5
LOUISE,F,2009,92,6
LOUISE,F,2009,93,6
LOUISE,F,2009,94,3
LOUISE,F,2009,95,4
LOUISE,M,2009,01,4
LOUISE,M,2009,02,6
LOUISE,M,2009,03,6
LOUISE,M,2009,04,7
LOUISE,M,2009,05,2
LOUISE,M,2009,06,3
LOUISE,M,2009,07,4
LOUISE,M,2009,08,4
LOUISE,M,2009,09,5
LOUISE,M,2009,10,2
LOUISE,M,2009,11,1
LOUISE,M,2009,12,4
LOUISE,M,2009,13,5
LOUISE,M,2009,14,8
LOUISE,M,2009,15,5
LOUISE,M,2009,16,1
LOUISE,M,2009,17,4
LOUISE,M,2009,18,4
LOUISE,M,2009,19,8
LOUISE,M,2009,21,4
LOUISE,M,2009,22,5
LOUISE,M,2009,23,4
LOUISE,M,2009,25,5
LOUISE,M,2009,26,2
LOUISE,M,2009,27,5
LOUISE,M,2009,28,6
LOUISE,M,2009,29,2
LOUISE,M,2009,2A,5
LOUISE,M,2009,2B,3
LOUISE,M,2009,30,3
LOUISE,M,2009,31,4
LOUISE,M,2009,32,3
LOUISE,M,2009,33,6
LOUISE,M,2009,34,6
LOUISE,M,2009,35,3
LOUISE,M,2009,36,3
LOUISE,M,2009,37,3
LOUISE,M,2009,38,4
LOUISE,M,2009,39,2
LOUISE,M,2009,40,7
LOUISE,M,2009,41,5
LOUISE,M,2009,42,3
LOUISE,M,2009,43,5
LOUISE,M,2009,44,5
LOUISE,M,2009,45,4
LOUISE,M,2009,46,5
LOUISE,M,2009,47,5
LOUISE,M,2009,48,2
LOUISE,M,2009,49,5
LOUISE,M,2009,50,4
LOUISE,M,2009,51,4
LOUISE,M,2009,52,5
LOUISE,M,2009,53,3
LOUISE,M,2009,54,1
LOUISE,M,2009,55,5
LOUISE,M,2009,56,5
LOUISE,M,2009,57,5
LOUISE,M,2009,58,5
LOUISE,M,2009,60,7
LOUISE,M,2009,61,4
LOUISE,M,2009,62,5
LOUISE,M,2009,63,4
LOUISE,M,2009,64,3
LOUISE,M,2009,65,2
LOUISE,M,2009,66,4
LOUISE,M,2009,67,1
LOUISE,M,2009,68,4
LOUISE,M,2009,69,6
LOUISE,M,2009,70,4
LOUISE,M,2009,71,4
LOUISE,M,2009,72,4
LOUISE,M,2009,73,4
LOUISE,M,2009,74,4
LOUISE,M,2009,75,2
LOUISE,M,2009,76,3
LOUISE,M,2009,77,7
LOUISE,M,2009,78,8
LOUISE,M,2009,79,3
LOUISE,M,2009,80,5
LOUISE,M,2009,81,5
LOUISE,M,2009,82,2
LOUISE,M,2009,84,7
LOUISE,M,2009,85,1
LOUISE,M,2009,86,2
LOUISE,M,2009,87,8
LOUISE,M,2009,88,3
LOUISE,M,2009,89,2
LOUISE,M,2009,90,4
LOUISE,M,2009,91,3
LOUISE,M,2009,92,5
LOUISE,M,2009,93,3
LOUISE,M,2009,94,6
LOUISE,M,2009,95,4
GABRIEL,F,2009,01,5
GABRIEL,F,2009,02,4
GABRIEL,F,2009,03,5
GABRIEL,F,2009,04,2
GABRIEL,F,2009,05,4
GABRIEL,F,2009,06,3
GABRIEL,F,2009,07,6
GABRIEL,F,2009,08,1
GABRIEL,F,2009,09,2
GABRIEL,F,2009,10,4
GABRIEL,F,2009,11,4
GABRIEL,F,2009,12,3
GABRIEL,F,2009,13,2
GABRIEL,F,2009,14,4
GABRIEL,F,2009,15,5
GABRIEL,F,2009,16,5
GABRIEL,F,2009,17,6
GABRIEL,F,2009,18,2
GABRIEL,F,2009,19,6
GABRIEL,F,2009,21,7
GABRIEL,F,2009,22,6
GABRIEL,F,2009,23,3
GABRIEL,F,2009,24,2
GABRIEL,F,2009,25,4
GABRIEL,F,2009,26,3
GABRIEL,F,2009,27,2
GABRIEL,F,2009,28,3
GABRIEL,F,2009,29,5
GABRIEL,F,2009,2A,1
GABRIEL,F,2009,2B,4
GABRIEL,F,2009,30,9
GABRIEL,F,2009,31,2
GABRIEL,F,2009,33,6
GABRIEL,F,2009,34,4
GABRIEL,F,2009,35,4
GABRIEL,F,2009,36,4
GABRIEL,F,2009,38,4
GABRIEL,F,2009,39,2
GABRIEL,F,2009,40,4
GABRIEL,F,2009,41,3
GABRIEL,F,2009,42,5
GABRIEL,F,2009,43,3
GABRIEL,F,2009,44,5
GABRIEL,F,2009,45,4
GABRIEL,F,2009,46,6
GABRIEL,F,2009,47,4
GABRIEL,F,2009,48,8
GABRIEL,F,2009,49,5
GABRIEL,F,2009,50,3
GABRIEL,F,2009,51,2
GABRIEL,F,2009,52,6
GABRIEL,F,2009,53,1
GABRIEL,F,2009,54,6
GABRIEL,F,2009,55,3
GABRIEL,F,2009,56,4
GABRIEL,F,2009,57,5
GABRIEL,F,2009,58,5
GABRIEL,F,2009,59,3
GABRIEL,F,2009,60,1
GABRIEL,F,2009,61,4
GABRIEL,F,2009,62,4
GABRIEL,F,2009,63,12
GABRIEL,F,2009,64,2
GABRIEL,F,2009,65,3
GABRIEL,F,2009,66,3
GABRIEL,F,2009,67,1
GABRIEL,F,2009,68,5
GABRIEL,F,2009,69,2
GABRIEL,F,2009,70,5
GABRIEL,F,2009,71,3
GABRIEL,F,2009,72,2
GABRIEL,F,2009,73,2
GABRIEL,F,2009,74,5
GABRIEL,F,2009,75,2
GABRIEL,F,2009,76,5
GABRIEL,F,2009,77,1
GABRIEL,F,2009,78,3
GABRIEL,F,2009,79,6
GABRIEL,F,2009,80,4
GABRIEL,F,2009,81,6
GABRIEL,F,2009,82,4
GABRIEL,F,2009,83,5
GABRIEL,F,2009,84,5
GABRIEL,F,2009,85,3
GABRIEL,F,2009,86,8
GABRIEL,F,2009,87,6
GABRIEL,F,2009,88,4
GABRIEL,F,2009,89,5
GABRIEL,F,2009,90,5
GABRIEL,F,2009,91,3
GABRIEL,F,2009,92,7
GABRIEL,F,2009,93,4
GABRIEL,F,2009,94,4
GABRIEL,F,2009,95,3
GABRIEL,M,2009,01,3
GABRIEL,M,2009,02,3
GABRIEL,M,2009,03,7
GABRIEL,M,2009,04,7
GABRIEL,M,2009,05,6
GABRIEL,M,2009,06,4
GABRIEL,M,2009,07,8
GABRIEL,M,2009,08,5
GABRIEL,M,2009,09,3
GABRIEL,M,2009,10,5
GABRIEL,M,2009,11,4
GABRIEL,M,2009,12,6
GABRIEL,M,2009,13,2
GABRIEL,M,2009,14,1
GABRIEL,M,2009,15,4
GABRIEL,M,2009,16,5
GABRIEL,M,2009,17,4
GABRIEL,M,2009,18,6
GABRIEL,M,2009,19,5
GABRIEL,M,2009,21,6
GABRIEL,M,2009,22,8
GABRIEL,M,2009,23,3
GABRIEL,M,2009,24,5
GABRIEL,M,2009,25,2
GABRIEL,M,2009,26,4
GABRIEL,M,2009,27,4
GABRIEL,M,2009,28,4
GABRIEL,M,2009,29,5
GABRIEL,M,2009,2A,11
GABRIEL,M,2009,2B,3
GABRIEL,M,2009,30,4
GABRIEL,M,2009,31,1
GABRIEL,M,2009,32,4
GABRIEL,M,2009,33,5
GABRIEL,M,2009,34,3
GABRIEL,M,2009,35,8
GABRIEL,M,2009,36,4
GABRIEL,M,2009,37,7
GABRIEL,M,2009,38,2
GABRIEL,M,2009,39,6
GABRIEL,M,2009,40,2
GABRIEL,M,2009,41,5
GABRIEL,M,2009,42,4
GABRIEL,M,2009,43,7
GABRIEL,M,2009,44,6
GABRIEL,M,2009,45,6
GABRIEL,M,2009,46,3
GABRIEL,M,2009,47,8
GABRIEL,M,2009,48,6
GABRIEL,M,2009,49,4
GABRIEL,M,2009,50,6
GABRIEL,M,2009,51,2
GABRIEL,M,2009,52,1
GABRIEL,M,2009,53,5
GABRIEL,M,2009,54,3
GABRIEL,M,2009,55,2
GABRIEL,M,2009,56,3
GABRIEL,M,2009,57,3
GABRIEL,M,2009,58,7
GABRIEL,M,2009,59,3
GABRIEL,M,2009,60,3
GABRIEL,M,2009,61,4
GABRIEL,M,2009,62,3
GABRIEL,M,2009,63,5
GABRIEL,M,2009,64,4
GABRIEL,M,2009,65,5
GABRIEL,M,2009,66,7
GABRIEL,M,2009,67,9
GABRIEL,M,2009,68,4
GABRIEL,M,2009,69,4
GABRIEL,M,2009,70,2
GABRIEL,M,2009,71,7
GABRIEL,M,2009,72,3
GABRIEL,M,2009,73,4
GABRIEL,M,2009,74,4
GABRIEL,M,2009,75,3
GABRIEL,M,2009,76,4
GABRIEL,M,2009,77,5
GABRIEL,M,2009,78,7
GABRIEL,M,2009,79,9
GABRIEL,M,2009,80,2
GABRIEL,M,2009,81,7
GABRIEL,M,2009,82,5
GABRIEL,M,2009,83,1
GABRIEL,M,2009,84,4
GABRIEL,M,2009,85,5
GABRIEL,M,2009,88,2
GABRIEL,M,2009,89,4
GABRIEL,M,2009,90,3
GABRIEL,M,2009,91,4
GABRIEL,M,2009,92,4
GABRIEL,M,2009,93,3
GABRIEL,M,2009,94,5
GABRIEL,M,2009,95,4
JADE,F,2009,01,3
JADE,F,2009,02,5
JADE,F,2009,03,2
JADE,F,2009,04,6
JADE,F,2009,05,6
JADE,F,2009,06,3
JADE,F,2009,07,4
JADE,F,2009,08,5
JADE,F,2009,09,1
JADE,F,2009,10,3
JADE,F,2009,11,1
JADE,F,2009,12,7
JADE,F,2009,13,6
JADE,F,2009,14,1
JADE,F,2009,15,7
JADE,F,2009,16,6
JADE,F,2009,17,8
JADE,F,2009,18,4
JADE,F,2009,19,4
JADE,F,2009,21,6
JADE,F,2009,22,2
JADE,F,2009,23,5
JADE,F,2009,24,2
JADE,F,2009,25,2
JADE,F,2009,26,6
JADE,F,2009,27,1
JADE,F,2009,28,3
JADE,F,2009,29,3
JADE,F,2009,2A,5
JADE,F,2009,2B,3
JADE,F,2009,30,5
JADE,F,2009,31,4
JADE,F,2009,32,5
JADE,F,2009,33,1
JADE,F,2009,34,2
JADE,F,2009,35,8
JADE,F,2009,36,4
JADE,F,2009,37,4
JADE,F,2009,38,1
JADE,F,2009,39,3
JADE,F,2009,41,3
JADE,F,2009,42,2
JADE,F,2009,43,2
JADE,F,2009,44,2
JADE,F,2009,45,11
JADE,F,2009,46,3
JADE,F,2009,47,5
JADE,F,2009,48,6
JADE,F,2009,49,3
JADE,F,2009,50,4
JADE,F,2009,51,5
JADE,F,2009,52,2
JADE,F,2009,53,4
JADE,F,2009,54,5
JADE,F,2009,55,2
JADE,F,2009,56,8
JADE,F,2009,57,5
JADE,F,2009,58,2
JADE,F,2009,59,1
JADE,F,2009,60,9
JADE,F,2009,61,3
JADE,F,2009,62,4
JADE,F,2009,63,4
JADE,F,2009,64,3
JADE,F,2009,65,6
JADE,F,2009,66,3
JADE,F,2009,67,1
JADE,F,2009,68,3
JADE,F,2009,69,5
JADE,F,2009,70,2
JADE,F,2009,71,5
JADE,F,2009,72,2
JADE,F,2009,73,1
JADE,F,2009,74,1
JADE,F,2009,75,3
JADE,F,2009,76,2
JADE,F,2009,77,7
JADE,F,2009,78,10
JADE,F,2009,79,1
JADE,F,2009,80,3
JADE,F,2009,81,2
JADE,F,2009,82,9
JADE,F,2009,83,10
JADE,F,2009,84,5
JADE,F,2009,85,4
JADE,F,2009,87,5
JADE,F,2009,88,3
JADE,F,2009,89,6
JADE,F,2009,90,5
JADE,F,2009,91,5
JADE,F,2009,92,3
JADE,F,2009,93,2
JADE,F,2009,94,2
JADE,F,2009,95,7
JADE,M,2009,01,5
JADE,M,2009,02,2
JADE,M,2009,03,6
JADE,M,2009,04,3
JADE,M,2009,05,3
JADE,M,2009,06,9
JADE,M,2009,07,3
JADE,M,2009,08,6
JADE,M,2009,09,4
JADE,M,2009,10,4
JADE,M,2009,11,4
JADE,M,2009,12,3
JADE,M,2009,13,3
JADE,M,2009,14,1
JADE,M,2009,15,3
JADE,M,2009,16,1
JADE,M,2009,17,2
JADE,M,2009,18,7
JADE,M,2009,19,2
JADE,M,2009,21,3
JADE,M,2009,22,10
JADE,M,2009,23,2
JADE,M,2009,24,5
JADE,M,2009,25,2
JADE,M,2009,26,5
JADE,M,2009,27,3
JADE,M,2009,28,6
JADE,M,2009,29,4
JADE,M,2009,2A,5
JADE,M,2009,2B,3
JADE,M,2009,30,8
JADE,M,2009,31,2
JADE,M,2009,32,2
JADE,M,2009,33,2
JADE,M,2009,34,7
JADE,M,2009,35,3
JADE,M,2009,36,3
JADE,M,2009,38,5
JADE,M,2009,39,6
JADE,M,2009,40,1
JADE,M,2009,41,3
JADE,M,2009,42,4
JADE,M,2009,43,5
JADE,M,2009,45,2
JADE,M,2009,46,6
JADE,M,2009,47,5
JADE,M,2009,48,5
JADE,M,2009,49,2
JADE,M,2009,50,3
JADE,M,2009,51,4
JADE,M,2009,52,6
JADE,M,2009,53,3
JADE,M,2009,54,9
JADE,M,2009,55,6
JADE,M,2009,56,3
JADE,M,2009,57,3
JADE,M,2009,58,2
JADE,M,2009,59,4
JADE,M,2009,60,2
JADE,M,2009,61,5
JADE,M,2009,62,5
JADE,M,2009,63,7
JADE,M,2009,64,7
JADE,M,2009,65,4
JADE,M,2009,66,2
JADE,M,2009,67,5
JADE,M,2009,69,3
JADE,M,2009,70,5
JADE,M,2009,71,1
JADE,M,2009,72,4
JADE,M,2009,74,4
JADE,M,2009,75,2
JADE,M,2009,76,2
JADE,M,2009,77,3
JADE,M,2009,78,4
JADE,M,2009,79,9
JADE,M,2009,80,4
JADE,M,2009,81,1
JADE,M,2009,82,4
JADE,M,2009,83,3
JADE,M,2009,84,5
JADE,M,2009,85,4
JADE,M,2009,86,5
JADE,M,2009,87,4
JADE,M,2009,88,7
JADE,M,2009,89,5
JADE,M,2009,90,5
JADE,M,2009,91,3
JADE,M,2009,92,4
JADE,M,2009,93,5
JADE,M,2009,94,6
JADE,M,2009,95,5
ARTHUR,F,2009,01,5
ARTHUR,F,2009,02,4
ARTHUR,F,2009,03,3
ARTHUR,F,2009,04,2
ARTHUR,F,2009,05,2
ARTHUR,F,2009,06,4
ARTHUR,F,2009,07,6
ARTHUR,F,2009,08,1
ARTHUR,F,2009,09,5
ARTHUR,F,2009,10,2
ARTHUR,F,2009,11,5
ARTHUR,F,2009,12,6
ARTHUR,F,2009,13,6
ARTHUR,F,2009,14,2
ARTHUR,F,2009,15,4
ARTHUR,F,2009,16,1
ARTHUR,F,2009,17,6
ARTHUR,F,2009,18,5
ARTHUR,F,2009,19,3
ARTHUR,F,2009,21,4
ARTHUR,F,2009,23,2
ARTHUR,F,2009,24,4
ARTHUR,F,2009,25,6
ARTHUR,F,2009,26,2
ARTHUR,F,2009,27,1
ARTHUR,F,2009,28,3
ARTHUR,F,2009,2A,5
ARTHUR,F,2009,2B,5
ARTHUR,F,2009,30,2
ARTHUR,F,2009,31,1
ARTHUR,F,2009,32,5
ARTHUR,F,2009,33,3
ARTHUR,F,2009,34,5
ARTHUR,F,2009,35,2
ARTHUR,F,2009,36,3
ARTHUR,F,2009,37,4
ARTHUR,F,2009,38,2
ARTHUR,F,2009,39,3
ARTHUR,F,2009,40,5
ARTHUR,F,2009,41,7
ARTHUR,F,2009,42,3
ARTHUR,F,2009,43,6
ARTHUR,F,2009,44,2
ARTHUR,F,2009,45,3
ARTHUR,F,2009,46,2
ARTHUR,F,2009,47,4
ARTHUR,F,2009,48,2
ARTHUR,F,2009,49,10
ARTHUR,F,2009,50,3
ARTHUR,F,2009,51,5
ARTHUR,F,2009,53,6
ARTHUR,F,2009,54,6
ARTHUR,F,2009,55,5
ARTHUR,F,2009,56,6
ARTHUR,F,2009,57,2
ARTHUR,F,2009,58,3
ARTHUR,F,2009,59,2
ARTHUR,F,2009,60,7
ARTHUR,F,2009,61,1
ARTHUR,F,2009,62,5
ARTHUR,F,2009,63,5
ARTHUR,F,2009,64,1
ARTHUR,F,2009,65,3
ARTHUR,F,2009,66,4
ARTHUR,F,2009,67,4
ARTHUR,F,2009,68,2
ARTHUR,F,2009,69,7
ARTHUR,F,2009,70,4
ARTHUR,F,2009,71,3
ARTHUR,F,2009,72,4
ARTHUR,F,2009,73,4
ARTHUR,F,2009,74,2
ARTHUR,F,2009,75,1
ARTHUR,F,2009,76,5
ARTHUR,F,2009,77,3
ARTHUR,F,2009,78,1
ARTHUR,F,2009,79,3
ARTHUR,F,2009,80,4
ARTHUR,F,2009,81,2
ARTHUR,F,2009,82,6
ARTHUR,F,2009,83,5
ARTHUR,F,2009,84,5
ARTHUR,F,2009,85,4
ARTHUR,F,2009,86,3
ARTHUR,F,2009,87,4
ARTHUR,F,2009,88,3
ARTHUR,F,2009,89,1
ARTHUR,F,2009,90,2
ARTHUR,F,2009,91,10
ARTHUR,F,2009,92,4
ARTHUR,F,2009,93,3
ARTHUR,F,2009,94,4
ARTHUR,F,2009,95,3
ARTHUR,M,2009,01,3
ARTHUR,M,2009,02,1
ARTHUR,M,2009,03,5
ARTHUR,M,2009,04,2
ARTHUR,M,2009,05,5
ARTHUR,M,2009,06,8
ARTHUR,M,2009,07,1
ARTHUR,M,2009,08,1
ARTHUR,M,2009,09,1
ARTHUR,M,2009,10,4
ARTHUR,M,2009,11,5
ARTHUR,M,2009,12,4
ARTHUR,M,2009,13,3
ARTHUR,M,2009,14,2
ARTHUR,M,2009,15,4
ARTHUR,M,2009,16,3
ARTHUR,M,2009,17,3
ARTHUR,M,2009,18,1
ARTHUR,M,2009,19,2
ARTHUR,M,2009,21,2
ARTHUR,M,2009,22,5
ARTHUR,M,2009,23,4
ARTHUR,M,2009,24,1
ARTHUR,M,2009,25,4
ARTHUR,M,2009,26,5
ARTHUR,M,2009,27,4
ARTHUR,M,2009,28,1
ARTHUR,M,2009,29,4
ARTHUR,M,2009,2A,3
ARTHUR,M,2009,2B,5
ARTHUR,M,2009,30,9
ARTHUR,M,2009,31,3
ARTHUR,M,2009,32,7
ARTHUR,M,2009,33,5
ARTHUR,M,2009,34,2
ARTHUR,M,2009,35,3
ARTHUR,M,2009,36,5
ARTHUR,M,2009,37,4
ARTHUR,M,2009,38,4
ARTHUR,M,2009,39,5
ARTHUR,M,2009,40,3
ARTHUR,M,2009,41,2
ARTHUR,M,2009,42,7
ARTHUR,M,2009,43,2
ARTHUR,M,2009,44,6
ARTHUR,M,2009,45,4
ARTHUR,M,2009,46,7
ARTHUR,M,2009,47,2
ARTHUR,M,2009,48,4
ARTHUR,M,2009,49,6
ARTHUR,M,2009,50,1
ARTHUR,M,2009,51,6
ARTHUR,M,2009,52,2
ARTHUR,M,2009,53,1
ARTHUR,M,2009,54,6
ARTHUR,M,2009,55,3
ARTHUR,M,2009,56,4
ARTHUR,M,2009,57,6
ARTHUR,M,2009,58,1
ARTHUR,M,2009,59,5
ARTHUR,M,2009,60,2
ARTHUR,M,2009,61,2
ARTHUR,M,2009,62,3
ARTHUR,M,2009,63,6
ARTHUR,M,2009,64,6
ARTHUR,M,2009,65,8
ARTHUR,M,2009,66,6
ARTHUR,M,2009,67,5
ARTHUR,M,2009,68,3
ARTHUR,M,2009,69,3
ARTHUR,M,2009,70,5
ARTHUR,M,2009,71,6
ARTHUR,M,2009,72,4
ARTHUR,M,2009,73,4
ARTHUR,M,2009,74,5
ARTHUR,M,2009,75,3
ARTHUR,M,2009,76,5
ARTHUR,M,2009,77,3
ARTHUR,M,2009,78,4
ARTHUR,M,2009,79,2
ARTHUR,M,2009,80,3
ARTHUR,M,2009,81,2
ARTHUR,M,2009,82,1
ARTHUR,M,2009,83,2
ARTHUR,M,2009,84,4
ARTHUR,M,2009,85,4
ARTHUR,M,2009,86,2
ARTHUR,M,2009,87,4
ARTHUR,M,2009,88,4
ARTHUR,M,2009,89,4
ARTHUR,M,2009,90,3
ARTHUR,M,2009,91,3
ARTHUR,M,2009,92,8
ARTHUR,M,2009,93,8
ARTHUR,M,2009,94,6
ARTHUR,M,2009,95,3
MAELIG,F,2010,01,4
MAELIG,F,2010,02,2
MAELIG,F,2010,03,8
MAELIG,F,2010,04,2
MAELIG,F,2010,05,6
MAELIG,F,2010,06,5
MAELIG,F,2010,07,5
MAELIG,F,2010,08,3
MAELIG,F,2010,09,4
MAELIG,F,2010,10,2
MAELIG,F,2010,11,8
MAELIG,F,2010,12,3
MAELIG,F,2010,13,7
MAELIG,F,2010,14,7
MAELIG,F,2010,15,4
MAELIG,F,2010,16,7
MAELIG,F,2010,17,7
MAELIG,F,2010,18,4
MAELIG,F,2010,19,2
MAELIG,F,2010,21,2
MAELIG,F,2010,22,26
MAELIG,F,2010,23,2
MAELIG,F,2010,24,7
MAELIG,F,2010,25,1
MAELIG,F,2010,26,5
MAELIG,F,2010,27,8
MAELIG,F,2010,28,4
MAELIG,F,2010,29,24
MAELIG,F,2010,2A,6
MAELIG,F,2010,2B,8
MAELIG,F,2010,30,4
MAELIG,F,2010,31,3
MAELIG,F,2010,32,4
MAELIG,F,2010,33,4
MAELIG,F,2010,34,1
MAELIG,F,2010,35,34
MAELIG,F,2010,36,7
MAELIG,F,2010,37,5
MAELIG,F,2010,38,1
MAELIG,F,2010,39,10
MAELIG,F,2010,40,4
MAELIG,F,2010,41,6
MAELIG,F,2010,42,4
MAELIG,F,2010,43,4
MAELIG,F,2010,44,24
MAELIG,F,2010,45,3
MAELIG,F,2010,46,4
MAELIG,F,2010,47,11
MAELIG,F,2010,48,3
MAELIG,F,2010,49,7
MAELIG,F,2010,50,3
MAELIG,F,2010,51,3
MAELIG,F,2010,52,5
MAELIG,F,2010,53,5
MAELIG,F,2010,54,4
MAELIG,F,2010,55,3
MAELIG,F,2010,56,33
MAELIG,F,2010,57,7
MAELIG,F,2010,58,1
MAELIG,F,2010,59,5
MAELIG,F,2010,60,6
MAELIG,F,2010,61,6
MAELIG,F,2010,62,2
MAELIG,F,2010,63,1
MAELIG,F,2010,64,2
MAELIG,F,2010,66,7
MAELIG,F,2010,67,2
MAELIG,F,2010,68,6
MAELIG,F,2010,69,5
MAELIG,F,2010,70,5
MAELIG,F,2010,71,4
MAELIG,F,2010,72,5
MAELIG,F,2010,73,5
MAELIG,F,2010,74,6
MAELIG,F,2010,75,8
MAELIG,F,2010,76,5
MAELIG,F,2010,77,2
MAELIG,F,2010,78,4
MAELIG,F,2010,79,7
MAELIG,F,2010,80,4
MAELIG,F,2010,81,2
MAELIG,F,2010,82,2
MAELIG,F,2010,83,2
MAELIG,F,2010,84,2
MAELIG,F,2010,85,3
MAELIG,F,2010,86,6
MAELIG,F,2010,87,3
MAELIG,F,2010,88,6
MAELIG,F,2010,89,3
MAELIG,F,2010,90,4
MAELIG,F,2010,91,3
MAELIG,F,2010,92,3
MAELIG,F,2010,93,3
MAELIG,F,2010,94,3
MAELIG,F,2010,95,5
MAELIG,M,2010,01,3
MAELIG,M,2010,02,6
MAELIG,M,2010,03,2
MAELIG,M,2010,04,2
MAELIG,M,2010,05,10
MAELIG,M,2010,06,2
MAELIG,M,2010,07,6
MAELIG,M,2010,08,2
MAELIG,M,2010,09,5
MAELIG,M,2010,10,6
MAELIG,M,2010,11,6
MAELIG,M,2010,12,3
MAELIG,M,2010,13,5
MAELIG,M,2010,14,3
MAELIG,M,2010,15,6
MAELIG,M,2010,16,6
MAELIG,M,2010,17,4
MAELIG,M,2010,18,3
MAELIG,M,2010,19,5
MAELIG,M,2010,21,6
MAELIG,M,2010,22,18
MAELIG,M,2010,23,2
MAELIG,M,2010,24,6
MAELIG,M,2010,25,1
MAELIG,M,2010,26,5
MAELIG,M,2010,27,6
MAELIG,M,2010,28,5
MAELIG,M,2010,29,23
MAELIG,M,2010,2A,4
MAELIG,M,2010,2B,4
MAELIG,M,2010,30,2
MAELIG,M,2010,31,6
MAELIG,M,2010,32,3
MAELIG,M,2010,33,1
MAELIG,M,2010,34,3
MAELIG,M,2010,35,26
MAELIG,M,2010,36,4
MAELIG,M,2010,37,4
MAELIG,M,2010,38,3
MAELIG,M,2010,39,7
MAELIG,M,2010,40,1
MAELIG,M,2010,41,1
MAELIG,M,2010,42,4
MAELIG,M,2010,43,1
MAELIG,M,2010,44,23
MAELIG,M,2010,45,8
MAELIG,M,2010,47,6
MAELIG,M,2010,48,5
MAELIG,M,2010,49,3
MAELIG,M,2010,50,1
MAELIG,M,2010,51,6
MAELIG,M,2010,52,1
MAELIG,M,2010,54,1
MAELIG,M,2010,55,5
MAELIG,M,2010,56,23
MAELIG,M,2010,57,1
MAELIG,M,2010,58,4
MAELIG,M,2010,59,6
MAELIG,M,2010,60,3
MAELIG,M,2010,61,1
MAELIG,M,2010,62,2
MAELIG,M,2010,63,3
MAELIG,M,2010,64,3
MAELIG,M,2010,65,1
MAELIG,M,2010,66,7
MAELIG,M,2010,67,4
MAELIG,M,2010,68,2
MAELIG,M,2010,69,2
MAELIG,M,2010,70,2
MAELIG,M,2010,71,3
MAELIG,M,2010,72,6
MAELIG,M,2010,73,6
MAELIG,M,2010,74,1
MAELIG,M,2010,75,5
MAELIG,M,2010,76,4
MAELIG,M,2010,77,7
MAELIG,M,2010,78,7
MAELIG,M,2010,79,4
MAELIG,M,2010,80,6
MAELIG,M,2010,81,2
MAELIG,M,2010,83,11
MAELIG,M,2010,84,6
MAELIG,M,2010,86,4
MAELIG,M,2010,87,5
MAELIG,M,2010,88,7
MAELIG,M,2010,89,2
MAELIG,M,2010,90,1
MAELIG,M,2010,91,4
MAELIG,M,2010,92,8
MAELIG,M,2010,93,3
MAELIG,M,2010,94,3
MAELIG,M,2010,95,3
LOUISE,F,2010,01,1
LOUISE,F,2010,02,3
LOUISE,F,2010,03,3
LOUISE,F,2010,04,2
LOUISE,F,2010,05,3
LOUISE,F,2010,06,3
LOUISE,F,2010,07,2
LOUISE,F,2010,08,4
LOUISE,F,2010,09,3
LOUISE,F,2010,10,5
LOUISE,F,2010,11,1
LOUISE,F,2010,12,3
LOUISE,F,2010,13,3
LOUISE,F,2010,14,2
LOUISE,F,2010,15,6
LOUISE,F,2010,16,4
LOUISE,F,2010,17,4
LOUISE,F,2010,18,7
LOUISE,F,2010,19,3
LOUISE,F,2010,21,2
LOUISE,F,2010,22,4
LOUISE,F,2010,23,5
LOUISE,F,2010,24,6
LOUISE,F,2010,25,3
LOUISE,F,2010,26,1
LOUISE,F,2010,27,4
LOUISE,F,2010,28,2
LOUISE,F,2010,29,3
LOUISE,F,2010,2A,9
LOUISE,F,2010,2B,5
LOUISE,F,2010,30,8
LOUISE,F,2010,31,12
LOUISE,F,2010,32,4
LOUISE,F,2010,33,4
LOUISE,F,2010,34,3
LOUISE,F,2010,35,3
LOUISE,F,2010,36,4
LOUISE,F,2010,37,1
LOUISE,F,2010,38,1
LOUISE,F,2010,39,4
LOUISE,F,2010,40,2
LOUISE,F,2010,41,5
LOUISE,F,2010,42,8
LOUISE,F,2010,43,5
LOUISE,F,2010,44,3
LOUISE,F,2010,45,3
LOUISE,F,2010,46,8
LOUISE,F,2010,47,3
LOUISE,F,2010,48,4
LOUISE,F,2010,49,2
LOUISE,F,2010,50,8
LOUISE,F,2010,51,2
LOUISE,F,2010,52,4
LOUISE,F,2010,53,4
LOUISE,F,2010,54,1
LOUISE,F,2010,55,5
LOUISE,F,2010,56,6
LOUISE,F,2010,57,2
LOUISE,F,2010,58,3
LOUISE,F,2010,59,5
LOUISE,F,2010,60,3
LOUISE,F,2010,61,4
LOUISE,F,2010,62,4
LOUISE,F,2010,63,3
LOUISE,F,2010,64,9
LOUISE,F,2010,65,6
LOUISE,F,2010,66,2
LOUISE,F,2010,67,7
LOUISE,F,2010,68,7
LOUISE,F,2010,69,2
LOUISE,F,2010,70,7
LOUISE,F,2010,71,4
LOUISE,F,2010,72,4
LOUISE,F,2010,73,2
LOUISE,F,2010,74,5
LOUISE,F,2010,75,9
LOUISE,F,2010,76,5
LOUISE,F,2010,77,4
LOUISE,F,2010,78,7
LOUISE,F,2010,79,8
LOUISE,F,2010,80,4
LOUISE,F,2010,81,5
LOUISE,F,2010,82,2
LOUISE,F,2010,83,5
LOUISE,F,2010,84,5
LOUISE,F,2010,85,1
LOUISE,F,2010,86,7
LOUISE,F,2010,87,5
LOUISE,F,2010,88,3
LOUISE,F,2010,89,4
LOUISE,F,2010,90,4
LOUISE,F,2010,91,10
LOUISE,F,2010,92,7
LOUISE,F,2010,93,5
LOUISE,F,2010,94,2
LOUISE,F,2010,95,7
LOUISE,M,2010,01,5
LOUISE,M,2010,02,1
LOUISE,M,2010,03,1
LOUISE,M,2010,04,5
LOUISE,M,2010,05,1
LOUISE,M,2010,06,5
LOUISE,M,2010,07,4
LOUISE,M,2010,08,4
LOUISE,M,2010,09,1
LOUISE,M,2010,10,9
LOUISE,M,2010,11,1
LOUISE,M,2010,12,6
LOUISE,M,2010,13,3
LOUISE,M,2010,14,3
LOUISE,M,2010,15,2
LOUISE,M,2010,16,4
LOUISE,M,2010,17,5
LOUISE,M,2010,18,3
LOUISE,M,2010,19,3
LOUISE,M,2010,21,7
LOUISE,M,2010,22,5
LOUISE,M,2010,23,3
LOUISE,M,2010,24,5
LOUISE,M,2010,25,5
LOUISE,M,2010,26,5
LOUISE,M,2010,27,4
LOUISE,M,2010,28,4
LOUISE,M,2010,29,3
LOUISE,M,2010,2A,4
LOUISE,M,2010,2B,6
LOUISE,M,2010,30,3
LOUISE,M,2010,31,9
LOUISE,M,2010,32,3
LOUISE,M,2010,33,4
LOUISE,M,2010,34,1
LOUISE,M,2010,35,2
LOUISE,M,2010,36,5
LOUISE,M,2010,37,7
LOUISE,M,2010,38,2
LOUISE,M,2010,39,2
LOUISE,M,2010,40,2
LOUISE,M,2010,41,3
LOUISE,M,2010,42,4
LOUISE,M,2010,44,5
LOUISE,M,2010,45,3
LOUISE,M,2010,46,3
LOUISE,M,2010,47,2
LOUISE,M,2010,48,5
LOUISE,M,2010,49,1
LOUISE,M,2010,50,4
LOUISE,M,2010,51,8
LOUISE,M,2010,52,4
LOUISE,M,2010,53,3
LOUISE,M,2010,54,7
LOUISE,M,2010,55,4
LOUISE,M,2010,56,6
LOUISE,M,2010,57,3
LOUISE,M,2010,58,5
LOUISE,M,2010,59,3
LOUISE,M,2010,60,5
LOUISE,M,2010,61,7
LOUISE,M,2010,62,1
LOUISE,M,2010,63,1
LOUISE,M,2010,64,3
LOUISE,M,2010,66,2
LOUISE,M,2010,67,3
LOUISE,M,2010,68,2
LOUISE,M,2010,69,4
LOUISE,M,2010,70,6
LOUISE,M,2010,71,4
LOUISE,M,2010,72,5
LOUISE,M,2010,73,4
LOUISE,M,2010,74,3
LOUISE,M,2010,75,5
LOUISE,M,2010,76,4
LOUISE,M,2010,77,7
LOUISE,M,2010,78,6
LOUISE,M,2010,79,8
LOUISE,M,2010,80,3
LOUISE,M,2010,81,7
LOUISE,M,2010,82,3
LOUISE,M,2010,83,2
LOUISE,M,2010,84,1
LOUISE,M,2010,85,4
LOUISE,M,2010,86,3
LOUISE,M,2010,87,3
LOUISE,M,2010,88,1
LOUISE,M,2010,89,2
LOUISE,M,2010,90,2
LOUISE,M,2010,91,5
LOUISE,M,2010,92,3
LOUISE,M,2010,93,5
LOUISE,M,2010,94,5
LOUISE,M,2010,95,3
GABRIEL,F,2010,01,6
GABRIEL,F,2010,02,3
GABRIEL,F,2010,03,4
GABRIEL,F,2010,04,4
GABRIEL,F,2010,05,7
GABRIEL,F,2010,06,5
GABRIEL,F,2010,07,6
GABRIEL,F,2010,08,5
GABRIEL,F,2010,09,7
GABRIEL,F,2010,10,5
GABRIEL,F,2010,11,1
GABRIEL,F,2010,12,2
GABRIEL,F,2010,13,3
GABRIEL,F,2010,14,2
GABRIEL,F,2010,15,5
GABRIEL,F,2010,16,4
GABRIEL,F,2010,17,2
GABRIEL,F,2010,18,4
GABRIEL,F,2010,19,5
GABRIEL,F,2010,21,6
GABRIEL,F,2010,22,3
GABRIEL,F,2010,23,4
GABRIEL,F,2010,24,3
GABRIEL,F,2010,25,5
GABRIEL,F,2010,26,6
GABRIEL,F,2010,27,2
GABRIEL,F,2010,28,3
GABRIEL,F,2010,29,4
GABRIEL,F,2010,2A,3
GABRIEL,F,2010,2B,4
GABRIEL,F,2010,30,4
GABRIEL,F,2010,31,7
GABRIEL,F,2010,32,6
GABRIEL,F,2010,33,5
GABRIEL,F,2010,34,4
GABRIEL,F,2010,35,6
GABRIEL,F,2010,36,6
GABRIEL,F,2010,37,4
GABRIEL,F,2010,38,1
GABRIEL,F,2010,39,4
GABRIEL,F,2010,40,2
GABRIEL,F,2010,42,4
GABRIEL,F,2010,43,8
GABRIEL,F,2010,44,4
GABRIEL,F,2010,45,3
GABRIEL,F,2010,46,4
GABRIEL,F,2010,47,5
GABRIEL,F,2010,48,6
GABRIEL,F,2010,49,4
GABRIEL,F,2010,50,7
GABRIEL,F,2010,52,2
GABRIEL,F,2010,53,7
GABRIEL,F,2010,54,5
GABRIEL,F,2010,55,6
GABRIEL,F,2010,56,6
GABRIEL,F,2010,57,2
GABRIEL,F,2010,58,1
GABRIEL,F,2010,59,3
GABRIEL,F,2010,60,3
GABRIEL,F,2010,61,2
GABRIEL,F,2010,62,3
GABRIEL,F,2010,63,7
GABRIEL,F,2010,64,4
GABRIEL,F,2010,65,5
GABRIEL,F,2010,66,4
GABRIEL,F,2010,67,5
GABRIEL,F,2010,68,2
GABRIEL,F,2010,69,1
GABRIEL,F,2010,70,1
GABRIEL,F,2010,71,4
GABRIEL,F,2010,72,7
GABRIEL,F,2010,73,2
GABRIEL,F,2010,74,3
GABRIEL,F,2010,75,1
GABRIEL,F,2010,76,3
GABRIEL,F,2010,77,3
GABRIEL,F,2010,78,4
GABRIEL,F,2010,79,4
GABRIEL,F,2010,80,2
GABRIEL,F,2010,81,2
GABRIEL,F,2010,82,5
GABRIEL,F,2010,83,3
GABRIEL,F,2010,84,4
GABRIEL,F,2010,85,2
GABRIEL,F,2010,86,2
GABRIEL,F,2010,87,5
GABRIEL,F,2010,89,7
GABRIEL,F,2010,90,3
GABRIEL,F,2010,91,4
GABRIEL,F,2010,92,8
GABRIEL,F,2010,93,5
GABRIEL,F,2010,94,4
GABRIEL,F,2010,95,3
GABRIEL,M,2010,01,6
GABRIEL,M,2010,02,5
GABRIEL,M,2010,03,5
GABRIEL,M,2010,04,7
GABRIEL,M,2010,05,7
GABRIEL,M,2010,06,4
GABRIEL,M,2010,07,1
GABRIEL,M,2010,08,8
GABRIEL,M,2010,09,7
GABRIEL,M,2010,10,5
GABRIEL,M,2010,12,4
GABRIEL,M,2010,13,4
GABRIEL,M,2010,14,7
GABRIEL,M,2010,15,5
GABRIEL,M,2010,16,4
GABRIEL,M,2010,17,4
GABRIEL,M,2010,18,4
GABRIEL,M,2010,19,6
GABRIEL,M,2010,21,4
GABRIEL,M,2010,22,1
GABRIEL,M,2010,23,3
GABRIEL,M,2010,24,4
GABRIEL,M,2010,25,1
GABRIEL,M,2010,26,8
GABRIEL,M,2010,27,3
GABRIEL,M,2010,28,3
GABRIEL,M,2010,29,2
GABRIEL,M,2010,2A,7
GABRIEL,M,2010,2B,2
GABRIEL,M,2010,30,3
GABRIEL,M,2010,31,1
GABRIEL,M,2010,32,6
GABRIEL,M,2010,33,3
GABRIEL,M,2010,34,6
GABRIEL,M,2010,35,7
GABRIEL,M,2010,36,4
GABRIEL,M,2010,37,5
GABRIEL,M,2010,38,7
GABRIEL,M,2010,39,5
GABRIEL,M,2010,40,4
GABRIEL,M,2010,41,3
GABRIEL,M,2010,42,5
GABRIEL,M,2010,43,5
GABRIEL,M,2010,44,1
GABRIEL,M,2010,45,4
GABRIEL,M,2010,46,6
GABRIEL,M,2010,47,2
GABRIEL,M,2010,48,3
GABRIEL,M,2010,49,3
GABRIEL,M,2010,50,2
GABRIEL,M,2010,51,1
GABRIEL,M,2010,52,8
GABRIEL,M,2010,53,3
GABRIEL,M,2010,54,1
GABRIEL,M,2010,55,3
GABRIEL,M,2010,56,5
GABRIEL,M,2010,57,3
GABRIEL,M,2010,58,5
GABRIEL,M,2010,59,5
GABRIEL,M,2010,60,6
GABRIEL,M,2010,62,3
GABRIEL,M,2010,63,3
GABRIEL,M,2010,64,2
GABRIEL,M,2010,65,3
GABRIEL,M,2010,66,2
GABRIEL,M,2010,67,3
GABRIEL,M,2010,68,2
GABRIEL,M,2010,69,6
GABRIEL,M,2010,70,6
GABRIEL,M,2010,71,5
GABRIEL,M,2010,72,6
GABRIEL,M,2010,73,4
GABRIEL,M,2010,74,2
GABRIEL,M,2010,75,3
GABRIEL,M,2010,76,2
GABRIEL,M,2010,77,6
GABRIEL,M,2010,78,3
GABRIEL,M,2010,79,2
GABRIEL,M,2010,80,1
GABRIEL,M,2010,81,6
GABRIEL,M,2010,82,6
GABRIEL,M,2010,83,2
GABRIEL,M,2010,84,4
GABRIEL,M,2010,85,3
GABRIEL,M,2010,86,3
GABRIEL,M,2010,87,4
GABRIEL,M,2010,88,6
GABRIEL,M,2010,89,6
GABRIEL,M,2010,90,6
GABRIEL,M,2010,91,6
GABRIEL,M,2010,92,5
GABRIEL,M,2010,93,2
GABRIEL,M,2010,94,8
GABRIEL,M,2010,95,4
JADE,F,2010,01,2
JADE,F,2010,02,9
JADE,F,2010,03,3
JADE,F,2010,04,5
JADE,F,2010,05,3
JADE,F,2010,06,4
JADE,F,2010,07,4
JADE,F,2010,08,5
JADE,F,2010,09,3
JADE,F,2010,10,3
JADE,F,2010,11,3
JADE,F,2010,12,4
JADE,F,2010,13,8
JADE,F,2010,14,4
JADE,F,2010,15,5
JADE,F,2010,16,5
JADE,F,2010,17,5
JADE,F,2010,18,8
JADE,F,2010,19,7
JADE,F,2010,21,3
JADE,F,2010,22,1
JADE,F,2010,23,7
JADE,F,2010,24,6
JADE,F,2010,25,5
JADE,F,2010,26,2
JADE,F,2010,27,4
JADE,F,2010,28,4
JADE,F,2010,29,5
JADE,F,2010,2A,5
JADE,F,2010,2B,2
JADE,F,2010,30,4
JADE,F,2010,31,5
JADE,F,2010,32,5
JADE,F,2010,33,2
JADE,F,2010,34,6
JADE,F,2010,35,3
JADE,F,2010,36,4
JADE,F,2010,37,2
JADE,F,2010,38,4
JADE,F,2010,39,2
JADE,F,2010,40,2
JADE,F,2010,41,4
JADE,F,2010,42,5
JADE,F,2010,43,6
JADE,F,2010,44,6
JADE,F,2010,45,3
JADE,F,2010,46,1
JADE,F,2010,48,6
JADE,F,2010,49,5
JADE,F,2010,50,10
JADE,F,2010,51,1
JADE,F,2010,52,3
JADE,F,2010,53,6
JADE,F,2010,54,3
JADE,F,2010,55,8
JADE,F,2010,56,4
JADE,F,2010,57,3
JADE,F,2010,58,1
JADE,F,2010,59,2
JADE,F,2010,60,2
JADE,F,2010,61,2
JADE,F,2010,62,3
JADE,F,2010,63,4
JADE,F,2010,64,8
JADE,F,2010,65,2
JADE,F,2010,66,5
JADE,F,2010,67,1
JADE,F,2010,68,5
JADE,F,2010,69,3
JADE,F,2010,70,4
JADE,F,2010,71,4
JADE,F,2010,72,2
JADE,F,2010,73,4
JADE,F,2010,74,4
JADE,F,2010,75,4
JADE,F,2010,76,6
JADE,F,2010,77,2
JADE,F,2010,78,3
JADE,F,2010,79,2
JADE,F,2010,80,3
JADE,F,2010,81,2
JADE,F,2010,82,2
JADE,F,2010,83,2
JADE,F,2010,84,2
JADE,F,2010,85,3
JADE,F,2010,86,4
JADE,F,2010,87,4
JADE,F,2010,88,7
JADE,F,2010,89,4
JADE,F,2010,91,5
JADE,F,2010,92,5
JADE,F,2010,93,4
JADE,F,2010,94,4
JADE,F,2010,95,2
JADE,M,2010,01,8
JADE,M,2010,02,2
JADE,M,2010,03,8
JADE,M,2010,04,1
JADE,M,2010,05,4
JADE,M,2010,06,2
JADE,M,2010,07,7
JADE,M,2010,08,2
JADE,M,2010,09,7
JADE,M,2010,10,4
JADE,M,2010,11,1
JADE,M,2010,12,4
JADE,M,2010,13,1
JADE,M,2010,14,6
JADE,M,2010,15,2
JADE,M,2010,16,6
JADE,M,2010,17,3
JADE,M,2010,18,3
JADE,M,2010,19,8
JADE,M,2010,21,2
JADE,M,2010,22,3
JADE,M,2010,23,3
JADE,M,2010,24,4
JADE,M,2010,25,2
JADE,M,2010,26,2
JADE,M,2010,27,5
JADE,M,2010,28,7
JADE,M,2010,29,3
JADE,M,2010,2A,7
JADE,M,2010,2B,7
JADE,M,2010,30,9
JADE,M,2010,31,6
JADE,M,2010,32,4
JADE,M,2010,33,3
JADE,M,2010,34,4
JADE,M,2010,35,6
JADE,M,2010,36,5
JADE,M,2010,37,5
JADE,M,2010,38,5
JADE,M,2010,39,1
JADE,M,2010,40,3
JADE,M,2010,41,8
JADE,M,2010,42,8
JADE,M,2010,43,3
JADE,M,2010,44,2
JADE,M,2010,45,1
JADE,M,2010,46,6
JADE,M,2010,47,2
JADE,M,2010,48,6
JADE,M,2010,49,2
JADE,M,2010,50,5
JADE,M,2010,51,9
JADE,M,2010,52,10
JADE,M,2010,53,3
JADE,M,2010,54,4
JADE,M,2010,55,3
JADE,M,2010,56,5
JADE,M,2010,57,5
JADE,M,2010,58,4
JADE,M,2010,59,5
JADE,M,2010,60,9
JADE,M,2010,61,7
JADE,M,2010,62,6
JADE,M,2010,63,5
JADE,M,2010,64,3
JADE,M,2010,65,6
JADE,M,2010,66,6
JADE,M,2010,67,7
JADE,M,2010,68,5
JADE,M,2010,69,6
JADE,M,2010,70,2
JADE,M,2010,71,5
JADE,M,2010,72,3
JADE,M,2010,73,2
JADE,M,2010,74,4
JADE,M,2010,75,6
JADE,M,2010,76,5
JADE,M,2010,77,5
JADE,M,2010,78,4
JADE,M,2010,79,5
JADE,M,2010,80,3
JADE,M,2010,81,8
JADE,M,2010,82,4
JADE,M,2010,83,3
JADE,M,2010,84,2
JADE,M,2010,85,4
JADE,M,2010,87,5
JADE,M,2010,90,6
JADE,M,2010,91,1
JADE,M,2010,92,1
JADE,M,2010,93,1
JADE,M,2010,94,4
JADE,M,2010,95,9
ARTHUR,F,2010,01,7
ARTHUR,F,2010,02,3
ARTHUR,F,2010,03,3
ARTHUR,F,2010,04,3
ARTHUR,F,2010,06,4
ARTHUR,F,2010,07,6
ARTHUR,F,2010,08,4
ARTHUR,F,2010,09,5
ARTHUR,F,2010,10,5
ARTHUR,F,2010,11,5
ARTHUR,F,2010,12,6
ARTHUR,F,2010,13,3
ARTHUR,F,2010,14,4
ARTHUR,F,2010,15,3
ARTHUR,F,2010,16,2
ARTHUR,F,2010,17,8
ARTHUR,F,2010,18,8
ARTHUR,F,2010,19,1
ARTHUR,F,2010,21,4
ARTHUR,F,2010,22,4
ARTHUR,F,2010,23,3
ARTHUR,F,2010,24,2
ARTHUR,F,2010,25,4
ARTHUR,F,2010,26,6
ARTHUR,F,2010,27,2
ARTHUR,F,2010,28,3
ARTHUR,F,2010,29,4
ARTHUR,F,2010,2A,2
ARTHUR,F,2010,2B,1
ARTHUR,F,2010,30,1
ARTHUR,F,2010,31,1
ARTHUR,F,2010,32,4
ARTHUR,F,2010,33,2
ARTHUR,F,2010,34,2
ARTHUR,F,2010,35,3
ARTHUR,F,2010,36,8
ARTHUR,F,2010,37,2
ARTHUR,F,2010,38,6
ARTHUR,F,2010,39,11
ARTHUR,F,2010,40,5
ARTHUR,F,2010,41,7
ARTHUR,F,2010,42,2
ARTHUR,F,2010,43,4
ARTHUR,F,2010,44,3
ARTHUR,F,2010,45,2
ARTHUR,F,2010,46,8
ARTHUR,F,2010,47,5
ARTHUR,F,2010,48,3
ARTHUR,F,2010,49,4
ARTHUR,F,2010,50,6
ARTHUR,F,2010,51,3
ARTHUR,F,2010,52,2
ARTHUR,F,2010,53,2
ARTHUR,F,2010,55,5
ARTHUR,F,2010,56,4
ARTHUR,F,2010,57,5
ARTHUR,F,2010,58,3
ARTHUR,F,2010,59,7
ARTHUR,F,2010,60,5
ARTHUR,F,2010,61,7
ARTHUR,F,2010,62,4
ARTHUR,F,2010,63,2
ARTHUR,F,2010,64,5
ARTHUR,F,2010,65,4
ARTHUR,F,2010,66,3
ARTHUR,F,2010,67,4
ARTHUR,F,2010,68,5
ARTHUR,F,2010,69,6
ARTHUR,F,2010,70,5
ARTHUR,F,2010,71,8
ARTHUR,F,2010,72,5
ARTHUR,F,2010,73,3
ARTHUR,F,2010,74,3
ARTHUR,F,2010,75,6
ARTHUR,F,2010,76,3
ARTHUR,F,2010,77,3
ARTHUR,F,2010,78,5
ARTHUR,F,2010,79,4
ARTHUR,F,2010,80,8
ARTHUR,F,2010,81,5
ARTHUR,F,2010,82,5
ARTHUR,F,2010,83,2
ARTHUR,F,2010,84,4
ARTHUR,F,2010,85,2
ARTHUR,F,2010,86,5
ARTHUR,F,2010,87,1
ARTHUR,F,2010,88,3
ARTHUR,F,2010,89,2
ARTHUR,F,2010,90,2
ARTHUR,F,2010,91,5
ARTHUR,F,2010,92,6
ARTHUR,F,2010,93,4
ARTHUR,F,2010,94,4
ARTHUR,F,2010,95,8
ARTHUR,M,2010,01,7
ARTHUR,M,2010,02,5
ARTHUR,M,2010,03,8
ARTHUR,M,2010,04,4
ARTHUR,M,2010,05,4
ARTHUR,M,2010,06,5
ARTHUR,M,2010,07,4
ARTHUR,M,2010,08,4
ARTHUR,M,2010,09,4
ARTHUR,M,2010,10,5
ARTHUR,M,2010,11,3
ARTHUR,M,2010,12,3
ARTHUR,M,2010,13,4
ARTHUR,M,2010,14,4
ARTHUR,M,2010,15,2
ARTHUR,M,2010,16,4
ARTHUR,M,2010,17,6
ARTHUR,M,2010,18,3
ARTHUR,M,2010,19,3
ARTHUR,M,2010,21,3
ARTHUR,M,2010,22,5
ARTHUR,M,2010,23,6
ARTHUR,M,2010,24,2
ARTHUR,M,2010,25,6
ARTHUR,M,2010,26,5
ARTHUR,M,2010,27,6
ARTHUR,M,2010,28,7
ARTHUR,M,2010,29,1
ARTHUR,M,2010,2A,3
ARTHUR,M,2010,2B,8
ARTHUR,M,2010,30,1
ARTHUR,M,2010,31,4
ARTHUR,M,2010,32,5
ARTHUR,M,2010,33,7
ARTHUR,M,2010,34,5
ARTHUR,M,2010,35,6
ARTHUR,M,2010,36,2
ARTHUR,M,2010,37,5
ARTHUR,M,2010,38,3
ARTHUR,M,2010,39,1
ARTHUR,M,2010,40,5
ARTHUR,M,2010,41,2
ARTHUR,M,2010,42,7
ARTHUR,M,2010,43,4
ARTHUR,M,2010,44,3
ARTHUR,M,2010,45,1
ARTHUR,M,2010,46,5
ARTHUR,M,2010,47,3
ARTHUR,M,2010,48,5
ARTHUR,M,2010,49,2
ARTHUR,M,2010,50,6
ARTHUR,M,2010,51,1
ARTHUR,M,2010,52,3
ARTHUR,M,2010,53,2
ARTHUR,M,2010,54,4
ARTHUR,M,2010,55,4
ARTHUR,M,2010,56,5
ARTHUR,M,2010,57,6
ARTHUR,M,2010,58,3
ARTHUR,M,2010,59,4
ARTHUR,M,2010,60,3
ARTHUR,M,2010,61,4
ARTHUR,M,2010,62,1
ARTHUR,M,2010,63,1
ARTHUR,M,2010,64,2
ARTHUR,M,2010,65,1
ARTHUR,M,2010,66,2
ARTHUR,M,2010,67,1
ARTHUR,M,2010,68,7
ARTHUR,M,2010,69,2
ARTHUR,M,2010,70,3
ARTHUR,M,2010,71,5
ARTHUR,M,2010,72,4
ARTHUR,M,2010,73,7
ARTHUR,M,2010,74,6
ARTHUR,M,2010,75,2
ARTHUR,M,2010,76,4
ARTHUR,M,2010,77,6
ARTHUR,M,2010,78,3
ARTHUR,M,2010,79,6
ARTHUR,M,2010,80,3
ARTHUR,M,2010,81,3
ARTHUR,M,2010,82,2
ARTHUR,M,2010,83,5
ARTHUR,M,2010,84,5
ARTHUR,M,2010,85,5
ARTHUR,M,2010,86,4
ARTHUR,M,2010,87,2
ARTHUR,M,2010,88,5
ARTHUR,M,2010,89,3
ARTHUR,M,2010,90,5
ARTHUR,M,2010,91,2
ARTHUR,M,2010,92,2
ARTHUR,M,2010,93,5
ARTHUR,M,2010,94,6
ARTHUR,M,2010,95,3
MAELIG,F,2011,01,8
MAELIG,F,2011,02,7
MAELIG,F,2011,03,4
MAELIG,F,2011,04,5
MAELIG,F,2011,05,7
MAELIG,F,2011,06,3
MAELIG,F,2011,07,10
MAELIG,F,2011,08,3
MAELIG,F,2011,09,5
MAELIG,F,2011,10,3
MAELIG,F,2011,11,6
MAELIG,F,2011,12,3
MAELIG,F,2011,13,5
MAELIG,F,2011,14,1
MAELIG,F,2011,15,3
MAELIG,F,2011,16,6
MAELIG,F,2011,17,4
MAELIG,F,2011,18,3
MAELIG,F,2011,19,3
MAELIG,F,2011,21,1
MAELIG,F,2011,22,34
MAELIG,F,2011,23,6
MAELIG,F,2011,24,4
MAELIG,F,2011,25,5
MAELIG,F,2011,26,1
MAELIG,F,2011,27,6
MAELIG,F,2011,28,4
MAELIG,F,2011,29,31
MAELIG,F,2011,2A,5
MAELIG,F,2011,2B,4
MAELIG,F,2011,30,1
MAELIG,F,2011,31,3
MAELIG,F,2011,32,4
MAELIG,F,2011,33,1
MAELIG,F,2011,34,3
MAELIG,F,2011,35,21
MAELIG,F,2011,36,3
MAELIG,F,2011,37,1
MAELIG,F,2011,38,4
MAELIG,F,2011,39,4
MAELIG,F,2011,40,6
MAELIG,F,2011,41,3
MAELIG,F,2011,42,2
MAELIG,F,2011,43,9
MAELIG,F,2011,44,20
MAELIG,F,2011,45,3
MAELIG,F,2011,46,3
MAELIG,F,2011,47,2
MAELIG,F,2011,48,6
MAELIG,F,2011,49,3
MAELIG,F,2011,50,4
MAELIG,F,2011,51,4
MAELIG,F,2011,52,4
MAELIG,F,2011,54,1
MAELIG,F,2011,55,2
MAELIG,F,2011,56,20
MAELIG,F,2011,57,2
MAELIG,F,2011,58,1
MAELIG,F,2011,59,4
MAELIG,F,2011,60,1
MAELIG,F,2011,61,3
MAELIG,F,2011,62,1
MAELIG,F,2011,63,3
MAELIG,F,2011,64,8
MAELIG,F,2011,65,9
MAELIG,F,2011,66,2
MAELIG,F,2011,67,1
MAELIG,F,2011,68,5
MAELIG,F,2011,69,4
MAELIG,F,2011,70,5
MAELIG,F,2011,71,4
MAELIG,F,2011,72,5
MAELIG,F,2011,74,2
MAELIG,F,2011,75,3
MAELIG,F,2011,76,3
MAELIG,F,2011,77,1
MAELIG,F,2011,78,3
MAELIG,F,2011,79,5
MAELIG,F,2011,80,9
MAELIG,F,2011,81,5
MAELIG,F,2011,83,5
MAELIG,F,2011,84,3
MAELIG,F,2011,85,5
MAELIG,F,2011,86,5
MAELIG,F,2011,87,7
MAELIG,F,2011,88,1
MAELIG,F,2011,89,2
MAELIG,F,2011,90,3
MAELIG,F,2011,91,7
MAELIG,F,2011,92,5
MAELIG,F,2011,93,5
MAELIG,F,2011,94,4
MAELIG,F,2011,95,6
MAELIG,M,2011,01,4
MAELIG,M,2011,02,2
MAELIG,M,2011,03,7
MAELIG,M,2011,04,5
MAELIG,M,2011,05,2
MAELIG,M,2011,06,2
MAELIG,M,2011,07,6
MAELIG,M,2011,08,7
MAELIG,M,2011,09,6
MAELIG,M,2011,10,3
MAELIG,M,2011,11,7
MAELIG,M,2011,12,4
MAELIG,M,2011,13,5
MAELIG,M,2011,14,3
MAELIG,M,2011,15,2
MAELIG,M,2011,16,4
MAELIG,M,2011,17,6
MAELIG,M,2011,18,4
MAELIG,M,2011,19,5
MAELIG,M,2011,21,2
MAELIG,M,2011,22,21
MAELIG,M,2011,23,3
MAELIG,M,2011,25,4
MAELIG,M,2011,26,3
MAELIG,M,2011,27,3
MAELIG,M,2011,28,2
MAELIG,M,2011,29,17
MAELIG,M,2011,2A,6
MAELIG,M,2011,2B,7
MAELIG,M,2011,31,2
MAELIG,M,2011,32,2
MAELIG,M,2011,33,5
MAELIG,M,2011,34,6
MAELIG,M,2011,35,27
MAELIG,M,2011,36,1
MAELIG,M,2011,37,5
MAELIG,M,2011,38,3
MAELIG,M,2011,39,2
MAELIG,M,2011,40,2
MAELIG,M,2011,41,1
MAELIG,M,2011,42,4
MAELIG,M,2011,43,5
MAELIG,M,2011,44,26
MAELIG,M,2011,45,1
MAELIG,M,2011,46,1
MAELIG,M,2011,47,7
MAELIG,M,2011,48,1
MAELIG,M,2011,49,8
MAELIG,M,2011,50,3
MAELIG,M,2011,51,3
MAELIG,M,2011,52,5
MAELIG,M,2011,53,3
MAELIG,M,2011,54,9
MAELIG,M,2011,55,4
MAELIG,M,2011,56,19
MAELIG,M,2011,57,6
MAELIG,M,2011,58,4
MAELIG,M,2011,59,2
MAELIG,M,2011,60,4
MAELIG,M,2011,61,3
MAELIG,M,2011,62,9
MAELIG,M,2011,63,4
MAELIG,M,2011,64,4
MAELIG,M,2011,65,4
MAELIG,M,2011,66,3
MAELIG,M,2011,67,5
MAELIG,M,2011,68,3
MAELIG,M,2011,69,1
MAELIG,M,2011,70,3
MAELIG,M,2011,71,3
MAELIG,M,2011,72,6
MAELIG,M,2011,73,1
MAELIG,M,2011,74,4
MAELIG,M,2011,75,3
MAELIG,M,2011,76,7
MAELIG,M,2011,77,2
MAELIG,M,2011,78,3
MAELIG,M,2011,79,2
MAELIG,M,2011,80,5
MAELIG,M,2011,81,2
MAELIG,M,2011,82,3
MAELIG,M,2011,83,8
MAELIG,M,2011,84,4
MAELIG,M,2011,85,1
MAELIG,M,2011,86,2
MAELIG,M,2011,87,2
MAELIG,M,2011,88,6
MAELIG,M,2011,89,6
MAELIG,M,2011,90,2
MAELIG,M,2011,91,4
MAELIG,M,2011,92,4
MAELIG,M,2011,93,5
MAELIG,M,2011,94,5
MAELIG,M,2011,95,9
LOUISE,F,2011,01,3
LOUISE,F,2011,02,3
LOUISE,F,2011,03,5
LOUISE,F,2011,04,6
LOUISE,F,2011,05,3
LOUISE,F,2011,06,3
LOUISE,F,2011,07,6
LOUISE,F,2011,09,5
LOUISE,F,2011,11,4
LOUISE,F,2011,12,1
LOUISE,F,2011,13,2
LOUISE,F,2011,14,6
LOUISE,F,2011,15,3
LOUISE,F,2011,16,2
LOUISE,F,2011,17,6
LOUISE,F,2011,18,4
LOUISE,F,2011,19,1
LOUISE,F,2011,21,3
LOUISE,F,2011,22,6
LOUISE,F,2011,23,4
LOUISE,F,2011,24,3
LOUISE,F,2011,25,3
LOUISE,F,2011,26,1
LOUISE,F,2011,27,2
LOUISE,F,2011,28,3
LOUISE,F,2011,29,2
LOUISE,F,2011,2A,3
LOUISE,F,2011,2B,1
LOUISE,F,2011,30,8
LOUISE,F,2011,31,4
LOUISE,F,2011,32,2
LOUISE,F,2011,33,4
LOUISE,F,2011,34,4
LOUISE,F,2011,35,5
LOUISE,F,2011,36,3
LOUISE,F,2011,37,2
LOUISE,F,2011,38,4
LOUISE,F,2011,39,4
LOUISE,F,2011,40,4
LOUISE,F,2011,41,1
LOUISE,F,2011,43,6
LOUISE,F,2011,44,3
LOUISE,F,2011,45,6
LOUISE,F,2011,46,3
LOUISE,F,2011,47,3
LOUISE,F,2011,48,6
LOUISE,F,2011,49,5
LOUISE,F,2011,50,5
LOUISE,F,2011,51,6
LOUISE,F,2011,52,2
LOUISE,F,2011,53,4
LOUISE,F,2011,54,7
LOUISE,F,2011,55,5
LOUISE,F,2011,56,3
LOUISE,F,2011,57,5
LOUISE,F,2011,58,3
LOUISE,F,2011,59,4
LOUISE,F,2011,60,3
LOUISE,F,2011,61,1
LOUISE,F,2011,62,2
LOUISE,F,2011,63,5
LOUISE,F,2011,64,6
LOUISE,F,2011,65,2
LOUISE,F,2011,66,4
LOUISE,F,2011,67,3
LOUISE,F,2011,68,5
LOUISE,F,2011,69,7
LOUISE,F,2011,70,5
LOUISE,F,2011,71,3
LOUISE,F,2011,72,2
LOUISE,F,2011,73,5
LOUISE,F,2011,74,7
LOUISE,F,2011,75,2
LOUISE,F,2011,76,2
LOUISE,F,2011,77,2
LOUISE,F,2011,78,2
LOUISE,F,2011,79,2
LOUISE,F,2011,80,2
LOUISE,F,2011,81,2
LOUISE,F,2011,82,7
LOUISE,F,2011,83,6
LOUISE,F,2011,84,7
LOUISE,F,2011,85,2
LOUISE,F,2011,86,3
LOUISE,F,2011,87,3
LOUISE,F,2011,88,2
LOUISE,F,2011,89,5
LOUISE,F,2011,90,2
LOUISE,F,2011,91,7
LOUISE,F,2011,92,7
LOUISE,F,2011,93,5
LOUISE,F,2011,94,6
LOUISE,F,2011,95,6
LOUISE,M,2011,01,6
LOUISE,M,2011,02,8
LOUISE,M,2011,03,4
LOUISE,M,2011,04,3
LOUISE,M,2011,05,5
LOUISE,M,2011,06,4
LOUISE,M,2011,07,5
LOUISE,M,2011,08,4
LOUISE,M,2011,09,3
LOUISE,M,2011,10,7
LOUISE,M,2011,11,3
LOUISE,M,2011,12,7
LOUISE,M,2011,13,3
LOUISE,M,2011,14,4
LOUISE,M,2011,15,3
LOUISE,M,2011,16,7
LOUISE,M,2011,17,5
LOUISE,M,2011,18,5
LOUISE,M,2011,19,6
LOUISE,M,2011,21,1
LOUISE,M,2011,22,3
LOUISE,M,2011,23,4
LOUISE,M,2011,24,8
LOUISE,M,2011,25,5
LOUISE,M,2011,26,1
LOUISE,M,2011,27,4
LOUISE,M,2011,28,5
LOUISE,M,2011,29,2
LOUISE,M,2011,2A,3
LOUISE,M,2011,2B,4
LOUISE,M,2011,30,7
LOUISE,M,2011,31,7
LOUISE,M,2011,32,6
LOUISE,M,2011,33,3
LOUISE,M,2011,34,8
LOUISE,M,2011,35,3
LOUISE,M,2011,36,3
LOUISE,M,2011,37,2
LOUISE,M,2011,38,3
LOUISE,M,2011,39,3
LOUISE,M,2011,40,2
LOUISE,M,2011,41,5
LOUISE,M,2011,42,5
LOUISE,M,2011,44,2
LOUISE,M,2011,45,3
LOUISE,M,2011,46,4
LOUISE,M,2011,47,1
LOUISE,M,2011,48,11
LOUISE,M,2011,49,2
LOUISE,M,2011,50,3
LOUISE,M,2011,51,3
LOUISE,M,2011,52,6
LOUISE,M,2011,53,7
LOUISE,M,2011,54,3
LOUISE,M,2011,55,2
LOUISE,M,2011,56,4
LOUISE,M,2011,57,3
LOUISE,M,2011,58,8
LOUISE,M,2011,59,5
LOUISE,M,2011,60,5
LOUISE,M,2011,61,3
LOUISE,M,2011,62,1
LOUISE,M,2011,63,2
LOUISE,M,2011,64,4
LOUISE,M,2011,65,6
LOUISE,M,2011,66,2
LOUISE,M,2011,67,6
LOUISE,M,2011,68,3
LOUISE,M,2011,69,5
LOUISE,M,2011,70,4
LOUISE,M,2011,71,4
LOUISE,M,2011,72,3
LOUISE,M,2011,73,3
LOUISE,M,2011,74,4
LOUISE,M,2011,75,3
LOUISE,M,2011,76,8
LOUISE,M,2011,77,3
LOUISE,M,2011,78,3
LOUISE,M,2011,79,8
LOUISE,M,2011,80,3
LOUISE,M,2011,81,7
LOUISE,M,2011,82,1
LOUISE,M,2011,83,6
LOUISE,M,2011,84,7
LOUISE,M,2011,85,3
LOUISE,M,2011,86,3
LOUISE,M,2011,87,2
LOUISE,M,2011,88,3
LOUISE,M,2011,89,7
LOUISE,M,2011,90,1
LOUISE,M,2011,91,7
LOUISE,M,2011,92,2
LOUISE,M,2011,93,3
LOUISE,M,2011,94,2
LOUISE,M,2011,95,1
GABRIEL,F,2011,01,6
GABRIEL,F,2011,02,2
GABRIEL,F,2011,03,6
GABRIEL,F,2011,04,5
GABRIEL,F,2011,05,6
GABRIEL,F,2011,06,2
GABRIEL,F,2011,07,5
GABRIEL,F,2011,08,2
GABRIEL,F,2011,09,3
GABRIEL,F,2011,10,6
GABRIEL,F,2011,11,3
GABRIEL,F,2011,12,5
GABRIEL,F,2011,13,1
GABRIEL,F,2011,14,2
GABRIEL,F,2011,15,3
GABRIEL,F,2011,16,4
GABRIEL,F,2011,17,5
GABRIEL,F,2011,18,2
GABRIEL,F,2011,19,3
GABRIEL,F,2011,21,3
GABRIEL,F,2011,22,4
GABRIEL,F,2011,23,6
GABRIEL,F,2011,24,1
GABRIEL,F,2011,25,6
GABRIEL,F,2011,26,2
GABRIEL,F,2011,27,2
GABRIEL,F,2011,28,5
GABRIEL,F,2011,29,4
GABRIEL,F,2011,2A,4
GABRIEL,F,2011,2B,3
GABRIEL,F,2011,30,3
GABRIEL,F,2011,31,3
GABRIEL,F,2011,32,5
GABRIEL,F,2011,33,3
GABRIEL,F,2011,34,6
GABRIEL,F,2011,35,2
GABRIEL,F,2011,36,4
GABRIEL,F,2011,37,3
GABRIEL,F,2011,39,3
GABRIEL,F,2011,40,4
GABRIEL,F,2011,41,3
GABRIEL,F,2011,42,4
GABRIEL,F,2011,43,5
GABRIEL,F,2011,44,1
GABRIEL,F,2011,45,3
GABRIEL,F,2011,46,1
GABRIEL,F,2011,47,4
GABRIEL,F,2011,48,3
GABRIEL,F,2011,49,3
GABRIEL,F,2011,50,4
GABRIEL,F,2011,51,6
GABRIEL,F,2011,52,7
GABRIEL,F,2011,53,4
GABRIEL,F,2011,54,4
GABRIEL,F,2011,55,2
GABRIEL,F,2011,56,6
GABRIEL,F,2011,57,4
GABRIEL,F,2011,58,5
GABRIEL,F,2011,59,3
GABRIEL,F,2011,60,3
GABRIEL,F,2011,61,5
GABRIEL,F,2011,62,7
GABRIEL,F,2011,63,7
GABRIEL,F,2011,64,5
GABRIEL,F,2011,65,2
GABRIEL,F,2011,66,7
GABRIEL,F,2011,67,4
GABRIEL,F,2011,68,3
GABRIEL,F,2011,69,3
GABRIEL,F,2011,70,6
GABRIEL,F,2011,71,6
GABRIEL,F,2011,73,5
GABRIEL,F,2011,74,3
GABRIEL,F,2011,75,5
GABRIEL,F,2011,76,5
GABRIEL,F,2011,77,3
GABRIEL,F,2011,78,2
GABRIEL,F,2011,79,6
GABRIEL,F,2011,80,4
GABRIEL,F,2011,81,3
GABRIEL,F,2011,82,7
GABRIEL,F,2011,83,3
GABRIEL,F,2011,84,6
GABRIEL,F,2011,85,4
GABRIEL,F,2011,86,3
GABRIEL,F,2011,87,5
GABRIEL,F,2011,88,6
GABRIEL,F,2011,89,4
GABRIEL,F,2011,90,1
GABRIEL,F,2011,91,10
GABRIEL,F,2011,92,1
GABRIEL,F,2011,93,5
GABRIEL,F,2011,94,4
GABRIEL,F,2011,95,3
GABRIEL,M,2011,01,1
GABRIEL,M,2011,02,5
GABRIEL,M,2011,03,7
GABRIEL,M,2011,04,2
GABRIEL,M,2011,05,4
GABRIEL,M,2011,06,5
GABRIEL,M,2011,07,5
GABRIEL,M,2011,08,7
GABRIEL,M,2011,09,3
GABRIEL,M,2011,10,4
GABRIEL,M,2011,11,5
GABRIEL,M,2011,12,2
GABRIEL,M,2011,13,8
GABRIEL,M,2011,14,8
GABRIEL,M,2011,15,3
GABRIEL,M,2011,16,8
GABRIEL,M,2011,17,5
GABRIEL,M,2011,18,4
GABRIEL,M,2011,19,2
GABRIEL,M,2011,21,3
GABRIEL,M,2011,22,8
GABRIEL,M,2011,23,4
GABRIEL,M,2011,24,4
GABRIEL,M,2011,25,2
GABRIEL,M,2011,26,5
GABRIEL,M,2011,27,4
GABRIEL,M,2011,28,5
GABRIEL,M,2011,29,1
GABRIEL,M,2011,2A,4
GABRIEL,M,2011,2B,5
GABRIEL,M,2011,30,6
GABRIEL,M,2011,31,4
GABRIEL,M,2011,32,2
GABRIEL,M,2011,33,3
GABRIEL,M,2011,34,6
GABRIEL,M,2011,35,5
GABRIEL,M,2011,36,6
GABRIEL,M,2011,37,4
GABRIEL,M,2011,38,5
GABRIEL,M,2011,39,2
GABRIEL,M,2011,40,3
GABRIEL,M,2011,41,5
GABRIEL,M,2011,42,6
GABRIEL,M,2011,43,5
GABRIEL,M,2011,44,4
GABRIEL,M,2011,45,7
GABRIEL,M,2011,46,4
GABRIEL,M,2011,47,3
GABRIEL,M,2011,48,6
GABRIEL,M,2011,49,4
GABRIEL,M,2011,50,6
GABRIEL,M,2011,51,1
GABRIEL,M,2011,52,2
GABRIEL,M,2011,53,7
GABRIEL,M,2011,54,3
GABRIEL,M,2011,55,1
GABRIEL,M,2011,56,6
GABRIEL,M,2011,57,2
GABRIEL,M,2011,58,1
GABRIEL,M,2011,59,3
GABRIEL,M,2011,60,5
GABRIEL,M,2011,61,6
GABRIEL,M,2011,62,4
GABRIEL,M,2011,63,6
GABRIEL,M,2011,64,1
GABRIEL,M,2011,65,2
GABRIEL,M,2011,66,2
GABRIEL,M,2011,67,3
GABRIEL,M,2011,68,4
GABRIEL,M,2011,69,3
GABRIEL,M,2011,70,4
GABRIEL,M,2011,71,5
GABRIEL,M,2011,72,9
GABRIEL,M,2011,74,6
GABRIEL,M,2011,75,6
GABRIEL,M,2011,76,6
GABRIEL,M,2011,77,7
GABRIEL,M,2011,78,5
GABRIEL,M,2011,79,4
GABRIEL,M,2011,80,6
GABRIEL,M,2011,81,3
GABRIEL,M,2011,82,3
GABRIEL,M,2011,83,1
GABRIEL,M,2011,84,3
GABRIEL,M,2011,85,7
GABRIEL,M,2011,86,6
GABRIEL,M,2011,87,1
GABRIEL,M,2011,88,7
GABRIEL,M,2011,89,2
GABRIEL,M,2011,90,4
GABRIEL,M,2011,91,4
GABRIEL,M,2011,92,1
GABRIEL,M,2011,93,4
GABRIEL,M,2011,94,4
GABRIEL,M,2011,95,4
JADE,F,2011,01,6
JADE,F,2011,02,3
JADE,F,2011,03,2
JADE,F,2011,04,5
JADE,F,2011,05,3
JADE,F,2011,06,3
JADE,F,2011,07,3
JADE,F,2011,08,4
JADE,F,2011,09,3
JADE,F,2011,10,5
JADE,F,2011,11,4
JADE,F,2011,12,8
JADE,F,2011,13,3
JADE,F,2011,14,5
JADE,F,2011,15,2
JADE,F,2011,16,2
JADE,F,2011,17,5
JADE,F,2011,18,1
JADE,F,2011,19,2
JADE,F,2011,21,6
JADE,F,2011,22,3
JADE,F,2011,23,3
JADE,F,2011,24,6
JADE,F,2011,25,4
JADE,F,2011,26,2
JADE,F,2011,27,2
JADE,F,2011,28,3
JADE,F,2011,29,8
JADE,F,2011,2A,6
JADE,F,2011,2B,2
JADE,F,2011,30,4
JADE,F,2011,31,2
JADE,F,2011,32,2
JADE,F,2011,33,4
JADE,F,2011,34,3
JADE,F,2011,35,7
JADE,F,2011,36,2
JADE,F,2011,37,4
JADE,F,2011,38,3
JADE,F,2011,39,6
JADE,F,2011,40,3
JADE,F,2011,41,4
JADE,F,2011,42,3
JADE,F,2011,43,5
JADE,F,2011,44,3
JADE,F,2011,45,5
JADE,F,2011,46,3
JADE,F,2011,47,3
JADE,F,2011,48,5
JADE,F,2011,49,12
JADE,F,2011,50,3
JADE,F,2011,51,5
JADE,F,2011,52,3
JADE,F,2011,53,2
JADE,F,2011,54,3
JADE,F,2011,55,7
JADE,F,2011,56,3
JADE,F,2011,57,4
JADE,F,2011,58,5
JADE,F,2011,59,4
JADE,F,2011,60,4
JADE,F,2011,61,6
JADE,F,2011,62,3
JADE,F,2011,63,5
JADE,F,2011,64,2
JADE,F,2011,65,6
JADE,F,2011,66,2
JADE,F,2011,67,4
JADE,F,2011,68,2
JADE,F,2011,69,5
JADE,F,2011,70,2
JADE,F,2011,71,2
JADE,F,2011,72,3
JADE,F,2011,73,3
JADE,F,2011,74,3
JADE,F,2011,75,1
JADE,F,2011,76,6
JADE,F,2011,77,1
JADE,F,2011,78,8
JADE,F,2011,79,6
JADE,F,2011,80,6
JADE,F,2011,81,3
JADE,F,2011,82,6
JADE,F,2011,83,1
JADE,F,2011,84,3
JADE,F,2011,85,1
JADE,F,2011,86,2
JADE,F,2011,87,3
JADE,F,2011,88,3
JADE,F,2011,89,3
JADE,F,2011,90,2
JADE,F,2011,91,4
JADE,F,2011,92,3
JADE,F,2011,93,3
JADE,F,2011,94,4
JADE,F,2011,95,4
JADE,M,2011,01,2
JADE,M,2011,02,2
JADE,M,2011,03,10
JADE,M,2011,04,2
JADE,M,2011,05,4
JADE,M,2011,06,4
JADE,M,2011,07,5
JADE,M,2011,08,4
JADE,M,2011,09,2
JADE,M,2011,10,4
JADE,M,2011,11,2
JADE,M,2011,12,3
JADE,M,2011,13,4
JADE,M,2011,14,5
JADE,M,2011,15,2
JADE,M,2011,16,4
JADE,M,2011,17,5
JADE,M,2011,18,1
JADE,M,2011,19,1
JADE,M,2011,21,5
JADE,M,2011,22,5
JADE,M,2011,23,4
JADE,M,2011,24,3
JADE,M,2011,25,4
JADE,M,2011,26,2
JADE,M,2011,27,3
JADE,M,2011,28,3
JADE,M,2011,29,1
JADE,M,2011,2A,4
JADE,M,2011,2B,5
JADE,M,2011,30,6
JADE,M,2011,31,10
JADE,M,2011,32,5
JADE,M,2011,33,4
JADE,M,2011,34,6
JADE,M,2011,35,5
JADE,M,2011,36,1
JADE,M,2011,37,4
JADE,M,2011,38,2
JADE,M,2011,39,4
JADE,M,2011,40,6
JADE,M,2011,41,3
JADE,M,2011,42,4
JADE,M,2011,43,4
JADE,M,2011,44,5
JADE,M,2011,45,4
JADE,M,2011,46,3
JADE,M,2011,47,7
JADE,M,2011,48,6
JADE,M,2011,49,3
JADE,M,2011,50,2
JADE,M,2011,51,2
JADE,M,2011,52,2
JADE,M,2011,53,13
JADE,M,2011,54,2
JADE,M,2011,55,4
JADE,M,2011,56,5
JADE,M,2011,57,5
JADE,M,2011,58,5
JADE,M,2011,59,4
JADE,M,2011,60,3
JADE,M,2011,61,5
JADE,M,2011,62,5
JADE,M,2011,63,6
JADE,M,2011,64,3
JADE,M,2011,65,5
JADE,M,2011,66,5
JADE,M,2011,67,2
JADE,M,2011,68,2
JADE,M,2011,69,7
JADE,M,2011,70,5
JADE,M,2011,71,6
JADE,M,2011,72,2
JADE,M,2011,73,7
JADE,M,2011,74,3
JADE,M,2011,75,4
JADE,M,2011,76,2
JADE,M,2011,77,8
JADE,M,2011,78,2
JADE,M,2011,79,5
JADE,M,2011,80,2
JADE,M,2011,81,4
JADE,M,2011,82,2
JADE,M,2011,83,9
JADE,M,2011,84,3
JADE,M,2011,85,4
JADE,M,2011,86,2
JADE,M,2011,88,4
JADE,M,2011,89,4
JADE,M,2011,90,3
JADE,M,2011,91,4
JADE,M,2011,92,4
JADE,M,2011,93,4
JADE,M,2011,94,2
JADE,M,2011,95,7
ARTHUR,F,2011,01,6
ARTHUR,F,2011,02,6
ARTHUR,F,2011,03,5
ARTHUR,F,2011,04,5
ARTHUR,F,2011,05,6
ARTHUR,F,2011,06,9
ARTHUR,F,2011,07,5
ARTHUR,F,2011,08,3
ARTHUR,F,2011,09,1
ARTHUR,F,2011,10,7
ARTHUR,F,2011,11,5
ARTHUR,F,2011,12,4
ARTHUR,F,2011,13,3
ARTHUR,F,2011,14,1
ARTHUR,F,2011,15,4
ARTHUR,F,2011,16,2
ARTHUR,F,2011,17,7
ARTHUR,F,2011,18,4
ARTHUR,F,2011,19,5
ARTHUR,F,2011,21,8
ARTHUR,F,2011,22,2
ARTHUR,F,2011,23,3
ARTHUR,F,2011,24,8
ARTHUR,F,2011,25,5
ARTHUR,F,2011,26,3
ARTHUR,F,2011,27,4
ARTHUR,F,2011,28,4
ARTHUR,F,2011,29,4
ARTHUR,F,2011,2A,5
ARTHUR,F,2011,2B,8
ARTHUR,F,2011,30,4
ARTHUR,F,2011,31,3
ARTHUR,F,2011,32,2
ARTHUR,F,2011,33,6
ARTHUR,F,2011,34,4
ARTHUR,F,2011,35,4
ARTHUR,F,2011,36,2
ARTHUR,F,2011,37,1
ARTHUR,F,2011,38,4
ARTHUR,F,2011,39,1
ARTHUR,F,2011,40,6
ARTHUR,F,2011,41,6
ARTHUR,F,2011,42,4
ARTHUR,F,2011,43,5
ARTHUR,F,2011,44,5
ARTHUR,F,2011,45,8
ARTHUR,F,2011,46,6
ARTHUR,F,2011,47,2
ARTHUR,F,2011,48,5
ARTHUR,F,2011,49,6
ARTHUR,F,2011,50,8
ARTHUR,F,2011,51,6
ARTHUR,F,2011,52,4
ARTHUR,F,2011,53,3
ARTHUR,F,2011,54,4
ARTHUR,F,2011,55,2
ARTHUR,F,2011,56,4
ARTHUR,F,2011,57,5
ARTHUR,F,2011,58,2
ARTHUR,F,2011,59,3
ARTHUR,F,2011,60,1
ARTHUR,F,2011,61,1
ARTHUR,F,2011,62,5
ARTHUR,F,2011,63,4
ARTHUR,F,2011,64,6
ARTHUR,F,2011,65,6
ARTHUR,F,2011,66,3
ARTHUR,F,2011,67,4
ARTHUR,F,2011,68,4
ARTHUR,F,2011,69,4
ARTHUR,F,2011,70,5
ARTHUR,F,2011,71,5
ARTHUR,F,2011,72,3
ARTHUR,F,2011,73,3
ARTHUR,F,2011,74,4
ARTHUR,F,2011,75,5
ARTHUR,F,2011,76,3
ARTHUR,F,2011,77,6
ARTHUR,F,2011,78,6
ARTHUR,F,2011,79,3
ARTHUR,F,2011,81,8
ARTHUR,F,2011,82,2
ARTHUR,F,2011,83,1
ARTHUR,F,2011,84,7
ARTHUR,F,2011,85,7
ARTHUR,F,2011,86,2
ARTHUR,F,2011,87,1
ARTHUR,F,2011,88,2
ARTHUR,F,2011,89,9
ARTHUR,F,2011,90,1
ARTHUR,F,2011,91,4
ARTHUR,F,2011,92,3
ARTHUR,F,2011,93,3
ARTHUR,F,2011,94,10
ARTHUR,F,2011,95,2
ARTHUR,M,2011,01,4
ARTHUR,M,2011,02,2
ARTHUR,M,2011,03,3
ARTHUR,M,2011,04,5
ARTHUR,M,2011,05,7
ARTHUR,M,2011,06,3
ARTHUR,M,2011,07,5
ARTHUR,M,2011,08,1
ARTHUR,M,2011,09,8
ARTHUR,M,2011,10,6
ARTHUR,M,2011,11,3
ARTHUR,M,2011,12,4
ARTHUR,M,2011,13,4
ARTHUR,M,2011,14,4
ARTHUR,M,2011,15,6
ARTHUR,M,2011,16,5
ARTHUR,M,2011,17,4
ARTHUR,M,2011,18,2
ARTHUR,M,2011,19,2
ARTHUR,M,2011,21,4
ARTHUR,M,2011,22,3
ARTHUR,M,2011,23,6
ARTHUR,M,2011,24,3
ARTHUR,M,2011,25,4
ARTHUR,M,2011,26,7
ARTHUR,M,2011,27,4
ARTHUR,M,2011,28,6
ARTHUR,M,2011,29,7
ARTHUR,M,2011,2A,4
ARTHUR,M,2011,2B,5
ARTHUR,M,2011,30,6
ARTHUR,M,2011,31,2
ARTHUR,M,2011,32,5
ARTHUR,M,2011,33,3
ARTHUR,M,2011,34,4
ARTHUR,M,2011,35,1
ARTHUR,M,2011,36,4
ARTHUR,M,2011,37,3
ARTHUR,M,2011,38,4
ARTHUR,M,2011,39,4
ARTHUR,M,2011,40,2
ARTHUR,M,2011,41,5
ARTHUR,M,2011,42,5
ARTHUR,M,2011,43,7
ARTHUR,M,2011,44,4
ARTHUR,M,2011,45,5
ARTHUR,M,2011,46,6
ARTHUR,M,2011,47,4
ARTHUR,M,2011,48,5
ARTHUR,M,2011,49,2
ARTHUR,M,2011,50,8
ARTHUR,M,2011,51,4
ARTHUR,M,2011,52,1
ARTHUR,M,2011,53,2
ARTHUR,M,2011,54,2
ARTHUR,M,2011,55,5
ARTHUR,M,2011,56,1
ARTHUR,M,2011,57,2
ARTHUR,M,2011,58,1
ARTHUR,M,2011,59,6
ARTHUR,M,2011,60,8
ARTHUR,M,2011,61,3
ARTHUR,M,2011,62,7
ARTHUR,M,2011,63,4
ARTHUR,M,2011,64,4
ARTHUR,M,2011,65,8
ARTHUR,M,2011,66,2
ARTHUR,M,2011,67,4
ARTHUR,M,2011,68,5
ARTHUR,M,2011,69,5
ARTHUR,M,2011,70,4
ARTHUR,M,2011,71,3
ARTHUR,M,2011,72,7
ARTHUR,M,2011,73,2
ARTHUR,M,2011,74,4
ARTHUR,M,2011,76,3
ARTHUR,M,2011,77,1
ARTHUR,M,2011,78,4
ARTHUR,M,2011,79,6
ARTHUR,M,2011,80,4
ARTHUR,M,2011,81,4
ARTHUR,M,2011,82,6
ARTHUR,M,2011,83,5
ARTHUR,M,2011,84,4
ARTHUR,M,2011,85,4
ARTHUR,M,2011,86,1
ARTHUR,M,2011,87,7
ARTHUR,M,2011,88,3
ARTHUR,M,2011,89,3
ARTHUR,M,2011,90,7
ARTHUR,M,2011,91,7
ARTHUR,M,2011,92,4
ARTHUR,M,2011,93,4
ARTHUR,M,2011,94,1
ARTHUR,M,2011,95,1
MAELIG,F,2012,01,4
MAELIG,F,2012,02,2
MAELIG,F,2012,03,5
MAELIG,F,2012,04,7
MAELIG,F,2012,05,6
MAELIG,F,2012,06,1
MAELIG,F,2012,07,8
MAELIG,F,2012,08,3
MAELIG,F,2012,09,6
MAELIG,F,2012,10,4
MAELIG,F,2012,11,2
MAELIG,F,2012,12,1
MAELIG,F,2012,13,4
MAELIG,F,2012,14,5
MAELIG,F,2012,15,4
MAELIG,F,2012,17,5
MAELIG,F,2012,18,2
MAELIG,F,2012,19,5
MAELIG,F,2012,21,1
MAELIG,F,2012,22,26
MAELIG,F,2012,23,2
MAELIG,F,2012,24,4
MAELIG,F,2012,25,9
MAELIG,F,2012,26,5
MAELIG,F,2012,27,3
MAELIG,F,2012,28,5
MAELIG,F,2012,29,28
MAELIG,F,2012,2A,6
MAELIG,F,2012,2B,4
MAELIG,F,2012,30,6
MAELIG,F,2012,31,7
MAELIG,F,2012,32,8
MAELIG,F,2012,33,5
MAELIG,F,2012,34,6
MAELIG,F,2012,35,23
MAELIG,F,2012,36,3
MAELIG,F,2012,37,2
MAELIG,F,2012,38,5
MAELIG,F,2012,39,1
MAELIG,F,2012,40,5
MAELIG,F,2012,41,6
MAELIG,F,2012,42,3
MAELIG,F,2012,43,1
MAELIG,F,2012,44,17
MAELIG,F,2012,45,7
MAELIG,F,2012,46,3
MAELIG,F,2012,47,3
MAELIG,F,2012,48,5
MAELIG,F,2012,49,2
MAELIG,F,2012,50,5
MAELIG,F,2012,51,7
MAELIG,F,2012,52,4
MAELIG,F,2012,53,1
MAELIG,F,2012,54,5
MAELIG,F,2012,55,9
MAELIG,F,2012,56,20
MAELIG,F,2012,57,6
MAELIG,F,2012,58,7
MAELIG,F,2012,60,3
MAELIG,F,2012,61,9
MAELIG,F,2012,62,5
MAELIG,F,2012,63,10
MAELIG,F,2012,65,3
MAELIG,F,2012,66,4
MAELIG,F,2012,67,6
MAELIG,F,2012,68,5
MAELIG,F,2012,69,6
MAELIG,F,2012,70,5
MAELIG,F,2012,71,4
MAELIG,F,2012,72,4
MAELIG,F,2012,73,4
MAELIG,F,2012,74,2
MAELIG,F,2012,75,7
MAELIG,F,2012,76,7
MAELIG,F,2012,77,8
MAELIG,F,2012,78,3
MAELIG,F,2012,79,3
MAELIG,F,2012,80,2
MAELIG,F,2012,81,2
MAELIG,F,2012,82,3
MAELIG,F,2012,83,3
MAELIG,F,2012,84,4
MAELIG,F,2012,85,8
MAELIG,F,2012,86,6
MAELIG,F,2012,87,1
MAELIG,F,2012,88,3
MAELIG,F,2012,89,5
MAELIG,F,2012,90,1
MAELIG,F,2012,91,4
MAELIG,F,2012,92,5
MAELIG,F,2012,93,3
MAELIG,F,2012,94,1
MAELIG,F,2012,95,2
MAELIG,M,2012,01,5
MAELIG,M,2012,03,8
MAELIG,M,2012,04,2
MAELIG,M,2012,05,2
MAELIG,M,2012,06,4
MAELIG,M,2012,07,3
MAELIG,M,2012,08,4
MAELIG,M,2012,09,3
MAELIG,M,2012,10,4
MAELIG,M,2012,11,1
MAELIG,M,2012,12,6
MAELIG,M,2012,13,7
MAELIG,M,2012,14,1
MAELIG,M,2012,15,4
MAELIG,M,2012,16,4
MAELIG,M,2012,17,2
MAELIG,M,2012,18,3
MAELIG,M,2012,19,1
MAELIG,M,2012,21,2
MAELIG,M,2012,22,23
MAELIG,M,2012,23,10
MAELIG,M,2012,24,3
MAELIG,M,2012,25,5
MAELIG,M,2012,26,3
MAELIG,M,2012,27,4
MAELIG,M,2012,28,7
MAELIG,M,2012,29,22
MAELIG,M,2012,2A,3
MAELIG,M,2012,2B,8
MAELIG,M,2012,30,3
MAELIG,M,2012,31,5
MAELIG,M,2012,32,5
MAELIG,M,2012,33,3
MAELIG,M,2012,34,2
MAELIG,M,2012,35,30
MAELIG,M,2012,36,7
MAELIG,M,2012,37,4
MAELIG,M,2012,38,2
MAELIG,M,2012,39,4
MAELIG,M,2012,40,3
MAELIG,M,2012,41,4
MAELIG,M,2012,42,5
MAELIG,M,2012,43,3
MAELIG,M,2012,44,22
MAELIG,M,2012,45,9
MAELIG,M,2012,46,2
MAELIG,M,2012,47,1
MAELIG,M,2012,48,3
MAELIG,M,2012,49,4
MAELIG,M,2012,50,2
MAELIG,M,2012,51,5
MAELIG,M,2012,52,4
MAELIG,M,2012,53,5
MAELIG,M,2012,54,5
MAELIG,M,2012,55,6
MAELIG,M,2012,56,25
MAELIG,M,2012,57,3
MAELIG,M,2012,58,1
MAELIG,M,2012,59,2
MAELIG,M,2012,60,3
MAELIG,M,2012,61,7
MAELIG,M,2012,62,4
MAELIG,M,2012,63,4
MAELIG,M,2012,64,4
MAELIG,M,2012,65,4
MAELIG,M,2012,66,7
MAELIG,M,2012,67,2
MAELIG,M,2012,68,3
MAELIG,M,2012,69,5
MAELIG,M,2012,70,3
MAELIG,M,2012,71,3
MAELIG,M,2012,72,6
MAELIG,M,2012,73,2
MAELIG,M,2012,74,4
MAELIG,M,2012,75,3
MAELIG,M,2012,76,2
MAELIG,M,2012,77,1
MAELIG,M,2012,78,3
MAELIG,M,2012,79,6
MAELIG,M,2012,80,6
MAELIG,M,2012,81,5
MAELIG,M,2012,82,2
MAELIG,M,2012,83,4
MAELIG,M,2012,84,7
MAELIG,M,2012,85,4
MAELIG,M,2012,86,4
MAELIG,M,2012,87,2
MAELIG,M,2012,88,9
MAELIG,M,2012,89,4
MAELIG,M,2012,90,3
MAELIG,M,2012,91,6
MAELIG,M,2012,92,6
MAELIG,M,2012,93,7
MAELIG,M,2012,94,1
MAELIG,M,2012,95,4
LOUISE,F,2012,01,4
LOUISE,F,2012,02,2
LOUISE,F,2012,03,9
LOUISE,F,2012,04,7
LOUISE,F,2012,05,1
LOUISE,F,2012,06,4
LOUISE,F,2012,07,4
LOUISE,F,2012,08,9
LOUISE,F,2012,09,3
LOUISE,F,2012,10,5
LOUISE,F,2012,11,5
LOUISE,F,2012,12,2
LOUISE,F,2012,13,4
LOUISE,F,2012,14,2
LOUISE,F,2012,15,2
LOUISE,F,2012,16,5
LOUISE,F,2012,17,3
LOUISE,F,2012,18,2
LOUISE,F,2012,19,2
LOUISE,F,2012,21,4
LOUISE,F,2012,22,9
LOUISE,F,2012,23,5
LOUISE,F,2012,24,6
LOUISE,F,2012,25,4
LOUISE,F,2012,26,3
LOUISE,F,2012,27,7
LOUISE,F,2012,28,2
LOUISE,F,2012,29,2
LOUISE,F,2012,2A,3
LOUISE,F,2012,2B,7
LOUISE,F,2012,30,4
LOUISE,F,2012,31,3
LOUISE,F,2012,32,6
LOUISE,F,2012,33,4
LOUISE,F,2012,34,6
LOUISE,F,2012,35,9
LOUISE,F,2012,36,8
LOUISE,F,2012,37,4
LOUISE,F,2012,38,7
LOUISE,F,2012,39,6
LOUISE,F,2012,40,5
LOUISE,F,2012,41,6
LOUISE,F,2012,42,7
LOUISE,F,2012,43,3
LOUISE,F,2012,44,4
LOUISE,F,2012,45,7
LOUISE,F,2012,46,5
LOUISE,F,2012,47,1
LOUISE,F,2012,48,10
LOUISE,F,2012,49,3
LOUISE,F,2012,50,5
LOUISE,F,2012,51,8
LOUISE,F,2012,52,3
LOUISE,F,2012,53,3
LOUISE,F,2012,54,3
LOUISE,F,2012,55,4
LOUISE,F,2012,56,4
LOUISE,F,2012,57,5
LOUISE,F,2012,58,4
LOUISE,F,2012,59,3
LOUISE,F,2012,60,5
LOUISE,F,2012,61,3
LOUISE,F,2012,62,4
LOUISE,F,2012,63,5
LOUISE,F,2012,64,3
LOUISE,F,2012,65,6
LOUISE,F,2012,66,4
LOUISE,F,2012,67,3
LOUISE,F,2012,68,7
LOUISE,F,2012,69,8
LOUISE,F,2012,70,4
LOUISE,F,2012,71,6
LOUISE,F,2012,72,1
LOUISE,F,2012,73,2
LOUISE,F,2012,74,3
LOUISE,F,2012,75,3
LOUISE,F,2012,76,2
LOUISE,F,2012,77,2
LOUISE,F,2012,78,5
LOUISE,F,2012,79,7
LOUISE,F,2012,80,3
LOUISE,F,2012,81,2
LOUISE,F,2012,82,5
LOUISE,F,2012,83,1
LOUISE,F,2012,84,5
LOUISE,F,2012,85,3
LOUISE,F,2012,86,4
LOUISE,F,2012,87,4
LOUISE,F,2012,88,4
LOUISE,F,2012,89,3
LOUISE,F,2012,90,5
LOUISE,F,2012,91,3
LOUISE,F,2012,92,3
LOUISE,F,2012,93,2
LOUISE,F,2012,94,7
LOUISE,F,2012,95,8
LOUISE,M,2012,01,3
LOUISE,M,2012,02,6
LOUISE,M,2012,03,4
LOUISE,M,2012,04,6
LOUISE,M,2012,05,4
LOUISE,M,2012,06,1
LOUISE,M,2012,07,4
LOUISE,M,2012,08,6
LOUISE,M,2012,09,5
LOUISE,M,2012,10,3
LOUISE,M,2012,11,4
LOUISE,M,2012,12,8
LOUISE,M,2012,13,10
LOUISE,M,2012,14,2
LOUISE,M,2012,15,4
LOUISE,M,2012,16,2
LOUISE,M,2012,17,5
LOUISE,M,2012,18,5
LOUISE,M,2012,19,3
LOUISE,M,2012,21,5
LOUISE,M,2012,23,4
LOUISE,M,2012,24,3
LOUISE,M,2012,25,5
LOUISE,M,2012,26,3
LOUISE,M,2012,27,2
LOUISE,M,2012,28,5
LOUISE,M,2012,29,3
LOUISE,M,2012,2A,3
LOUISE,M,2012,2B,8
LOUISE,M,2012,30,3
LOUISE,M,2012,31,2
LOUISE,M,2012,32,4
LOUISE,M,2012,33,5
LOUISE,M,2012,34,5
LOUISE,M,2012,35,1
LOUISE,M,2012,36,5
LOUISE,M,2012,37,3
LOUISE,M,2012,38,4
LOUISE,M,2012,39,1
LOUISE,M,2012,40,3
LOUISE,M,2012,41,6
LOUISE,M,2012,42,2
LOUISE,M,2012,43,3
LOUISE,M,2012,44,2
LOUISE,M,2012,45,5
LOUISE,M,2012,46,7
LOUISE,M,2012,47,5
LOUISE,M,2012,48,1
LOUISE,M,2012,49,3
LOUISE,M,2012,50,6
LOUISE,M,2012,51,3
LOUISE,M,2012,52,3
LOUISE,M,2012,53,4
LOUISE,M,2012,54,3
LOUISE,M,2012,55,8
LOUISE,M,2012,56,3
LOUISE,M,2012,57,4
LOUISE,M,2012,58,3
LOUISE,M,2012,59,6
LOUISE,M,2012,60,2
LOUISE,M,2012,61,2
LOUISE,M,2012,62,5
LOUISE,M,2012,63,2
LOUISE,M,2012,64,5
LOUISE,M,2012,65,3
LOUISE,M,2012,66,4
LOUISE,M,2012,67,8
LOUISE,M,2012,68,8
LOUISE,M,2012,69,3
LOUISE,M,2012,70,4
LOUISE,M,2012,71,7
LOUISE,M,2012,72,2
LOUISE,M,2012,73,1
LOUISE,M,2012,74,6
LOUISE,M,2012,75,4
LOUISE,M,2012,76,2
LOUISE,M,2012,77,2
LOUISE,M,2012,78,7
LOUISE,M,2012,79,2
LOUISE,M,2012,80,4
LOUISE,M,2012,81,7
LOUISE,M,2012,82,7
LOUISE,M,2012,83,7
LOUISE,M,2012,84,4
LOUISE,M,2012,85,5
LOUISE,M,2012,86,2
LOUISE,M,2012,87,5
LOUISE,M,2012,88,4
LOUISE,M,2012,89,5
LOUISE,M,2012,90,3
LOUISE,M,2012,91,3
LOUISE,M,2012,92,6
LOUISE,M,2012,93,3
LOUISE,M,2012,94,3
LOUISE,M,2012,95,5
GABRIEL,F,2012,01,1
GABRIEL,F,2012,02,4
GABRIEL,F,2012,03,3
GABRIEL,F,2012,04,5
GABRIEL,F,2012,05,4
GABRIEL,F,2012,06,2
GABRIEL,F,2012,07,1
GABRIEL,F,2012,08,2
GABRIEL,F,2012,09,2
GABRIEL,F,2012,10,1
GABRIEL,F,2012,11,2
GABRIEL,F,2012,12,2
GABRIEL,F,2012,13,3
GABRIEL,F,2012,14,1
GABRIEL,F,2012,15,3
GABRIEL,F,2012,16,2
GABRIEL,F,2012,17,4
GABRIEL,F,2012,18,6
GABRIEL,F,2012,19,2
GABRIEL,F,2012,21,2
GABRIEL,F,2012,22,10
GABRIEL,F,2012,23,5
GABRIEL,F,2012,24,6
GABRIEL,F,2012,25,3
GABRIEL,F,2012,26,3
GABRIEL,F,2012,27,3
GABRIEL,F,2012,28,3
GABRIEL,F,2012,29,4
GABRIEL,F,2012,2A,5
GABRIEL,F,2012,2B,6
GABRIEL,F,2012,30,3
GABRIEL,F,2012,31,6
GABRIEL,F,2012,32,4
GABRIEL,F,2012,33,8
GABRIEL,F,2012,34,7
GABRIEL,F,2012,35,1
GABRIEL,F,2012,36,4
GABRIEL,F,2012,37,5
GABRIEL,F,2012,38,2
GABRIEL,F,2012,39,3
GABRIEL,F,2012,40,3
GABRIEL,F,2012,41,1
GABRIEL,F,2012,42,1
GABRIEL,F,2012,43,2
GABRIEL,F,2012,44,6
GABRIEL,F,2012,45,5
GABRIEL,F,2012,46,4
GABRIEL,F,2012,47,2
GABRIEL,F,2012,48,6
GABRIEL,F,2012,49,3
GABRIEL,F,2012,50,2
GABRIEL,F,2012,51,4
GABRIEL,F,2012,52,3
GABRIEL,F,2012,53,6
GABRIEL,F,2012,54,7
GABRIEL,F,2012,55,3
GABRIEL,F,2012,56,5
GABRIEL,F,2012,57,5
GABRIEL,F,2012,58,5
GABRIEL,F,2012,59,6
GABRIEL,F,2012,60,4
GABRIEL,F,2012,61,4
GABRIEL,F,2012,62,4
GABRIEL,F,2012,63,4
GABRIEL,F,2012,64,2
GABRIEL,F,2012,65,4
GABRIEL,F,2012,66,5
GABRIEL,F,2012,67,4
GABRIEL,F,2012,68,6
GABRIEL,F,2012,69,4
GABRIEL,F,2012,70,3
GABRIEL,F,2012,71,5
GABRIEL,F,2012,72,4
GABRIEL,F,2012,73,5
GABRIEL,F,2012,74,2
GABRIEL,F,2012,75,1
GABRIEL,F,2012,76,6
GABRIEL,F,2012,77,3
GABRIEL,F,2012,78,3
GABRIEL,F,2012,79,2
GABRIEL,F,2012,80,4
GABRIEL,F,2012,81,6
GABRIEL,F,2012,82,3
GABRIEL,F,2012,83,3
GABRIEL,F,2012,84,2
GABRIEL,F,2012,85,8
GABRIEL,F,2012,86,4
GABRIEL,F,2012,87,7
GABRIEL,F,2012,88,5
GABRIEL,F,2012,89,5
GABRIEL,F,2012,90,3
GABRIEL,F,2012,91,4
GABRIEL,F,2012,92,4
GABRIEL,F,2012,93,3
GABRIEL,F,2012,94,2
GABRIEL,F,2012,95,8
GABRIEL,M,2012,01,1
GABRIEL,M,2012,02,4
GABRIEL,M,2012,03,3
GABRIEL,M,2012,04,3
GABRIEL,M,2012,05,5
GABRIEL,M,2012,06,3
GABRIEL,M,2012,07,4
GABRIEL,M,2012,08,6
GABRIEL,M,2012,09,5
GABRIEL,M,2012,10,5
GABRIEL,M,2012,11,5
GABRIEL,M,2012,12,4
GABRIEL,M,2012,13,4
GABRIEL,M,2012,14,5
GABRIEL,M,2012,15,1
GABRIEL,M,2012,16,3
GABRIEL,M,2012,17,2
GABRIEL,M,2012,18,7
GABRIEL,M,2012,19,2
GABRIEL,M,2012,21,5
GABRIEL,M,2012,22,3
GABRIEL,M,2012,23,5
GABRIEL,M,2012,24,3
GABRIEL,M,2012,25,3
GABRIEL,M,2012,26,4
GABRIEL,M,2012,27,6
GABRIEL,M,2012,28,4
GABRIEL,M,2012,29,5
GABRIEL,M,2012,2A,4
GABRIEL,M,2012,2B,3
GABRIEL,M,2012,30,2
GABRIEL,M,2012,31,5
GABRIEL,M,2012,32,4
GABRIEL,M,2012,33,4
GABRIEL,M,2012,34,6
GABRIEL,M,2012,35,1
GABRIEL,M,2012,36,3
GABRIEL,M,2012,37,6
GABRIEL,M,2012,38,5
GABRIEL,M,2012,39,5
GABRIEL,M,2012,40,7
GABRIEL,M,2012,41,3
GABRIEL,M,2012,42,2
GABRIEL,M,2012,43,8
GABRIEL,M,2012,44,3
GABRIEL,M,2012,45,3
GABRIEL,M,2012,46,7
GABRIEL,M,2012,47,8
GABRIEL,M,2012,49,3
GABRIEL,M,2012,50,6
GABRIEL,M,2012,51,5
GABRIEL,M,2012,52,4
GABRIEL,M,2012,53,1
GABRIEL,M,2012,54,7
GABRIEL,M,2012,55,5
GABRIEL,M,2012,56,2
GABRIEL,M,2012,57,5
GABRIEL,M,2012,58,1
GABRIEL,M,2012,59,6
GABRIEL,M,2012,60,6
GABRIEL,M,2012,61,2
GABRIEL,M,2012,62,9
GABRIEL,M,2012,63,3
GABRIEL,M,2012,64,3
GABRIEL,M,2012,65,4
GABRIEL,M,2012,66,1
GABRIEL,M,2012,67,3
GABRIEL,M,2012,68,4
GABRIEL,M,2012,70,5
GABRIEL,M,2012,71,4
GABRIEL,M,2012,72,6
GABRIEL,M,2012,73,11
GABRIEL,M,2012,74,3
GABRIEL,M,2012,75,5
GABRIEL,M,2012,76,3
GABRIEL,M,2012,77,3
GABRIEL,M,2012,78,6
GABRIEL,M,2012,79,5
GABRIEL,M,2012,80,3
GABRIEL,M,2012,81,4
GABRIEL,M,2012,82,3
GABRIEL,M,2012,83,5
GABRIEL,M,2012,84,4
GABRIEL,M,2012,85,3
GABRIEL,M,2012,86,3
GABRIEL,M,2012,87,1
GABRIEL,M,2012,88,4
GABRIEL,M,2012,89,3
GABRIEL,M,2012,90,6
GABRIEL,M,2012,91,5
GABRIEL,M,2012,92,5
GABRIEL,M,2012,93,3
GABRIEL,M,2012,95,3
JADE,F,2012,01,2
JADE,F,2012,02,4
JADE,F,2012,03,5
JADE,F,2012,04,5
JADE,F,2012,05,3
JADE,F,2012,06,7
JADE,F,2012,07,5
JADE,F,2012,08,4
JADE,F,2012,09,5
JADE,F,2012,10,4
JADE,F,2012,11,3
JADE,F,2012,12,3
JADE,F,2012,13,5
JADE,F,2012,14,6
JADE,F,2012,15,1
JADE,F,2012,16,5
JADE,F,2012,17,2
JADE,F,2012,18,4
JADE,F,2012,19,1
JADE,F,2012,21,3
JADE,F,2012,22,5
JADE,F,2012,23,3
JADE,F,2012,24,2
JADE,F,2012,25,7
JADE,F,2012,26,3
JADE,F,2012,27,3
JADE,F,2012,28,6
JADE,F,2012,29,4
JADE,F,2012,2A,4
JADE,F,2012,2B,5
JADE,F,2012,30,3
JADE,F,2012,31,4
JADE,F,2012,32,4
JADE,F,2012,33,5
JADE,F,2012,34,4
JADE,F,2012,35,3
JADE,F,2012,36,6
JADE,F,2012,37,7
JADE,F,2012,38,4
JADE,F,2012,39,4
JADE,F,2012,40,6
JADE,F,2012,41,4
JADE,F,2012,42,2
JADE,F,2012,43,6
JADE,F,2012,44,4
JADE,F,2012,45,3
JADE,F,2012,46,4
JADE,F,2012,47,3
JADE,F,2012,48,4
JADE,F,2012,49,5
JADE,F,2012,50,4
JADE,F,2012,51,3
JADE,F,2012,52,2
JADE,F,2012,53,7
JADE,F,2012,54,6
JADE,F,2012,55,6
JADE,F,2012,56,9
JADE,F,2012,57,1
JADE,F,2012,58,7
JADE,F,2012,59,5
JADE,F,2012,60,4
JADE,F,2012,61,5
JADE,F,2012,62,6
JADE,F,2012,63,3
JADE,F,2012,64,3
JADE,F,2012,65,7
JADE,F,2012,66,5
JADE,F,2012,67,2
JADE,F,2012,68,3
JADE,F,2012,69,2
JADE,F,2012,70,3
JADE,F,2012,71,4
JADE,F,2012,72,6
JADE,F,2012,73,6
JADE,F,2012,74,7
JADE,F,2012,75,4
JADE,F,2012,76,2
JADE,F,2012,77,4
JADE,F,2012,78,5
JADE,F,2012,79,7
JADE,F,2012,80,6
JADE,F,2012,81,7
JADE,F,2012,82,1
JADE,F,2012,83,4
JADE,F,2012,84,8
JADE,F,2012,85,3
JADE,F,2012,86,7
JADE,F,2012,87,2
JADE,F,2012,88,6
JADE,F,2012,89,1
JADE,F,2012,90,2
JADE,F,2012,91,4
JADE,F,2012,92,5
JADE,F,2012,93,2
JADE,F,2012,95,2
JADE,M,2012,01,4
JADE,M,2012,02,6
JADE,M,2012,03,5
JADE,M,2012,04,3
JADE,M,2012,05,1
JADE,M,2012,06,9
JADE,M,2012,07,2
JADE,M,2012,08,2
JADE,M,2012,09,3
JADE,M,2012,10,5
JADE,M,2012,11,4
JADE,M,2012,12,2
JADE,M,2012,13,3
JADE,M,2012,14,3
JADE,M,2012,15,3
JADE,M,2012,16,2
JADE,M,2012,17,7
JADE,M,2012,18,3
JADE,M,2012,19,4
JADE,M,2012,21,9
JADE,M,2012,22,6
JADE,M,2012,23,5
JADE,M,2012,24,3
JADE,M,2012,25,3
JADE,M,2012,26,4
JADE,M,2012,27,4
JADE,M,2012,28,3
JADE,M,2012,29,9
JADE,M,2012,2A,4
JADE,M,2012,2B,8
JADE,M,2012,30,8
JADE,M,2012,31,5
JADE,M,2012,32,3
JADE,M,2012,34,4
JADE,M,2012,35,2
JADE,M,2012,36,5
JADE,M,2012,37,4
JADE,M,2012,38,4
JADE,M,2012,39,5
JADE,M,2012,40,4
JADE,M,2012,41,6
JADE,M,2012,42,2
JADE,M,2012,43,2
JADE,M,2012,44,3
JADE,M,2012,45,5
JADE,M,2012,46,2
JADE,M,2012,47,4
JADE,M,2012,48,5
JADE,M,2012,49,5
JADE,M,2012,50,4
JADE,M,2012,51,2
JADE,M,2012,52,4
JADE,M,2012,53,3
JADE,M,2012,54,6
JADE,M,2012,55,4
JADE,M,2012,56,3
JADE,M,2012,57,1
JADE,M,2012,58,7
JADE,M,2012,59,6
JADE,M,2012,60,1
JADE,M,2012,61,6
JADE,M,2012,62,1
JADE,M,2012,63,8
JADE,M,2012,64,1
JADE,M,2012,65,3
JADE,M,2012,66,5
JADE,M,2012,67,4
JADE,M,2012,68,3
JADE,M,2012,69,3
JADE,M,2012,70,1
JADE,M,2012,71,4
JADE,M,2012,72,1
JADE,M,2012,73,4
JADE,M,2012,74,3
JADE,M,2012,75,3
JADE,M,2012,76,7
JADE,M,2012,77,2
JADE,M,2012,78,3
JADE,M,2012,79,1
JADE,M,2012,80,5
JADE,M,2012,81,5
JADE,M,2012,82,8
JADE,M,2012,83,6
JADE,M,2012,84,3
JADE,M,2012,85,2
JADE,M,2012,86,7
JADE,M,2012,87,3
JADE,M,2012,88,5
JADE,M,2012,89,4
JADE,M,2012,90,1
JADE,M,2012,91,5
JADE,M,2012,92,4
JADE,M,2012,93,4
JADE,M,2012,94,4
JADE,M,2012,95,4
ARTHUR,F,2012,01,3
ARTHUR,F,2012,02,3
ARTHUR,F,2012,03,2
ARTHUR,F,2012,04,7
ARTHUR,F,2012,06,4
ARTHUR,F,2012,07,4
ARTHUR,F,2012,08,4
ARTHUR,F,2012,09,3
ARTHUR,F,2012,10,4
ARTHUR,F,2012,11,1
ARTHUR,F,2012,12,2
ARTHUR,F,2012,13,5
ARTHUR,F,2012,14,7
ARTHUR,F,2012,15,2
ARTHUR,F,2012,16,4
ARTHUR,F,2012,17,3
ARTHUR,F,2012,18,7
ARTHUR,F,2012,21,1
ARTHUR,F,2012,22,3
ARTHUR,F,2012,23,5
ARTHUR,F,2012,24,5
ARTHUR,F,2012,25,4
ARTHUR,F,2012,26,4
ARTHUR,F,2012,27,2
ARTHUR,F,2012,28,3
ARTHUR,F,2012,29,3
ARTHUR,F,2012,2A,4
ARTHUR,F,2012,2B,4
ARTHUR,F,2012,30,5
ARTHUR,F,2012,31,1
ARTHUR,F,2012,32,6
ARTHUR,F,2012,33,6
ARTHUR,F,2012,34,1
ARTHUR,F,2012,35,2
ARTHUR,F,2012,36,6
ARTHUR,F,2012,37,7
ARTHUR,F,2012,38,5
ARTHUR,F,2012,39,9
ARTHUR,F,2012,40,2
ARTHUR,F,2012,41,5
ARTHUR,F,2012,42,6
ARTHUR,F,2012,43,7
ARTHUR,F,2012,44,5
ARTHUR,F,2012,45,7
ARTHUR,F,2012,46,1
ARTHUR,F,2012,47,10
ARTHUR,F,2012,48,4
ARTHUR,F,2012,49,5
ARTHUR,F,2012,50,5
ARTHUR,F,2012,51,3
ARTHUR,F,2012,52,8
ARTHUR,F,2012,53,3
ARTHUR,F,2012,54,5
ARTHUR,F,2012,55,2
ARTHUR,F,2012,56,6
ARTHUR,F,2012,57,1
ARTHUR,F,2012,58,3
ARTHUR,F,2012,59,1
ARTHUR,F,2012,60,1
ARTHUR,F,2012,61,1
ARTHUR,F,2012,62,6
ARTHUR,F,2012,63,5
ARTHUR,F,2012,64,6
ARTHUR,F,2012,65,3
ARTHUR,F,2012,66,2
ARTHUR,F,2012,67,1
ARTHUR,F,2012,68,4
ARTHUR,F,2012,69,5
ARTHUR,F,2012,70,3
ARTHUR,F,2012,71,2
ARTHUR,F,2012,72,2
ARTHUR,F,2012,73,8
ARTHUR,F,2012,74,4
ARTHUR,F,2012,75,4
ARTHUR,F,2012,76,10
ARTHUR,F,2012,77,2
ARTHUR,F,2012,78,5
ARTHUR,F,2012,79,2
ARTHUR,F,2012,80,6
ARTHUR,F,2012,81,4
ARTHUR,F,2012,82,6
ARTHUR,F,2012,83,4
ARTHUR,F,2012,84,3
ARTHUR,F,2012,85,5
ARTHUR,F,2012,86,6
ARTHUR,F,2012,87,5
ARTHUR,F,2012,88,5
ARTHUR,F,2012,89,4
ARTHUR,F,2012,90,3
ARTHUR,F,2012,91,5
ARTHUR,F,2012,92,7
ARTHUR,F,2012,93,3
ARTHUR,F,2012,94,5
ARTHUR,F,2012,95,4
ARTHUR,M,2012,01,5
ARTHUR,M,2012,02,5
ARTHUR,M,2012,03,7
ARTHUR,M,2012,04,3
ARTHUR,M,2012,05,7
ARTHUR,M,2012,06,2
ARTHUR,M,2012,07,2
ARTHUR,M,2012,08,4
ARTHUR,M,2012,09,4
ARTHUR,M,2012,10,4
ARTHUR,M,2012,11,7
ARTHUR,M,2012,12,5
ARTHUR,M,2012,13,4
ARTHUR,M,2012,14,3
ARTHUR,M,2012,15,4
ARTHUR,M,2012,16,5
ARTHUR,M,2012,17,2
ARTHUR,M,2012,18,6
ARTHUR,M,2012,21,3
ARTHUR,M,2012,22,6
ARTHUR,M,2012,23,3
ARTHUR,M,2012,24,7
ARTHUR,M,2012,25,4
ARTHUR,M,2012,26,4
ARTHUR,M,2012,27,4
ARTHUR,M,2012,28,4
ARTHUR,M,2012,29,2
ARTHUR,M,2012,2A,6
ARTHUR,M,2012,2B,7
ARTHUR,M,2012,30,8
ARTHUR,M,2012,31,6
ARTHUR,M,2012,32,3
ARTHUR,M,2012,33,2
ARTHUR,M,2012,34,3
ARTHUR,M,2012,35,5
ARTHUR,M,2012,36,6
ARTHUR,M,2012,37,6
ARTHUR,M,2012,38,6
ARTHUR,M,2012,39,2
ARTHUR,M,2012,40,5
ARTHUR,M,2012,41,1
ARTHUR,M,2012,42,2
ARTHUR,M,2012,43,6
ARTHUR,M,2012,44,3
ARTHUR,M,2012,45,4
ARTHUR,M,2012,46,3
ARTHUR,M,2012,47,1
ARTHUR,M,2012,48,8
ARTHUR,M,2012,49,5
ARTHUR,M,2012,50,4
ARTHUR,M,2012,52,4
ARTHUR,M,2012,53,2
ARTHUR,M,2012,54,2
ARTHUR,M,2012,55,5
ARTHUR,M,2012,56,5
ARTHUR,M,2012,57,2
ARTHUR,M,2012,58,2
ARTHUR,M,2012,59,6
ARTHUR,M,2012,60,3
ARTHUR,M,2012,61,3
ARTHUR,M,2012,62,6
ARTHUR,M,2012,63,3
ARTHUR,M,2012,64,2
ARTHUR,M,2012,65,2
ARTHUR,M,2012,66,5
ARTHUR,M,2012,67,3
ARTHUR,M,2012,68,2
ARTHUR,M,2012,69,5
ARTHUR,M,2012,70,4
ARTHUR,M,2012,71,6
ARTHUR,M,2012,72,2
ARTHUR,M,2012,73,1
ARTHUR,M,2012,74,8
ARTHUR,M,2012,75,3
ARTHUR,M,2012,76,1
ARTHUR,M,2012,77,4
ARTHUR,M,2012,78,6
ARTHUR,M,2012,79,6
ARTHUR,M,2012,80,6
ARTHUR,M,2012,81,5
ARTHUR,M,2012,82,4
ARTHUR,M,2012,83,1
ARTHUR,M,2012,84,6
ARTHUR,M,2012,85,5
ARTHUR,M,2012,86,2
ARTHUR,M,2012,87,4
ARTHUR,M,2012,88,4
ARTHUR,M,2012,89,5
ARTHUR,M,2012,90,4
ARTHUR,M,2012,91,1
ARTHUR,M,2012,92,2
ARTHUR,M,2012,93,8
ARTHUR,M,2012,94,7
ARTHUR,M,2012,95,2
MAELIG,F,2013,01,5
MAELIG,F,2013,02,2
MAELIG,F,2013,03,3
MAELIG,F,2013,04,3
MAELIG,F,2013,05,5
MAELIG,F,2013,06,7
MAELIG,F,2013,07,2
MAELIG,F,2013,08,1
MAELIG,F,2013,09,7
MAELIG,F,2013,10,8
MAELIG,F,2013,11,9
MAELIG,F,2013,12,5
MAELIG,F,2013,13,4
MAELIG,F,2013,14,5
MAELIG,F,2013,15,4
MAELIG,F,2013,16,4
MAELIG,F,2013,17,2
MAELIG,F,2013,18,4
MAELIG,F,2013,19,3
MAELIG,F,2013,21,2
MAELIG,F,2013,22,27
MAELIG,F,2013,23,1
MAELIG,F,2013,24,5
MAELIG,F,2013,25,2
MAELIG,F,2013,26,4
MAELIG,F,2013,27,4
MAELIG,F,2013,28,5
MAELIG,F,2013,29,24
MAELIG,F,2013,2A,2
MAELIG,F,2013,2B,4
MAELIG,F,2013,30,2
MAELIG,F,2013,31,4
MAELIG,F,2013,32,4
MAELIG,F,2013,33,3
MAELIG,F,2013,34,5
MAELIG,F,2013,35,12
MAELIG,F,2013,36,2
MAELIG,F,2013,37,5
MAELIG,F,2013,38,8
MAELIG,F,2013,39,5
MAELIG,F,2013,40,3
MAELIG,F,2013,41,2
MAELIG,F,2013,42,6
MAELIG,F,2013,43,2
MAELIG,F,2013,44,18
MAELIG,F,2013,45,5
MAELIG,F,2013,46,3
MAELIG,F,2013,47,4
MAELIG,F,2013,48,3
MAELIG,F,2013,49,3
MAELIG,F,2013,50,6
MAELIG,F,2013,51,3
MAELIG,F,2013,52,5
MAELIG,F,2013,53,4
MAELIG,F,2013,54,4
MAELIG,F,2013,55,5
MAELIG,F,2013,56,24
MAELIG,F,2013,57,2
MAELIG,F,2013,58,2
MAELIG,F,2013,59,6
MAELIG,F,2013,60,8
MAELIG,F,2013,61,4
MAELIG,F,2013,62,3
MAELIG,F,2013,63,5
MAELIG,F,2013,64,6
MAELIG,F,2013,65,4
MAELIG,F,2013,66,7
MAELIG,F,2013,67,3
MAELIG,F,2013,68,2
MAELIG,F,2013,69,3
MAELIG,F,2013,70,6
MAELIG,F,2013,71,1
MAELIG,F,2013,72,5
MAELIG,F,2013,73,1
MAELIG,F,2013,74,3
MAELIG,F,2013,75,5
MAELIG,F,2013,76,3
MAELIG,F,2013,77,7
MAELIG,F,2013,78,4
MAELIG,F,2013,79,4
MAELIG,F,2013,80,2
MAELIG,F,2013,81,4
MAELIG,F,2013,82,1
MAELIG,F,2013,83,2
MAELIG,F,2013,84,5
MAELIG,F,2013,85,3
MAELIG,F,2013,86,5
MAELIG,F,2013,87,3
MAELIG,F,2013,88,6
MAELIG,F,2013,89,5
MAELIG,F,2013,90,4
MAELIG,F,2013,91,7
MAELIG,F,2013,92,4
MAELIG,F,2013,93,4
MAELIG,F,2013,94,5
MAELIG,F,2013,95,6
MAELIG,M,2013,01,6
MAELIG,M,2013,02,1
MAELIG,M,2013,03,1
MAELIG,M,2013,04,6
MAELIG,M,2013,05,4
MAELIG,M,2013,06,1
MAELIG,M,2013,07,6
MAELIG,M,2013,08,2
MAELIG,M,2013,09,3
MAELIG,M,2013,10,2
MAELIG,M,2013,11,2
MAELIG,M,2013,12,7
MAELIG,M,2013,13,3
MAELIG,M,2013,14,1
MAELIG,M,2013,15,7
MAELIG,M,2013,16,4
MAELIG,M,2013,17,2
MAELIG,M,2013,18,3
MAELIG,M,2013,19,5
MAELIG,M,2013,21,6
MAELIG,M,2013,22,25
MAELIG,M,2013,23,1
MAELIG,M,2013,24,4
MAELIG,M,2013,25,8
MAELIG,M,2013,26,6
MAELIG,M,2013,27,5
MAELIG,M,2013,28,4
MAELIG,M,2013,29,27
MAELIG,M,2013,2A,4
MAELIG,M,2013,2B,5
MAELIG,M,2013,30,5
MAELIG,M,2013,31,8
MAELIG,M,2013,32,6
MAELIG,M,2013,33,7
MAELIG,M,2013,34,8
MAELIG,M,2013,35,22
MAELIG,M,2013,36,4
MAELIG,M,2013,37,5
MAELIG,M,2013,38,2
MAELIG,M,2013,39,1
MAELIG,M,2013,40,3
MAELIG,M,2013,41,1
MAELIG,M,2013,42,5
MAELIG,M,2013,43,3
MAELIG,M,2013,44,24
MAELIG,M,2013,45,4
MAELIG,M,2013,46,5
MAELIG,M,2013,47,2
MAELIG,M,2013,48,3
MAELIG,M,2013,49,2
MAELIG,M,2013,50,7
MAELIG,M,2013,51,2
MAELIG,M,2013,52,4
MAELIG,M,2013,53,1
MAELIG,M,2013,55,1
MAELIG,M,2013,56,21
MAELIG,M,2013,57,7
MAELIG,M,2013,58,3
MAELIG,M,2013,59,2
MAELIG,M,2013,60,5
MAELIG,M,2013,61,5
MAELIG,M,2013,62,4
MAELIG,M,2013,63,5
MAELIG,M,2013,65,2
MAELIG,M,2013,66,4
MAELIG,M,2013,67,3
MAELIG,M,2013,68,7
MAELIG,M,2013,69,4
MAELIG,M,2013,70,3
MAELIG,M,2013,71,4
MAELIG,M,2013,72,7
MAELIG,M,2013,73,5
MAELIG,M,2013,74,2
MAELIG,M,2013,75,7
MAELIG,M,2013,76,5
MAELIG,M,2013,77,2
MAELIG,M,2013,78,4
MAELIG,M,2013,79,3
MAELIG,M,2013,80,4
MAELIG,M,2013,81,2
MAELIG,M,2013,82,2
MAELIG,M,2013,83,4
MAELIG,M,2013,84,1
MAELIG,M,2013,85,5
MAELIG,M,2013,86,4
MAELIG,M,2013,87,4
MAELIG,M,2013,88,3
MAELIG,M,2013,89,1
MAELIG,M,2013,90,5
MAELIG,M,2013,91,5
MAELIG,M,2013,92,2
MAELIG,M,2013,93,2
MAELIG,M,2013,94,4
MAELIG,M,2013,95,5
LOUISE,F,2013,01,4
LOUISE,F,2013,02,3
LOUISE,F,2013,03,8
LOUISE,F,2013,04,6
LOUISE,F,2013,05,9
LOUISE,F,2013,06,3
LOUISE,F,2013,07,7
LOUISE,F,2013,08,3
LOUISE,F,2013,09,1
LOUISE,F,2013,10,4
LOUISE,F,2013,11,8
LOUISE,F,2013,12,2
LOUISE,F,2013,13,7
LOUISE,F,2013,14,5
LOUISE,F,2013,15,6
LOUISE,F,2013,16,2
LOUISE,F,2013,17,1
LOUISE,F,2013,18,3
LOUISE,F,2013,19,3
LOUISE,F,2013,21,6
LOUISE,F,2013,22,2
LOUISE,F,2013,23,2
LOUISE,F,2013,24,5
LOUISE,F,2013,25,5
LOUISE,F,2013,26,11
LOUISE,F,2013,27,4
LOUISE,F,2013,28,4
LOUISE,F,2013,29,4
LOUISE,F,2013,2A,5
LOUISE,F,2013,2B,4
LOUISE,F,2013,30,2
LOUISE,F,2013,31,4
LOUISE,F,2013,32,3
LOUISE,F,2013,33,3
LOUISE,F,2013,34,2
LOUISE,F,2013,35,2
LOUISE,F,2013,36,7
LOUISE,F,2013,37,8
LOUISE,F,2013,38,2
LOUISE,F,2013,39,2
LOUISE,F,2013,40,2
LOUISE,F,2013,41,2
LOUISE,F,2013,42,3
LOUISE,F,2013,43,7
LOUISE,F,2013,44,8
LOUISE,F,2013,45,4
LOUISE,F,2013,46,3
LOUISE,F,2013,47,3
LOUISE,F,2013,48,3
LOUISE,F,2013,50,6
LOUISE,F,2013,51,3
LOUISE,F,2013,52,6
LOUISE,F,2013,53,4
LOUISE,F,2013,54,4
LOUISE,F,2013,55,3
LOUISE,F,2013,56,4
LOUISE,F,2013,57,6
LOUISE,F,2013,58,3
LOUISE,F,2013,59,2
LOUISE,F,2013,60,5
LOUISE,F,2013,61,8
LOUISE,F,2013,62,2
LOUISE,F,2013,63,3
LOUISE,F,2013,64,5
LOUISE,F,2013,65,7
LOUISE,F,2013,66,5
LOUISE,F,2013,67,4
LOUISE,F,2013,68,4
LOUISE,F,2013,69,4
LOUISE,F,2013,70,3
LOUISE,F,2013,71,3
LOUISE,F,2013,72,8
LOUISE,F,2013,73,3
LOUISE,F,2013,74,3
LOUISE,F,2013,75,7
LOUISE,F,2013,76,3
LOUISE,F,2013,77,2
LOUISE,F,2013,78,5
LOUISE,F,2013,79,6
LOUISE,F,2013,80,5
LOUISE,F,2013,81,2
LOUISE,F,2013,82,6
LOUISE,F,2013,83,2
LOUISE,F,2013,84,1
LOUISE,F,2013,85,3
LOUISE,F,2013,86,3
LOUISE,F,2013,87,5
LOUISE,F,2013,88,8
LOUISE,F,2013,89,4
LOUISE,F,2013,90,4
LOUISE,F,2013,91,2
LOUISE,F,2013,92,3
LOUISE,F,2013,93,3
LOUISE,F,2013,94,5
LOUISE,F,2013,95,4
LOUISE,M,2013,01,4
LOUISE,M,2013,02,4
LOUISE,M,2013,03,6
LOUISE,M,2013,04,4
LOUISE,M,2013,05,4
LOUISE,M,2013,06,4
LOUISE,M,2013,07,7
LOUISE,M,2013,08,3
LOUISE,M,2013,09,4
LOUISE,M,2013,10,6
LOUISE,M,2013,11,3
LOUISE,M,2013,12,3
LOUISE,M,2013,13,4
LOUISE,M,2013,14,8
LOUISE,M,2013,15,3
LOUISE,M,2013,16,4
LOUISE,M,2013,17,3
LOUISE,M,2013,18,7
LOUISE,M,2013,19,2
LOUISE,M,2013,21,2
LOUISE,M,2013,22,2
LOUISE,M,2013,23,4
LOUISE,M,2013,24,3
LOUISE,M,2013,25,4
LOUISE,M,2013,26,7
LOUISE,M,2013,27,5
LOUISE,M,2013,28,6
LOUISE,M,2013,29,8
LOUISE,M,2013,2A,7
LOUISE,M,2013,2B,2
LOUISE,M,2013,30,7
LOUISE,M,2013,31,1
LOUISE,M,2013,32,6
LOUISE,M,2013,33,3
LOUISE,M,2013,34,4
LOUISE,M,2013,36,6
LOUISE,M,2013,37,4
LOUISE,M,2013,38,3
LOUISE,M,2013,39,1
LOUISE,M,2013,41,3
LOUISE,M,2013,42,3
LOUISE,M,2013,43,3
LOUISE,M,2013,44,5
LOUISE,M,2013,45,4
LOUISE,M,2013,46,3
LOUISE,M,2013,47,7
LOUISE,M,2013,48,5
LOUISE,M,2013,49,4
LOUISE,M,2013,50,6
LOUISE,M,2013,51,2
LOUISE,M,2013,52,4
LOUISE,M,2013,53,7
LOUISE,M,2013,54,5
LOUISE,M,2013,55,4
LOUISE,M,2013,56,6
LOUISE,M,2013,57,5
LOUISE,M,2013,58,5
LOUISE,M,2013,59,5
LOUISE,M,2013,60,7
LOUISE,M,2013,61,5
LOUISE,M,2013,62,4
LOUISE,M,2013,63,5
LOUISE,M,2013,64,5
LOUISE,M,2013,65,2
LOUISE,M,2013,66,3
LOUISE,M,2013,67,3
LOUISE,M,2013,68,6
LOUISE,M,2013,69,2
LOUISE,M,2013,70,4
LOUISE,M,2013,71,5
LOUISE,M,2013,72,4
LOUISE,M,2013,73,6
LOUISE,M,2013,74,5
LOUISE,M,2013,75,4
LOUISE,M,2013,76,5
LOUISE,M,2013,77,5
LOUISE,M,2013,78,4
LOUISE,M,2013,79,4
LOUISE,M,2013,80,5
LOUISE,M,2013,81,6
LOUISE,M,2013,82,6
LOUISE,M,2013,83,5
LOUISE,M,2013,84,4
LOUISE,M,2013,85,5
LOUISE,M,2013,86,4
LOUISE,M,2013,88,3
LOUISE,M,2013,89,5
LOUISE,M,2013,90,7
LOUISE,M,2013,91,3
LOUISE,M,2013,92,4
LOUISE,M,2013,93,3
LOUISE,M,2013,94,8
LOUISE,M,2013,95,3
GABRIEL,F,2013,01,2
GABRIEL,F,2013,02,1
GABRIEL,F,2013,03,6
GABRIEL,F,2013,04,4
GABRIEL,F,2013,05,3
GABRIEL,F,2013,06,3
GABRIEL,F,2013,07,5
GABRIEL,F,2013,08,6
GABRIEL,F,2013,09,2
GABRIEL,F,2013,10,3
GABRIEL,F,2013,11,7
GABRIEL,F,2013,12,9
GABRIEL,F,2013,13,8
GABRIEL,F,2013,14,6
GABRIEL,F,2013,15,3
GABRIEL,F,2013,16,8
GABRIEL,F,2013,17,10
GABRIEL,F,2013,18,2
GABRIEL,F,2013,19,2
GABRIEL,F,2013,21,6
GABRIEL,F,2013,22,5
GABRIEL,F,2013,23,4
GABRIEL,F,2013,24,6
GABRIEL,F,2013,25,1
GABRIEL,F,2013,26,3
GABRIEL,F,2013,27,6
GABRIEL,F,2013,28,3
GABRIEL,F,2013,29,8
GABRIEL,F,2013,2A,3
GABRIEL,F,2013,2B,3
GABRIEL,F,2013,30,3
GABRIEL,F,2013,31,4
GABRIEL,F,2013,32,3
GABRIEL,F,2013,33,4
GABRIEL,F,2013,34,7
GABRIEL,F,2013,35,7
GABRIEL,F,2013,36,4
GABRIEL,F,2013,37,2
GABRIEL,F,2013,38,3
GABRIEL,F,2013,39,1
GABRIEL,F,2013,40,5
GABRIEL,F,2013,41,4
GABRIEL,F,2013,42,4
GABRIEL,F,2013,43,3
GABRIEL,F,2013,44,7
GABRIEL,F,2013,45,5
GABRIEL,F,2013,46,5
GABRIEL,F,2013,48,3
GABRIEL,F,2013,49,3
GABRIEL,F,2013,50,2
GABRIEL,F,2013,51,4
GABRIEL,F,2013,52,8
GABRIEL,F,2013,53,4
GABRIEL,F,2013,54,2
GABRIEL,F,2013,55,5
GABRIEL,F,2013,56,3
GABRIEL,F,2013,57,6
GABRIEL,F,2013,58,5
GABRIEL,F,2013,59,5
GABRIEL,F,2013,60,2
GABRIEL,F,2013,61,5
GABRIEL,F,2013,62,4
GABRIEL,F,2013,63,6
GABRIEL,F,2013,64,8
GABRIEL,F,2013,65,5
GABRIEL,F,2013,66,5
GABRIEL,F,2013,67,10
GABRIEL,F,2013,68,3
GABRIEL,F,2013,69,6
GABRIEL,F,2013,70,4
GABRIEL,F,2013,71,1
GABRIEL,F,2013,72,3
GABRIEL,F,2013,73,1
GABRIEL,F,2013,74,7
GABRIEL,F,2013,75,3
GABRIEL,F,2013,76,4
GABRIEL,F,2013,77,2
GABRIEL,F,2013,78,7
GABRIEL,F,2013,79,4
GABRIEL,F,2013,80,4
GABRIEL,F,2013,81,3
GABRIEL,F,2013,82,6
GABRIEL,F,2013,83,7
GABRIEL,F,2013,84,3
GABRIEL,F,2013,85,7
GABRIEL,F,2013,86,4
GABRIEL,F,2013,87,4
GABRIEL,F,2013,88,2
GABRIEL,F,2013,89,4
GABRIEL,F,2013,90,2
GABRIEL,F,2013,91,7
GABRIEL,F,2013,92,3
GABRIEL,F,2013,93,7
GABRIEL,F,2013,94,3
GABRIEL,F,2013,95,5
GABRIEL,M,2013,01,5
GABRIEL,M,2013,02,3
GABRIEL,M,2013,03,7
GABRIEL,M,2013,04,6
GABRIEL,M,2013,05,3
GABRIEL,M,2013,06,7
GABRIEL,M,2013,07,2
GABRIEL,M,2013,08,4
GABRIEL,M,2013,09,1
GABRIEL,M,2013,10,3
GABRIEL,M,2013,11,3
GABRIEL,M,2013,12,5
GABRIEL,M,2013,13,3
GABRIEL,M,2013,14,2
GABRIEL,M,2013,15,6
GABRIEL,M,2013,16,7
GABRIEL,M,2013,17,3
GABRIEL,M,2013,18,5
GABRIEL,M,2013,19,5
GABRIEL,M,2013,21,7
GABRIEL,M,2013,22,3
GABRIEL,M,2013,23,5
GABRIEL,M,2013,24,4
GABRIEL,M,2013,25,3
GABRIEL,M,2013,26,3
GABRIEL,M,2013,27,5
GABRIEL,M,2013,28,3
GABRIEL,M,2013,29,4
GABRIEL,M,2013,2A,6
GABRIEL,M,2013,2B,1
GABRIEL,M,2013,30,4
GABRIEL,M,2013,31,3
GABRIEL,M,2013,32,7
GABRIEL,M,2013,33,2
GABRIEL,M,2013,34,5
GABRIEL,M,2013,35,3
GABRIEL,M,2013,37,3
GABRIEL,M,2013,38,7
GABRIEL,M,2013,39,9
GABRIEL,M,2013,40,4
GABRIEL,M,2013,41,3
GABRIEL,M,2013,42,2
GABRIEL,M,2013,43,4
GABRIEL,M,2013,44,8
GABRIEL,M,2013,45,4
GABRIEL,M,2013,46,5
GABRIEL,M,2013,47,4
GABRIEL,M,2013,48,8
GABRIEL,M,2013,49,5
GABRIEL,M,2013,50,5
GABRIEL,M,2013,51,2
GABRIEL,M,2013,52,1
GABRIEL,M,2013,53,6
GABRIEL,M,2013,54,2
GABRIEL,M,2013,55,4
GABRIEL,M,2013,56,1
GABRIEL,M,2013,58,5
GABRIEL,M,2013,59,7
GABRIEL,M,2013,60,9
GABRIEL,M,2013,61,6
GABRIEL,M,2013,62,5
GABRIEL,M,2013,63,1
GABRIEL,M,2013,64,7
GABRIEL,M,2013,65,4
GABRIEL,M,2013,66,4
GABRIEL,M,2013,67,4
GABRIEL,M,2013,68,8
GABRIEL,M,2013,69,4
GABRIEL,M,2013,70,1
GABRIEL,M,2013,71,3
GABRIEL,M,2013,72,3
GABRIEL,M,2013,73,5
GABRIEL,M,2013,74,4
GABRIEL,M,2013,75,2
GABRIEL,M,2013,76,7
GABRIEL,M,2013,77,5
GABRIEL,M,2013,78,7
GABRIEL,M,2013,79,5
GABRIEL,M,2013,80,3
GABRIEL,M,2013,81,7
GABRIEL,M,2013,82,2
GABRIEL,M,2013,83,7
GABRIEL,M,2013,84,7
GABRIEL,M,2013,85,4
GABRIEL,M,2013,86,7
GABRIEL,M,2013,87,4
GABRIEL,M,2013,88,6
GABRIEL,M,2013,89,5
GABRIEL,M,2013,90,3
GABRIEL,M,2013,91,4
GABRIEL,M,2013,92,5
GABRIEL,M,2013,93,6
GABRIEL,M,2013,94,2
GABRIEL,M,2013,95,5
JADE,F,2013,01,4
JADE,F,2013,02,2
JADE,F,2013,03,5
JADE,F,2013,04,4
JADE,F,2013,05,2
JADE,F,2013,06,5
JADE,F,2013,07,7
JADE,F,2013,08,7
JADE,F,2013,09,5
JADE,F,2013,10,6
JADE,F,2013,11,4
JADE,F,2013,12,4
JADE,F,2013,13,4
JADE,F,2013,14,3
JADE,F,2013,15,2
JADE,F,2013,16,5
JADE,F,2013,17,5
JADE,F,2013,18,7
JADE,F,2013,19,1
JADE,F,2013,21,2
JADE,F,2013,22,6
JADE,F,2013,23,7
JADE,F,2013,24,4
JADE,F,2013,25,5
JADE,F,2013,26,4
JADE,F,2013,27,5
JADE,F,2013,28,2
JADE,F,2013,29,3
JADE,F,2013,2A,4
JADE,F,2013,2B,1
JADE,F,2013,30,3
JADE,F,2013,31,1
JADE,F,2013,32,3
JADE,F,2013,33,4
JADE,F,2013,34,3
JADE,F,2013,35,3
JADE,F,2013,37,3
JADE,F,2013,38,5
JADE,F,2013,39,2
JADE,F,2013,40,2
JADE,F,2013,41,3
JADE,F,2013,42,8
JADE,F,2013,43,4
JADE,F,2013,44,7
JADE,F,2013,45,4
JADE,F,2013,46,7
JADE,F,2013,47,2
JADE,F,2013,48,3
JADE,F,2013,49,7
JADE,F,2013,50,4
JADE,F,2013,51,6
JADE,F,2013,52,5
JADE,F,2013,53,5
JADE,F,2013,54,2
JADE,F,2013,55,3
JADE,F,2013,56,2
JADE,F,2013,57,1
JADE,F,2013,58,2
JADE,F,2013,59,1
JADE,F,2013,60,2
JADE,F,2013,61,5
JADE,F,2013,62,3
JADE,F,2013,63,5
JADE,F,2013,64,4
JADE,F,2013,65,4
JADE,F,2013,66,4
JADE,F,2013,67,5
JADE,F,2013,68,5
JADE,F,2013,69,7
JADE,F,2013,71,5
JADE,F,2013,72,2
JADE,F,2013,73,3
JADE,F,2013,74,3
JADE,F,2013,75,5
JADE,F,2013,76,2
JADE,F,2013,77,2
JADE,F,2013,78,1
JADE,F,2013,79,7
JADE,F,2013,80,4
JADE,F,2013,81,1
JADE,F,2013,82,10
JADE,F,2013,83,5
JADE,F,2013,84,7
JADE,F,2013,85,3
JADE,F,2013,86,5
JADE,F,2013,87,1
JADE,F,2013,88,5
JADE,F,2013,89,2
JADE,F,2013,90,5
JADE,F,2013,91,2
JADE,F,2013,92,3
JADE,F,2013,93,4
JADE,F,2013,94,3
JADE,F,2013,95,4
JADE,M,2013,01,6
JADE,M,2013,02,1
JADE,M,2013,03,6
JADE,M,2013,04,2
JADE,M,2013,05,3
JADE,M,2013,06,4
JADE,M,2013,07,5
JADE,M,2013,08,5
JADE,M,2013,09,4
JADE,M,2013,10,2
JADE,M,2013,11,6
JADE,M,2013,12,3
JADE,M,2013,13,2
JADE,M,2013,14,1
JADE,M,2013,15,3
JADE,M,2013,16,4
JADE,M,2013,17,2
JADE,M,2013,18,2
JADE,M,2013,19,7
JADE,M,2013,21,2
JADE,M,2013,22,3
JADE,M,2013,23,3
JADE,M,2013,24,6
JADE,M,2013,25,1
JADE,M,2013,26,7
JADE,M,2013,27,5
JADE,M,2013,28,8
JADE,M,2013,29,3
JADE,M,2013,2A,3
JADE,M,2013,2B,3
JADE,M,2013,30,3
JADE,M,2013,31,3
JADE,M,2013,32,4
JADE,M,2013,33,1
JADE,M,2013,34,3
JADE,M,2013,35,2
JADE,M,2013,36,3
JADE,M,2013,37,7
JADE,M,2013,38,7
JADE,M,2013,39,5
JADE,M,2013,40,6
JADE,M,2013,41,6
JADE,M,2013,42,5
JADE,M,2013,43,5
JADE,M,2013,44,5
JADE,M,2013,45,8
JADE,M,2013,46,5
JADE,M,2013,47,8
JADE,M,2013,48,5
JADE,M,2013,49,2
JADE,M,2013,50,6
JADE,M,2013,51,8
JADE,M,2013,52,6
JADE,M,2013,53,2
JADE,M,2013,54,1
JADE,M,2013,55,8
JADE,M,2013,56,1
JADE,M,2013,57,5
JADE,M,2013,58,2
JADE,M,2013,59,2
JADE,M,2013,60,1
JADE,M,2013,61,5
JADE,M,2013,62,3
JADE,M,2013,63,6
JADE,M,2013,64,7
JADE,M,2013,66,4
JADE,M,2013,67,3
JADE,M,2013,68,8
JADE,M,2013,69,2
JADE,M,2013,70,5
JADE,M,2013,71,2
JADE,M,2013,72,4
JADE,M,2013,73,6
JADE,M,2013,74,1
JADE,M,2013,75,2
JADE,M,2013,77,2
JADE,M,2013,78,2
JADE,M,2013,79,6
JADE,M,2013,80,4
JADE,M,2013,81,5
JADE,M,2013,82,7
JADE,M,2013,83,6
JADE,M,2013,84,4
JADE,M,2013,85,1
JADE,M,2013,86,1
JADE,M,2013,87,3
JADE,M,2013,88,8
JADE,M,2013,89,5
JADE,M,2013,90,5
JADE,M,2013,91,6
JADE,M,2013,92,2
JADE,M,2013,93,3
JADE,M,2013,94,4
ARTHUR,F,2013,01,7
ARTHUR,F,2013,02,8
ARTHUR,F,2013,03,9
ARTHUR,F,2013,04,4
ARTHUR,F,2013,05,6
ARTHUR,F,2013,06,3
ARTHUR,F,2013,07,5
ARTHUR,F,2013,08,4
ARTHUR,F,2013,09,3
ARTHUR,F,2013,10,7
ARTHUR,F,2013,11,5
ARTHUR,F,2013,12,7
ARTHUR,F,2013,13,10
ARTHUR,F,2013,14,5
ARTHUR,F,2013,15,3
ARTHUR,F,2013,16,4
ARTHUR,F,2013,17,4
ARTHUR,F,2013,18,2
ARTHUR,F,2013,19,6
ARTHUR,F,2013,21,4
ARTHUR,F,2013,22,1
ARTHUR,F,2013,23,3
ARTHUR,F,2013,24,6
ARTHUR,F,2013,25,4
ARTHUR,F,2013,26,5
ARTHUR,F,2013,27,5
ARTHUR,F,2013,28,7
ARTHUR,F,2013,29,3
ARTHUR,F,2013,2A,8
ARTHUR,F,2013,2B,5
ARTHUR,F,2013,30,1
ARTHUR,F,2013,31,3
ARTHUR,F,2013,32,3
ARTHUR,F,2013,33,5
ARTHUR,F,2013,34,5
ARTHUR,F,2013,35,4
ARTHUR,F,2013,36,1
ARTHUR,F,2013,37,3
ARTHUR,F,2013,38,3
ARTHUR,F,2013,39,6
ARTHUR,F,2013,40,2
ARTHUR,F,2013,41,1
ARTHUR,F,2013,42,5
ARTHUR,F,2013,43,3
ARTHUR,F,2013,44,3
ARTHUR,F,2013,45,5
ARTHUR,F,2013,46,4
ARTHUR,F,2013,47,2
ARTHUR,F,2013,48,3
ARTHUR,F,2013,49,4
ARTHUR,F,2013,50,3
ARTHUR,F,2013,51,1
ARTHUR,F,2013,52,5
ARTHUR,F,2013,53,4
ARTHUR,F,2013,54,1
ARTHUR,F,2013,55,5
ARTHUR,F,2013,56,2
ARTHUR,F,2013,57,2
ARTHUR,F,2013,58,5
ARTHUR,F,2013,59,2
ARTHUR,F,2013,60,5
ARTHUR,F,2013,61,4
ARTHUR,F,2013,62,7
ARTHUR,F,2013,63,4
ARTHUR,F,2013,64,4
ARTHUR,F,2013,65,2
ARTHUR,F,2013,66,4
ARTHUR,F,2013,67,4
ARTHUR,F,2013,68,3
ARTHUR,F,2013,69,2
ARTHUR,F,2013,70,2
ARTHUR,F,2013,71,2
ARTHUR,F,2013,72,2
ARTHUR,F,2013,73,7
ARTHUR,F,2013,74,9
ARTHUR,F,2013,75,3
ARTHUR,F,2013,76,3
ARTHUR,F,2013,77,9
ARTHUR,F,2013,78,5
ARTHUR,F,2013,79,5
ARTHUR,F,2013,80,1
ARTHUR,F,2013,81,2
ARTHUR,F,2013,82,8
ARTHUR,F,2013,83,1
ARTHUR,F,2013,84,3
ARTHUR,F,2013,85,4
ARTHUR,F,2013,86,6
ARTHUR,F,2013,87,3
ARTHUR,F,2013,88,3
ARTHUR,F,2013,89,5
ARTHUR,F,2013,90,8
ARTHUR,F,2013,91,3
ARTHUR,F,2013,92,1
ARTHUR,F,2013,93,1
ARTHUR,F,2013,94,2
ARTHUR,F,2013,95,2
ARTHUR,M,2013,01,4
ARTHUR,M,2013,02,3
ARTHUR,M,2013,03,7
ARTHUR,M,2013,04,6
ARTHUR,M,2013,05,8
ARTHUR,M,2013,06,2
ARTHUR,M,2013,07,6
ARTHUR,M,2013,08,5
ARTHUR,M,2013,09,6
ARTHUR,M,2013,10,4
ARTHUR,M,2013,11,4
ARTHUR,M,2013,12,6
ARTHUR,M,2013,13,1
ARTHUR,M,2013,14,5
ARTHUR,M,2013,15,4
ARTHUR,M,2013,16,4
ARTHUR,M,2013,17,4
ARTHUR,M,2013,18,4
ARTHUR,M,2013,19,5
ARTHUR,M,2013,21,8
ARTHUR,M,2013,22,4
ARTHUR,M,2013,23,4
ARTHUR,M,2013,24,3
ARTHUR,M,2013,25,3
ARTHUR,M,2013,26,4
ARTHUR,M,2013,27,2
ARTHUR,M,2013,28,4
ARTHUR,M,2013,29,6
ARTHUR,M,2013,2A,3
ARTHUR,M,2013,2B,4
ARTHUR,M,2013,30,3
ARTHUR,M,2013,31,3
ARTHUR,M,2013,32,5
ARTHUR,M,2013,33,8
ARTHUR,M,2013,34,5
ARTHUR,M,2013,35,4
ARTHUR,M,2013,36,5
ARTHUR,M,2013,37,5
ARTHUR,M,2013,38,10
ARTHUR,M,2013,39,1
ARTHUR,M,2013,40,6
ARTHUR,M,2013,41,1
ARTHUR,M,2013,42,5
ARTHUR,M,2013,43,4
ARTHUR,M,2013,44,4
ARTHUR,M,2013,45,3
ARTHUR,M,2013,46,5
ARTHUR,M,2013,47,4
ARTHUR,M,2013,48,3
ARTHUR,M,2013,49,2
ARTHUR,M,2013,50,4
ARTHUR,M,2013,51,4
ARTHUR,M,2013,52,2
ARTHUR,M,2013,53,7
ARTHUR,M,2013,54,4
ARTHUR,M,2013,55,2
ARTHUR,M,2013,56,2
ARTHUR,M,2013,57,3
ARTHUR,M,2013,58,2
ARTHUR,M,2013,59,6
ARTHUR,M,2013,60,2
ARTHUR,M,2013,61,7
ARTHUR,M,2013,62,3
ARTHUR,M,2013,63,2
ARTHUR,M,2013,64,5
ARTHUR,M,2013,65,1
ARTHUR,M,2013,66,3
ARTHUR,M,2013,67,3
ARTHUR,M,2013,68,3
ARTHUR,M,2013,69,2
ARTHUR,M,2013,70,5
ARTHUR,M,2013,71,5
ARTHUR,M,2013,72,2
ARTHUR,M,2013,73,3
ARTHUR,M,2013,74,1
ARTHUR,M,2013,75,3
ARTHUR,M,2013,76,3
ARTHUR,M,2013,77,2
ARTHUR,M,2013,78,4
ARTHUR,M,2013,79,4
ARTHUR,M,2013,80,5
ARTHUR,M,2013,81,3
ARTHUR,M,2013,82,7
ARTHUR,M,2013,83,5
ARTHUR,M,2013,84,3
ARTHUR,M,2013,85,1
ARTHUR,M,2013,86,2
ARTHUR,M,2013,87,5
ARTHUR,M,2013,88,5
ARTHUR,M,2013,89,4
ARTHUR,M,2013,90,4
ARTHUR,M,2013,91,3
ARTHUR,M,2013,92,1
ARTHUR,M,2013,93,5
ARTHUR,M,2013,94,2
ARTHUR,M,2013,95,4
MAELIG,F,2014,01,2
MAELIG,F,2014,02,3
MAELIG,F,2014,03,3
MAELIG,F,2014,04,3
MAELIG,F,2014,05,5
MAELIG,F,2014,06,5
MAELIG,F,2014,07,2
MAELIG,F,2014,08,4
MAELIG,F,2014,09,3
MAELIG,F,2014,10,10
MAELIG,F,2014,11,3
MAELIG,F,2014,12,1
MAELIG,F,2014,13,6
MAELIG,F,2014,14,4
MAELIG,F,2014,15,3
MAELIG,F,2014,16,7
MAELIG,F,2014,17,4
MAELIG,F,2014,18,4
MAELIG,F,2014,19,2
MAELIG,F,2014,21,1
MAELIG,F,2014,22,23
MAELIG,F,2014,23,3
MAELIG,F,2014,24,4
MAELIG,F,2014,25,6
MAELIG,F,2014,26,1
MAELIG,F,2014,27,4
MAELIG,F,2014,28,3
MAELIG,F,2014,29,28
MAELIG,F,2014,2A,3
MAELIG,F,2014,2B,2
MAELIG,F,2014,31,3
MAELIG,F,2014,32,3
MAELIG,F,2014,33,2
MAELIG,F,2014,34,7
MAELIG,F,2014,35,27
MAELIG,F,2014,36,3
MAELIG,F,2014,37,4
MAELIG,F,2014,38,3
MAELIG,F,2014,39,6
MAELIG,F,2014,40,3
MAELIG,F,2014,41,3
MAELIG,F,2014,43,1
MAELIG,F,2014,44,20
MAELIG,F,2014,45,2
MAELIG,F,2014,46,1
MAELIG,F,2014,47,1
MAELIG,F,2014,48,1
MAELIG,F,2014,49,4
MAELIG,F,2014,50,3
MAELIG,F,2014,51,5
MAELIG,F,2014,52,2
MAELIG,F,2014,53,5
MAELIG,F,2014,55,2
MAELIG,F,2014,56,21
MAELIG,F,2014,57,5
MAELIG,F,2014,58,1
MAELIG,F,2014,59,3
MAELIG,F,2014,60,2
MAELIG,F,2014,61,1
MAELIG,F,2014,62,4
MAELIG,F,2014,63,4
MAELIG,F,2014,64,1
MAELIG,F,2014,65,2
MAELIG,F,2014,66,3
MAELIG,F,2014,67,1
MAELIG,F,2014,68,6
MAELIG,F,2014,69,2
MAELIG,F,2014,70,4
MAELIG,F,2014,71,5
MAELIG,F,2014,72,2
MAELIG,F,2014,73,5
MAELIG,F,2014,74,3
MAELIG,F,2014,75,4
MAELIG,F,2014,76,3
MAELIG,F,2014,77,1
MAELIG,F,2014,78,4
MAELIG,F,2014,79,7
MAELIG,F,2014,80,5
MAELIG,F,2014,81,1
MAELIG,F,2014,82,3
MAELIG,F,2014,83,2
MAELIG,F,2014,84,8
MAELIG,F,2014,85,6
MAELIG,F,2014,86,6
MAELIG,F,2014,87,8
MAELIG,F,2014,88,6
MAELIG,F,2014,89,2
MAELIG,F,2014,90,8
MAELIG,F,2014,91,2
MAELIG,F,2014,92,3
MAELIG,F,2014,93,4
MAELIG,F,2014,94,1
MAELIG,F,2014,95,1
MAELIG,M,2014,01,3
MAELIG,M,2014,02,2
MAELIG,M,2014,03,6
MAELIG,M,2014,04,3
MAELIG,M,2014,05,8
MAELIG,M,2014,07,4
MAELIG,M,2014,08,4
MAELIG,M,2014,09,7
MAELIG,M,2014,10,3
MAELIG,M,2014,11,4
MAELIG,M,2014,12,6
MAELIG,M,2014,13,3
MAELIG,M,2014,14,4
MAELIG,M,2014,15,1
MAELIG,M,2014,16,6
MAELIG,M,2014,17,4
MAELIG,M,2014,18,5
MAELIG,M,2014,19,4
MAELIG,M,2014,21,4
MAELIG,M,2014,22,16
MAELIG,M,2014,23,4
MAELIG,M,2014,24,2
MAELIG,M,2014,25,1
MAELIG,M,2014,26,3
MAELIG,M,2014,27,4
MAELIG,M,2014,28,1
MAELIG,M,2014,29,21
MAELIG,M,2014,2A,6
MAELIG,M,2014,2B,3
MAELIG,M,2014,30,1
MAELIG,M,2014,31,5
MAELIG,M,2014,32,8
MAELIG,M,2014,33,4
MAELIG,M,2014,34,6
MAELIG,M,2014,35,29
MAELIG,M,2014,36,4
MAELIG,M,2014,37,5
MAELIG,M,2014,38,4
MAELIG,M,2014,39,4
MAELIG,M,2014,40,2
MAELIG,M,2014,41,5
MAELIG,M,2014,42,3
MAELIG,M,2014,43,8
MAELIG,M,2014,44,30
MAELIG,M,2014,45,4
MAELIG,M,2014,46,7
MAELIG,M,2014,47,3
MAELIG,M,2014,48,4
MAELIG,M,2014,49,6
MAELIG,M,2014,50,4
MAELIG,M,2014,51,3
MAELIG,M,2014,52,3
MAELIG,M,2014,53,6
MAELIG,M,2014,54,1
MAELIG,M,2014,55,2
MAELIG,M,2014,56,32
MAELIG,M,2014,57,3
MAELIG,M,2014,58,2
MAELIG,M,2014,59,5
MAELIG,M,2014,60,7
MAELIG,M,2014,61,4
MAELIG,M,2014,62,2
MAELIG,M,2014,63,7
MAELIG,M,2014,64,3
MAELIG,M,2014,65,5
MAELIG,M,2014,66,4
MAELIG,M,2014,67,2
MAELIG,M,2014,68,1
MAELIG,M,2014,69,1
MAELIG,M,2014,70,3
MAELIG,M,2014,71,3
MAELIG,M,2014,72,6
MAELIG,M,2014,73,2
MAELIG,M,2014,75,1
MAELIG,M,2014,76,3
MAELIG,M,2014,77,4
MAELIG,M,2014,78,3
MAELIG,M,2014,79,7
MAELIG,M,2014,80,5
MAELIG,M,2014,81,4
MAELIG,M,2014,82,2
MAELIG,M,2014,83,2
MAELIG,M,2014,84,3
MAELIG,M,2014,85,4
MAELIG,M,2014,86,5
MAELIG,M,2014,87,4
MAELIG,M,2014,88,3
MAELIG,M,2014,89,1
MAELIG,M,2014,90,5
MAELIG,M,2014,91,6
MAELIG,M,2014,92,2
MAELIG,M,2014,93,4
MAELIG,M,2014,94,6
MAELIG,M,2014,95,5
LOUISE,F,2014,01,1
LOUISE,F,2014,02,3
LOUISE,F,2014,03,2
LOUISE,F,2014,04,2
LOUISE,F,2014,06,3
LOUISE,F,2014,07,4
LOUISE,F,2014,08,2
LOUISE,F,2014,09,2
LOUISE,F,2014,10,2
LOUISE,F,2014,11,1
LOUISE,F,2014,12,4
LOUISE,F,2014,13,6
LOUISE,F,2014,14,3
LOUISE,F,2014,15,6
LOUISE,F,2014,16,3
LOUISE,F,2014,17,6
LOUISE,F,2014,18,4
LOUISE,F,2014,19,2
LOUISE,F,2014,21,4
LOUISE,F,2014,22,1
LOUISE,F,2014,23,4
LOUISE,F,2014,24,5
LOUISE,F,2014,25,6
LOUISE,F,2014,26,5
LOUISE,F,2014,27,3
LOUISE,F,2014,28,1
LOUISE,F,2014,29,3
LOUISE,F,2014,2A,3
LOUISE,F,2014,2B,4
LOUISE,F,2014,30,6
LOUISE,F,2014,31,3
LOUISE,F,2014,32,5
LOUISE,F,2014,33,6
LOUISE,F,2014,34,4
LOUISE,F,2014,35,5
LOUISE,F,2014,36,7
LOUISE,F,2014,37,3
LOUISE,F,2014,38,6
LOUISE,F,2014,39,2
LOUISE,F,2014,40,4
LOUISE,F,2014,41,5
LOUISE,F,2014,42,2
LOUISE,F,2014,43,2
LOUISE,F,2014,44,3
LOUISE,F,2014,45,4
LOUISE,F,2014,46,4
LOUISE,F,2014,47,2
LOUISE,F,2014,48,3
LOUISE,F,2014,49,4
LOUISE,F,2014,50,5
LOUISE,F,2014,51,3
LOUISE,F,2014,52,6
LOUISE,F,2014,53,2
LOUISE,F,2014,54,3
LOUISE,F,2014,55,5
LOUISE,F,2014,56,3
LOUISE,F,2014,57,5
LOUISE,F,2014,58,3
LOUISE,F,2014,59,1
LOUISE,F,2014,60,5
LOUISE,F,2014,61,3
LOUISE,F,2014,62,3
LOUISE,F,2014,63,5
LOUISE,F,2014,64,3
LOUISE,F,2014,65,5
LOUISE,F,2014,66,2
LOUISE,F,2014,67,4
LOUISE,F,2014,68,6
LOUISE,F,2014,69,2
LOUISE,F,2014,70,5
LOUISE,F,2014,71,4
LOUISE,F,2014,72,1
LOUISE,F,2014,73,6
LOUISE,F,2014,74,4
LOUISE,F,2014,75,4
LOUISE,F,2014,76,1
LOUISE,F,2014,77,9
LOUISE,F,2014,78,8
LOUISE,F,2014,79,6
LOUISE,F,2014,80,4
LOUISE,F,2014,81,7
LOUISE,F,2014,82,4
LOUISE,F,2014,83,2
LOUISE,F,2014,84,6
LOUISE,F,2014,85,10
LOUISE,F,2014,86,4
LOUISE,F,2014,87,5
LOUISE,F,2014,88,3
LOUISE,F,2014,89,5
LOUISE,F,2014,90,2
LOUISE,F,2014,91,9
LOUISE,F,2014,92,5
LOUISE,F,2014,93,5
LOUISE,F,2014,94,2
LOUISE,F,2014,95,1
LOUISE,M,2014,01,2
LOUISE,M,2014,02,9
LOUISE,M,2014,03,4
LOUISE,M,2014,04,4
LOUISE,M,2014,05,3
LOUISE,M,2014,06,3
LOUISE,M,2014,07,5
LOUISE,M,2014,08,4
LOUISE,M,2014,09,4
LOUISE,M,2014,10,7
LOUISE,M,2014,11,2
LOUISE,M,2014,12,7
LOUISE,M,2014,13,3
LOUISE,M,2014,14,6
LOUISE,M,2014,15,9
LOUISE,M,2014,16,5
LOUISE,M,2014,17,3
LOUISE,M,2014,18,3
LOUISE,M,2014,19,2
LOUISE,M,2014,21,4
LOUISE,M,2014,22,3
LOUISE,M,2014,23,6
LOUISE,M,2014,24,5
LOUISE,M,2014,25,5
LOUISE,M,2014,26,5
LOUISE,M,2014,27,4
LOUISE,M,2014,28,1
LOUISE,M,2014,29,3
LOUISE,M,2014,2A,8
LOUISE,M,2014,2B,6
LOUISE,M,2014,30,4
LOUISE,M,2014,31,5
LOUISE,M,2014,32,5
LOUISE,M,2014,33,6
LOUISE,M,2014,34,4
LOUISE,M,2014,35,3
LOUISE,M,2014,36,6
LOUISE,M,2014,37,6
LOUISE,M,2014,38,3
LOUISE,M,2014,39,1
LOUISE,M,2014,40,9
LOUISE,M,2014,41,4
LOUISE,M,2014,42,2
LOUISE,M,2014,43,2
LOUISE,M,2014,44,5
LOUISE,M,2014,45,5
LOUISE,M,2014,46,6
LOUISE,M,2014,47,4
LOUISE,M,2014,48,3
LOUISE,M,2014,49,8
LOUISE,M,2014,50,6
LOUISE,M,2014,51,2
LOUISE,M,2014,52,4
LOUISE,M,2014,53,5
LOUISE,M,2014,54,2
LOUISE,M,2014,55,5
LOUISE,M,2014,56,4
LOUISE,M,2014,57,6
LOUISE,M,2014,58,10
LOUISE,M,2014,59,5
LOUISE,M,2014,60,4
LOUISE,M,2014,62,3
LOUISE,M,2014,63,4
LOUISE,M,2014,64,4
LOUISE,M,2014,65,5
LOUISE,M,2014,66,4
LOUISE,M,2014,67,5
LOUISE,M,2014,68,4
LOUISE,M,2014,69,4
LOUISE,M,2014,70,7
LOUISE,M,2014,71,2
LOUISE,M,2014,72,5
LOUISE,M,2014,73,3
LOUISE,M,2014,74,5
LOUISE,M,2014,75,3
LOUISE,M,2014,76,8
LOUISE,M,2014,77,6
LOUISE,M,2014,78,8
LOUISE,M,2014,79,4
LOUISE,M,2014,80,3
LOUISE,M,2014,81,3
LOUISE,M,2014,82,4
LOUISE,M,2014,83,4
LOUISE,M,2014,84,5
LOUISE,M,2014,85,4
LOUISE,M,2014,86,5
LOUISE,M,2014,87,5
LOUISE,M,2014,88,3
LOUISE,M,2014,89,3
LOUISE,M,2014,90,3
LOUISE,M,2014,91,4
LOUISE,M,2014,92,4
LOUISE,M,2014,93,2
LOUISE,M,2014,94,5
LOUISE,M,2014,95,4
GABRIEL,F,2014,01,3
GABRIEL,F,2014,02,6
GABRIEL,F,2014,03,1
GABRIEL,F,2014,04,3
GABRIEL,F,2014,05,5
GABRIEL,F,2014,06,6
GABRIEL,F,2014,07,5
GABRIEL,F,2014,08,4
GABRIEL,F,2014,09,5
GABRIEL,F,2014,10,1
GABRIEL,F,2014,11,7
GABRIEL,F,2014,12,4
GABRIEL,F,2014,13,3
GABRIEL,F,2014,14,6
GABRIEL,F,2014,15,2
GABRIEL,F,2014,17,1
GABRIEL,F,2014,18,2
GABRIEL,F,2014,19,5
GABRIEL,F,2014,21,2
GABRIEL,F,2014,22,2
GABRIEL,F,2014,23,4
GABRIEL,F,2014,24,4
GABRIEL,F,2014,25,6
GABRIEL,F,2014,26,7
GABRIEL,F,2014,27,3
GABRIEL,F,2014,28,6
GABRIEL,F,2014,29,2
GABRIEL,F,2014,2A,6
GABRIEL,F,2014,2B,1
GABRIEL,F,2014,30,6
GABRIEL,F,2014,31,2
GABRIEL,F,2014,33,2
GABRIEL,F,2014,34,5
GABRIEL,F,2014,35,1
GABRIEL,F,2014,36,3
GABRIEL,F,2014,37,1
GABRIEL,F,2014,38,2
GABRIEL,F,2014,39,4
GABRIEL,F,2014,40,3
GABRIEL,F,2014,41,2
GABRIEL,F,2014,42,3
GABRIEL,F,2014,43,1
GABRIEL,F,2014,44,4
GABRIEL,F,2014,45,3
GABRIEL,F,2014,46,7
GABRIEL,F,2014,47,9
GABRIEL,F,2014,48,1
GABRIEL,F,2014,49,7
GABRIEL,F,2014,50,5
GABRIEL,F,2014,51,4
GABRIEL,F,2014,52,5
GABRIEL,F,2014,54,3
GABRIEL,F,2014,55,7
GABRIEL,F,2014,56,9
GABRIEL,F,2014,57,11
GABRIEL,F,2014,58,3
GABRIEL,F,2014,59,7
GABRIEL,F,2014,60,3
GABRIEL,F,2014,61,6
GABRIEL,F,2014,62,6
GABRIEL,F,2014,63,3
GABRIEL,F,2014,64,3
GABRIEL,F,2014,65,7
GABRIEL,F,2014,66,4
GABRIEL,F,2014,67,2
GABRIEL,F,2014,68,3
GABRIEL,F,2014,69,4
GABRIEL,F,2014,70,4
GABRIEL,F,2014,71,10
GABRIEL,F,2014,72,2
GABRIEL,F,2014,73,3
GABRIEL,F,2014,74,7
GABRIEL,F,2014,75,3
GABRIEL,F,2014,76,6
GABRIEL,F,2014,77,4
GABRIEL,F,2014,78,5
GABRIEL,F,2014,79,3
GABRIEL,F,2014,80,3
GABRIEL,F,2014,81,4
GABRIEL,F,2014,82,4
GABRIEL,F,2014,83,3
GABRIEL,F,2014,84,4
GABRIEL,F,2014,85,6
GABRIEL,F,2014,86,3
GABRIEL,F,2014,87,3
GABRIEL,F,2014,88,5
GABRIEL,F,2014,89,2
GABRIEL,F,2014,90,7
GABRIEL,F,2014,91,6
GABRIEL,F,2014,92,4
GABRIEL,F,2014,93,7
GABRIEL,F,2014,94,4
GABRIEL,F,2014,95,8
GABRIEL,M,2014,01,2
GABRIEL,M,2014,03,8
GABRIEL,M,2014,04,4
GABRIEL,M,2014,05,6
GABRIEL,M,2014,06,5
GABRIEL,M,2014,07,2
GABRIEL,M,2014,08,2
GABRIEL,M,2014,09,5
GABRIEL,M,2014,10,3
GABRIEL,M,2014,11,4
GABRIEL,M,2014,12,5
GABRIEL,M,2014,13,3
GABRIEL,M,2014,14,1
GABRIEL,M,2014,15,4
GABRIEL,M,2014,16,2
GABRIEL,M,2014,17,1
GABRIEL,M,2014,18,4
GABRIEL,M,2014,19,2
GABRIEL,M,2014,21,6
GABRIEL,M,2014,22,2
GABRIEL,M,2014,23,4
GABRIEL,M,2014,24,2
GABRIEL,M,2014,26,3
GABRIEL,M,2014,27,3
GABRIEL,M,2014,28,6
GABRIEL,M,2014,29,5
GABRIEL,M,2014,2A,4
GABRIEL,M,2014,2B,6
GABRIEL,M,2014,30,4
GABRIEL,M,2014,31,7
GABRIEL,M,2014,32,7
GABRIEL,M,2014,33,4
GABRIEL,M,2014,34,7
GABRIEL,M,2014,35,9
GABRIEL,M,2014,36,2
GABRIEL,M,2014,37,6
GABRIEL,M,2014,38,8
GABRIEL,M,2014,39,4
GABRIEL,M,2014,40,4
GABRIEL,M,2014,41,2
GABRIEL,M,2014,42,5
GABRIEL,M,2014,43,6
GABRIEL,M,2014,44,4
GABRIEL,M,2014,45,2
GABRIEL,M,2014,46,4
GABRIEL,M,2014,47,4
GABRIEL,M,2014,48,3
GABRIEL,M,2014,49,3
GABRIEL,M,2014,50,4
GABRIEL,M,2014,51,4
GABRIEL,M,2014,52,6
GABRIEL,M,2014,53,7
GABRIEL,M,2014,54,1
GABRIEL,M,2014,55,2
GABRIEL,M,2014,56,5
GABRIEL,M,2014,57,6
GABRIEL,M,2014,58,3
GABRIEL,M,2014,60,6
GABRIEL,M,2014,61,6
GABRIEL,M,2014,62,4
GABRIEL,M,2014,63,3
GABRIEL,M,2014,65,4
GABRIEL,M,2014,66,2
GABRIEL,M,2014,67,2
GABRIEL,M,2014,68,5
GABRIEL,M,2014,69,2
GABRIEL,M,2014,70,4
GABRIEL,M,2014,71,5
GABRIEL,M,2014,72,5
GABRIEL,M,2014,73,6
GABRIEL,M,2014,74,5
GABRIEL,M,2014,75,4
GABRIEL,M,2014,76,4
GABRIEL,M,2014,77,1
GABRIEL,M,2014,78,5
GABRIEL,M,2014,79,2
GABRIEL,M,2014,80,4
GABRIEL,M,2014,81,5
GABRIEL,M,2014,82,1
GABRIEL,M,2014,83,5
GABRIEL,M,2014,84,3
GABRIEL,M,2014,85,3
GABRIEL,M,2014,86,3
GABRIEL,M,2014,87,3
GABRIEL,M,2014,88,5
GABRIEL,M,2014,89,3
GABRIEL,M,2014,90,3
GABRIEL,M,2014,91,2
GABRIEL,M,2014,92,4
GABRIEL,M,2014,93,3
GABRIEL,M,2014,94,3
GABRIEL,M,2014,95,4
JADE,F,2014,01,4
JADE,F,2014,02,8
JADE,F,2014,03,7
JADE,F,2014,04,5
JADE,F,2014,05,1
JADE,F,2014,06,1
JADE,F,2014,07,1
JADE,F,2014,08,4
JADE,F,2014,09,4
JADE,F,2014,10,2
JADE,F,2014,11,2
JADE,F,2014,12,3
JADE,F,2014,13,4
JADE,F,2014,14,7
JADE,F,2014,15,3
JADE,F,2014,16,3
JADE,F,2014,17,4
JADE,F,2014,18,2
JADE,F,2014,19,8
JADE,F,2014,21,5
JADE,F,2014,22,2
JADE,F,2014,23,6
JADE,F,2014,24,4
JADE,F,2014,25,2
JADE,F,2014,26,2
JADE,F,2014,27,2
JADE,F,2014,28,4
JADE,F,2014,29,4
JADE,F,2014,2A,6
JADE,F,2014,2B,1
JADE,F,2014,30,5
JADE,F,2014,31,5
JADE,F,2014,32,7
JADE,F,2014,33,1
JADE,F,2014,34,9
JADE,F,2014,35,2
JADE,F,2014,36,1
JADE,F,2014,37,3
JADE,F,2014,38,5
JADE,F,2014,39,5
JADE,F,2014,40,3
JADE,F,2014,41,6
JADE,F,2014,42,3
JADE,F,2014,43,5
JADE,F,2014,44,5
JADE,F,2014,45,5
JADE,F,2014,46,5
JADE,F,2014,47,5
JADE,F,2014,48,5
JADE,F,2014,49,7
JADE,F,2014,50,3
JADE,F,2014,51,2
JADE,F,2014,52,2
JADE,F,2014,53,5
JADE,F,2014,54,5
JADE,F,2014,55,6
JADE,F,2014,56,3
JADE,F,2014,57,5
JADE,F,2014,58,7
JADE,F,2014,59,3
JADE,F,2014,60,1
JADE,F,2014,61,4
JADE,F,2014,62,1
JADE,F,2014,63,6
JADE,F,2014,64,5
JADE,F,2014,65,2
JADE,F,2014,66,3
JADE,F,2014,67,5
JADE,F,2014,68,5
JADE,F,2014,69,6
JADE,F,2014,70,2
JADE,F,2014,71,3
JADE,F,2014,72,2
JADE,F,2014,73,6
JADE,F,2014,74,1
JADE,F,2014,75,2
JADE,F,2014,76,6
JADE,F,2014,77,8
JADE,F,2014,78,4
JADE,F,2014,79,6
JADE,F,2014,80,6
JADE,F,2014,81,4
JADE,F,2014,82,8
JADE,F,2014,83,5
JADE,F,2014,84,5
JADE,F,2014,85,2
JADE,F,2014,86,2
JADE,F,2014,87,6
JADE,F,2014,88,1
JADE,F,2014,89,9
JADE,F,2014,90,4
JADE,F,2014,91,3
JADE,F,2014,92,2
JADE,F,2014,94,1
JADE,F,2014,95,5
JADE,M,2014,01,5
JADE,M,2014,02,2
JADE,M,2014,03,4
JADE,M,2014,04,4
JADE,M,2014,05,7
JADE,M,2014,06,2
JADE,M,2014,07,6
JADE,M,2014,08,1
JADE,M,2014,09,5
JADE,M,2014,10,2
JADE,M,2014,11,4
JADE,M,2014,12,3
JADE,M,2014,13,2
JADE,M,2014,14,2
JADE,M,2014,15,7
JADE,M,2014,16,3
JADE,M,2014,17,3
JADE,M,2014,18,1
JADE,M,2014,19,4
JADE,M,2014,21,2
JADE,M,2014,22,7
JADE,M,2014,23,3
JADE,M,2014,24,6
JADE,M,2014,25,6
JADE,M,2014,26,3
JADE,M,2014,27,6
JADE,M,2014,28,6
JADE,M,2014,29,5
JADE,M,2014,2A,6
JADE,M,2014,2B,4
JADE,M,2014,30,5
JADE,M,2014,31,6
JADE,M,2014,32,5
JADE,M,2014,33,4
JADE,M,2014,34,3
JADE,M,2014,35,5
JADE,M,2014,36,4
JADE,M,2014,37,3
JADE,M,2014,38,6
JADE,M,2014,39,1
JADE,M,2014,40,6
JADE,M,2014,41,5
JADE,M,2014,42,4
JADE,M,2014,43,1
JADE,M,2014,44,6
JADE,M,2014,45,2
JADE,M,2014,46,9
JADE,M,2014,47,6
JADE,M,2014,48,5
JADE,M,2014,49,3
JADE,M,2014,50,1
JADE,M,2014,51,7
JADE,M,2014,52,3
JADE,M,2014,53,3
JADE,M,2014,54,4
JADE,M,2014,55,9
JADE,M,2014,56,4
JADE,M,2014,57,7
JADE,M,2014,58,2
JADE,M,2014,59,4
JADE,M,2014,60,3
JADE,M,2014,61,7
JADE,M,2014,62,7
JADE,M,2014,63,1
JADE,M,2014,64,3
JADE,M,2014,65,5
JADE,M,2014,66,5
JADE,M,2014,67,3
JADE,M,2014,68,10
JADE,M,2014,69,5
JADE,M,2014,70,5
JADE,M,2014,71,3
JADE,M,2014,72,5
JADE,M,2014,73,6
JADE,M,2014,74,2
JADE,M,2014,75,6
JADE,M,2014,76,2
JADE,M,2014,77,3
JADE,M,2014,78,4
JADE,M,2014,79,9
JADE,M,2014,80,4
JADE,M,2014,81,3
JADE,M,2014,82,4
JADE,M,2014,83,2
JADE,M,2014,84,6
JADE,M,2014,85,6
JADE,M,2014,86,5
JADE,M,2014,87,4
JADE,M,2014,88,2
JADE,M,2014,89,4
JADE,M,2014,90,4
JADE,M,2014,91,2
JADE,M,2014,92,6
JADE,M,2014,93,6
JADE,M,2014,94,6
JADE,M,2014,95,5
ARTHUR,F,2014,01,5
ARTHUR,F,2014,02,3
ARTHUR,F,2014,03,6
ARTHUR,F,2014,04,8
ARTHUR,F,2014,05,3
ARTHUR,F,2014,06,1
ARTHUR,F,2014,07,7
ARTHUR,F,2014,08,5
ARTHUR,F,2014,09,3
ARTHUR,F,2014,10,9
ARTHUR,F,2014,11,6
ARTHUR,F,2014,12,3
ARTHUR,F,2014,13,3
ARTHUR,F,2014,14,3
ARTHUR,F,2014,15,4
ARTHUR,F,2014,16,7
ARTHUR,F,2014,17,1
ARTHUR,F,2014,18,4
ARTHUR,F,2014,19,6
ARTHUR,F,2014,21,5
ARTHUR,F,2014,22,4
ARTHUR,F,2014,23,4
ARTHUR,F,2014,24,2
ARTHUR,F,2014,25,4
ARTHUR,F,2014,26,4
ARTHUR,F,2014,27,4
ARTHUR,F,2014,28,3
ARTHUR,F,2014,29,5
ARTHUR,F,2014,2B,2
ARTHUR,F,2014,31,5
ARTHUR,F,2014,32,3
ARTHUR,F,2014,33,5
ARTHUR,F,2014,34,2
ARTHUR,F,2014,35,2
ARTHUR,F,2014,36,4
ARTHUR,F,2014,37,3
ARTHUR,F,2014,38,3
ARTHUR,F,2014,39,2
ARTHUR,F,2014,40,4
ARTHUR,F,2014,41,1
ARTHUR,F,2014,42,8
ARTHUR,F,2014,43,5
ARTHUR,F,2014,44,4
ARTHUR,F,2014,45,3
ARTHUR,F,2014,46,4
ARTHUR,F,2014,47,6
ARTHUR,F,2014,48,2
ARTHUR,F,2014,49,3
ARTHUR,F,2014,50,5
ARTHUR,F,2014,51,2
ARTHUR,F,2014,52,1
ARTHUR,F,2014,53,5
ARTHUR,F,2014,54,4
ARTHUR,F,2014,55,3
ARTHUR,F,2014,56,3
ARTHUR,F,2014,57,3
ARTHUR,F,2014,58,3
ARTHUR,F,2014,59,4
ARTHUR,F,2014,60,3
ARTHUR,F,2014,61,5
ARTHUR,F,2014,62,5
ARTHUR,F,2014,63,4
ARTHUR,F,2014,64,2
ARTHUR,F,2014,65,2
ARTHUR,F,2014,66,4
ARTHUR,F,2014,67,3
ARTHUR,F,2014,68,5
ARTHUR,F,2014,69,6
ARTHUR,F,2014,70,1
ARTHUR,F,2014,71,7
ARTHUR,F,2014,72,4
ARTHUR,F,2014,73,5
ARTHUR,F,2014,74,1
ARTHUR,F,2014,75,5
ARTHUR,F,2014,76,3
ARTHUR,F,2014,77,3
ARTHUR,F,2014,78,9
ARTHUR,F,2014,79,7
ARTHUR,F,2014,80,1
ARTHUR,F,2014,81,6
ARTHUR,F,2014,82,4
ARTHUR,F,2014,83,5
ARTHUR,F,2014,84,1
ARTHUR,F,2014,85,5
ARTHUR,F,2014,86,6
ARTHUR,F,2014,87,6
ARTHUR,F,2014,88,5
ARTHUR,F,2014,89,2
ARTHUR,F,2014,90,3
ARTHUR,F,2014,91,3
ARTHUR,F,2014,92,3
ARTHUR,F,2014,93,4
ARTHUR,F,2014,94,3
ARTHUR,F,2014,95,2
ARTHUR,M,2014,01,4
ARTHUR,M,2014,02,3
ARTHUR,M,2014,03,3
ARTHUR,M,2014,04,4
ARTHUR,M,2014,05,2
ARTHUR,M,2014,06,2
ARTHUR,M,2014,07,5
ARTHUR,M,2014,08,5
ARTHUR,M,2014,09,3
ARTHUR,M,2014,10,4
ARTHUR,M,2014,11,3
ARTHUR,M,2014,12,3
ARTHUR,M,2014,13,4
ARTHUR,M,2014,14,3
ARTHUR,M,2014,15,4
ARTHUR,M,2014,17,1
ARTHUR,M,2014,18,5
ARTHUR,M,2014,19,3
ARTHUR,M,2014,21,1
ARTHUR,M,2014,22,2
ARTHUR,M,2014,23,3
ARTHUR,M,2014,24,6
ARTHUR,M,2014,25,2
ARTHUR,M,2014,26,7
ARTHUR,M,2014,27,1
ARTHUR,M,2014,28,3
ARTHUR,M,2014,29,4
ARTHUR,M,2014,2A,1
ARTHUR,M,2014,2B,3
ARTHUR,M,2014,30,3
ARTHUR,M,2014,31,3
ARTHUR,M,2014,32,5
ARTHUR,M,2014,33,6
ARTHUR,M,2014,34,7
ARTHUR,M,2014,35,9
ARTHUR,M,2014,36,13
ARTHUR,M,2014,37,3
ARTHUR,M,2014,38,3
ARTHUR,M,2014,39,3
ARTHUR,M,2014,40,1
ARTHUR,M,2014,41,7
ARTHUR,M,2014,42,4
ARTHUR,M,2014,43,7
ARTHUR,M,2014,44,7
ARTHUR,M,2014,45,9
ARTHUR,M,2014,46,3
ARTHUR,M,2014,47,3
ARTHUR,M,2014,48,1
ARTHUR,M,2014,49,6
ARTHUR,M,2014,50,4
ARTHUR,M,2014,51,6
ARTHUR,M,2014,52,9
ARTHUR,M,2014,53,3
ARTHUR,M,2014,54,6
ARTHUR,M,2014,55,2
ARTHUR,M,2014,56,6
ARTHUR,M,2014,57,2
ARTHUR,M,2014,58,6
ARTHUR,M,2014,59,4
ARTHUR,M,2014,60,2
ARTHUR,M,2014,61,2
ARTHUR,M,2014,62,4
ARTHUR,M,2014,63,8
ARTHUR,M,2014,64,6
ARTHUR,M,2014,65,3
ARTHUR,M,2014,66,4
ARTHUR,M,2014,67,3
ARTHUR,M,2014,68,2
ARTHUR,M,2014,69,6
ARTHUR,M,2014,70,3
ARTHUR,M,2014,71,5
ARTHUR,M,2014,72,2
ARTHUR,M,2014,73,7
ARTHUR,M,2014,74,9
ARTHUR,M,2014,75,5
ARTHUR,M,2014,76,4
ARTHUR,M,2014,77,2
ARTHUR,M,2014,78,7
ARTHUR,M,2014,79,3
ARTHUR,M,2014,80,3
ARTHUR,M,2014,81,5
ARTHUR,M,2014,82,2
ARTHUR,M,2014,83,2
ARTHUR,M,2014,84,2
ARTHUR,M,2014,85,3
ARTHUR,M,2014,86,3
ARTHUR,M,2014,87,4
ARTHUR,M,2014,88,9
ARTHUR,M,2014,89,1
ARTHUR,M,2014,90,7
ARTHUR,M,2014,91,5
ARTHUR,M,2014,92,5
ARTHUR,M,2014,93,3
ARTHUR,M,2014,94,2
ARTHUR,M,2014,95,4
MAELIG,F,2015,01,6
MAELIG,F,2015,02,4
MAELIG,F,2015,03,1
MAELIG,F,2015,04,3
MAELIG,F,2015,05,5
MAELIG,F,2015,06,2
MAELIG,F,2015,07,6
MAELIG,F,2015,08,8
MAELIG,F,2015,09,8
MAELIG,F,2015,10,3
MAELIG,F,2015,12,6
MAELIG,F,2015,13,3
MAELIG,F,2015,14,3
MAELIG,F,2015,15,1
MAELIG,F,2015,16,2
MAELIG,F,2015,17,3
MAELIG,F,2015,18,2
MAELIG,F,2015,19,5
MAELIG,F,2015,21,6
MAELIG,F,2015,22,27
MAELIG,F,2015,23,3
MAELIG,F,2015,24,3
MAELIG,F,2015,25,2
MAELIG,F,2015,26,3
MAELIG,F,2015,27,3
MAELIG,F,2015,28,4
MAELIG,F,2015,29,30
MAELIG,F,2015,2A,2
MAELIG,F,2015,2B,3
MAELIG,F,2015,30,2
MAELIG,F,2015,31,4
MAELIG,F,2015,32,7
MAELIG,F,2015,33,5
MAELIG,F,2015,34,9
MAELIG,F,2015,35,21
MAELIG,F,2015,36,4
MAELIG,F,2015,37,2
MAELIG,F,2015,38,3
MAELIG,F,2015,39,7
MAELIG,F,2015,40,3
MAELIG,F,2015,41,7
MAELIG,F,2015,42,3
MAELIG,F,2015,43,5
MAELIG,F,2015,44,26
MAELIG,F,2015,45,5
MAELIG,F,2015,46,1
MAELIG,F,2015,47,4
MAELIG,F,2015,48,2
MAELIG,F,2015,49,5
MAELIG,F,2015,50,4
MAELIG,F,2015,51,1
MAELIG,F,2015,52,5
MAELIG,F,2015,53,3
MAELIG,F,2015,54,6
MAELIG,F,2015,55,1
MAELIG,F,2015,56,22
MAELIG,F,2015,57,6
MAELIG,F,2015,58,1
MAELIG,F,2015,59,3
MAELIG,F,2015,60,4
MAELIG,F,2015,61,4
MAELIG,F,2015,62,2
MAELIG,F,2015,63,4
MAELIG,F,2015,65,6
MAELIG,F,2015,66,5
MAELIG,F,2015,67,6
MAELIG,F,2015,68,2
MAELIG,F,2015,69,3
MAELIG,F,2015,70,6
MAELIG,F,2015,71,6
MAELIG,F,2015,72,4
MAELIG,F,2015,73,8
MAELIG,F,2015,74,7
MAELIG,F,2015,75,5
MAELIG,F,2015,76,3
MAELIG,F,2015,77,6
MAELIG,F,2015,78,3
MAELIG,F,2015,79,4
MAELIG,F,2015,80,3
MAELIG,F,2015,81,6
MAELIG,F,2015,82,5
MAELIG,F,2015,83,5
MAELIG,F,2015,84,2
MAELIG,F,2015,85,2
MAELIG,F,2015,86,2
MAELIG,F,2015,87,3
MAELIG,F,2015,88,6
MAELIG,F,2015,89,7
MAELIG,F,2015,90,4
MAELIG,F,2015,91,5
MAELIG,F,2015,92,3
MAELIG,F,2015,93,5
MAELIG,F,2015,94,3
MAELIG,F,2015,95,5
MAELIG,M,2015,01,1
MAELIG,M,2015,02,7
MAELIG,M,2015,03,10
MAELIG,M,2015,04,1
MAELIG,M,2015,05,6
MAELIG,M,2015,06,6
MAELIG,M,2015,07,4
MAELIG,M,2015,08,7
MAELIG,M,2015,09,3
MAELIG,M,2015,10,5
MAELIG,M,2015,11,4
MAELIG,M,2015,12,2
MAELIG,M,2015,13,4
MAELIG,M,2015,14,1
MAELIG,M,2015,15,3
MAELIG,M,2015,16,1
MAELIG,M,2015,17,5
MAELIG,M,2015,18,5
MAELIG,M,2015,19,5
MAELIG,M,2015,21,1
MAELIG,M,2015,22,25
MAELIG,M,2015,23,2
MAELIG,M,2015,24,5
MAELIG,M,2015,25,5
MAELIG,M,2015,26,4
MAELIG,M,2015,27,3
MAELIG,M,2015,28,2
MAELIG,M,2015,29,17
MAELIG,M,2015,2A,7
MAELIG,M,2015,2B,4
MAELIG,M,2015,30,6
MAELIG,M,2015,31,5
MAELIG,M,2015,32,7
MAELIG,M,2015,33,3
MAELIG,M,2015,34,6
MAELIG,M,2015,35,26
MAELIG,M,2015,36,2
MAELIG,M,2015,37,9
MAELIG,M,2015,38,7
MAELIG,M,2015,39,7
MAELIG,M,2015,40,6
MAELIG,M,2015,41,6
MAELIG,M,2015,42,10
MAELIG,M,2015,43,3
MAELIG,M,2015,44,30
MAELIG,M,2015,45,7
MAELIG,M,2015,46,1
MAELIG,M,2015,47,2
MAELIG,M,2015,48,4
MAELIG,M,2015,49,7
MAELIG,M,2015,50,6
MAELIG,M,2015,51,5
MAELIG,M,2015,52,1
MAELIG,M,2015,53,2
MAELIG,M,2015,54,4
MAELIG,M,2015,56,17
MAELIG,M,2015,57,2
MAELIG,M,2015,58,6
MAELIG,M,2015,59,3
MAELIG,M,2015,60,8
MAELIG,M,2015,61,3
MAELIG,M,2015,62,4
MAELIG,M,2015,63,4
MAELIG,M,2015,64,3
MAELIG,M,2015,65,2
MAELIG,M,2015,66,5
MAELIG,M,2015,67,6
MAELIG,M,2015,68,6
MAELIG,M,2015,69,4
MAELIG,M,2015,70,1
MAELIG,M,2015,71,4
MAELIG,M,2015,72,5
MAELIG,M,2015,73,5
MAELIG,M,2015,74,2
MAELIG,M,2015,75,3
MAELIG,M,2015,76,3
MAELIG,M,2015,77,6
MAELIG,M,2015,78,3
MAELIG,M,2015,79,4
MAELIG,M,2015,80,4
MAELIG,M,2015,81,3
MAELIG,M,2015,82,4
MAELIG,M,2015,83,5
MAELIG,M,2015,84,6
MAELIG,M,2015,85,3
MAELIG,M,2015,86,4
MAELIG,M,2015,87,4
MAELIG,M,2015,88,3
MAELIG,M,2015,89,5
MAELIG,M,2015,90,7
MAELIG,M,2015,91,8
MAELIG,M,2015,92,8
MAELIG,M,2015,93,2
MAELIG,M,2015,94,3
MAELIG,M,2015,95,3
LOUISE,F,2015,01,2
LOUISE,F,2015,02,4
LOUISE,F,2015,03,5
LOUISE,F,2015,04,2
LOUISE,F,2015,05,5
LOUISE,F,2015,06,9
LOUISE,F,2015,07,3
LOUISE,F,2015,08,4
LOUISE,F,2015,09,3
LOUISE,F,2015,10,3
LOUISE,F,2015,11,2
LOUISE,F,2015,12,4
LOUISE,F,2015,13,3
LOUISE,F,2015,14,5
LOUISE,F,2015,15,4
LOUISE,F,2015,16,3
LOUISE,F,2015,17,4
LOUISE,F,2015,18,9
LOUISE,F,2015,19,4
LOUISE,F,2015,21,6
LOUISE,F,2015,22,7
LOUISE,F,2015,23,1
LOUISE,F,2015,24,6
LOUISE,F,2015,25,4
LOUISE,F,2015,26,3
LOUISE,F,2015,27,1
LOUISE,F,2015,28,3
LOUISE,F,2015,29,3
LOUISE,F,2015,2B,4
LOUISE,F,2015,30,4
LOUISE,F,2015,31,4
LOUISE,F,2015,32,3
LOUISE,F,2015,33,5
LOUISE,F,2015,34,3
LOUISE,F,2015,35,4
LOUISE,F,2015,36,5
LOUISE,F,2015,37,6
LOUISE,F,2015,38,7
LOUISE,F,2015,39,1
LOUISE,F,2015,40,5
LOUISE,F,2015,41,4
LOUISE,F,2015,42,6
LOUISE,F,2015,43,4
LOUISE,F,2015,44,2
LOUISE,F,2015,45,6
LOUISE,F,2015,46,2
LOUISE,F,2015,47,4
LOUISE,F,2015,48,6
LOUISE,F,2015,49,6
LOUISE,F,2015,50,6
LOUISE,F,2015,51,3
LOUISE,F,2015,52,2
LOUISE,F,2015,53,4
LOUISE,F,2015,54,5
LOUISE,F,2015,55,4
LOUISE,F,2015,56,4
LOUISE,F,2015,57,5
LOUISE,F,2015,58,7
LOUISE,F,2015,59,6
LOUISE,F,2015,60,6
LOUISE,F,2015,61,3
LOUISE,F,2015,62,2
LOUISE,F,2015,63,8
LOUISE,F,2015,64,6
LOUISE,F,2015,65,2
LOUISE,F,2015,66,3
LOUISE,F,2015,67,6
LOUISE,F,2015,68,2
LOUISE,F,2015,69,5
LOUISE,F,2015,70,7
LOUISE,F,2015,71,5
LOUISE,F,2015,72,3
LOUISE,F,2015,73,3
LOUISE,F,2015,74,2
LOUISE,F,2015,75,7
LOUISE,F,2015,76,6
LOUISE,F,2015,77,3
LOUISE,F,2015,78,3
LOUISE,F,2015,79,5
LOUISE,F,2015,80,4
LOUISE,F,2015,81,2
LOUISE,F,2015,82,1
LOUISE,F,2015,83,5
LOUISE,F,2015,84,4
LOUISE,F,2015,85,2
LOUISE,F,2015,86,6
LOUISE,F,2015,87,4
LOUISE,F,2015,88,4
LOUISE,F,2015,89,5
LOUISE,F,2015,90,7
LOUISE,F,2015,91,5
LOUISE,F,2015,92,3
LOUISE,F,2015,93,4
LOUISE,F,2015,94,6
LOUISE,F,2015,95,2
LOUISE,M,2015,01,7
LOUISE,M,2015,02,2
LOUISE,M,2015,03,3
LOUISE,M,2015,05,4
LOUISE,M,2015,06,5
LOUISE,M,2015,07,6
LOUISE,M,2015,08,8
LOUISE,M,2015,09,5
LOUISE,M,2015,10,4
LOUISE,M,2015,11,3
LOUISE,M,2015,12,2
LOUISE,M,2015,13,4
LOUISE,M,2015,14,3
LOUISE,M,2015,15,5
LOUISE,M,2015,16,5
LOUISE,M,2015,17,3
LOUISE,M,2015,18,2
LOUISE,M,2015,19,4
LOUISE,M,2015,21,4
LOUISE,M,2015,22,5
LOUISE,M,2015,23,7
LOUISE,M,2015,24,1
LOUISE,M,2015,25,3
LOUISE,M,2015,26,7
LOUISE,M,2015,27,6
LOUISE,M,2015,28,4
LOUISE,M,2015,29,4
LOUISE,M,2015,2A,2
LOUISE,M,2015,2B,7
LOUISE,M,2015,30,7
LOUISE,M,2015,31,4
LOUISE,M,2015,32,8
LOUISE,M,2015,33,5
LOUISE,M,2015,34,3
LOUISE,M,2015,35,3
LOUISE,M,2015,36,5
LOUISE,M,2015,37,4
LOUISE,M,2015,38,5
LOUISE,M,2015,39,1
LOUISE,M,2015,40,5
LOUISE,M,2015,41,2
LOUISE,M,2015,42,4
LOUISE,M,2015,43,8
LOUISE,M,2015,44,5
LOUISE,M,2015,45,9
LOUISE,M,2015,46,5
LOUISE,M,2015,47,6
LOUISE,M,2015,48,3
LOUISE,M,2015,49,1
LOUISE,M,2015,50,4
LOUISE,M,2015,51,3
LOUISE,M,2015,52,4
LOUISE,M,2015,53,2
LOUISE,M,2015,54,3
LOUISE,M,2015,55,5
LOUISE,M,2015,56,3
LOUISE,M,2015,57,3
LOUISE,M,2015,58,4
LOUISE,M,2015,59,4
LOUISE,M,2015,60,6
LOUISE,M,2015,61,1
LOUISE,M,2015,62,5
LOUISE,M,2015,63,4
LOUISE,M,2015,64,5
LOUISE,M,2015,65,3
LOUISE,M,2015,66,2
LOUISE,M,2015,67,3
LOUISE,M,2015,68,5
LOUISE,M,2015,69,7
LOUISE,M,2015,70,5
LOUISE,M,2015,71,4
LOUISE,M,2015,72,2
LOUISE,M,2015,73,4
LOUISE,M,2015,74,2
LOUISE,M,2015,75,1
LOUISE,M,2015,76,4
LOUISE,M,2015,77,7
LOUISE,M,2015,78,4
LOUISE,M,2015,79,2
LOUISE,M,2015,80,7
LOUISE,M,2015,81,3
LOUISE,M,2015,82,7
LOUISE,M,2015,83,4
LOUISE,M,2015,84,3
LOUISE,M,2015,85,5
LOUISE,M,2015,86,2
LOUISE,M,2015,87,7
LOUISE,M,2015,88,4
LOUISE,M,2015,89,10
LOUISE,M,2015,90,2
LOUISE,M,2015,91,2
LOUISE,M,2015,92,10
LOUISE,M,2015,93,2
LOUISE,M,2015,95,6
GABRIEL,F,2015,01,8
GABRIEL,F,2015,02,6
GABRIEL,F,2015,03,6
GABRIEL,F,2015,04,1
GABRIEL,F,2015,05,7
GABRIEL,F,2015,06,4
GABRIEL,F,2015,07,2
GABRIEL,F,2015,08,7
GABRIEL,F,2015,09,4
GABRIEL,F,2015,10,5
GABRIEL,F,2015,11,1
GABRIEL,F,2015,12,8
GABRIEL,F,2015,13,8
GABRIEL,F,2015,14,9
GABRIEL,F,2015,15,10
GABRIEL,F,2015,16,5
GABRIEL,F,2015,17,4
GABRIEL,F,2015,18,1
GABRIEL,F,2015,19,3
GABRIEL,F,2015,21,4
GABRIEL,F,2015,22,3
GABRIEL,F,2015,23,5
GABRIEL,F,2015,24,5
GABRIEL,F,2015,25,3
GABRIEL,F,2015,26,4
GABRIEL,F,2015,27,5
GABRIEL,F,2015,28,3
GABRIEL,F,2015,29,4
GABRIEL,F,2015,2A,3
GABRIEL,F,2015,2B,2
GABRIEL,F,2015,30,3
GABRIEL,F,2015,31,3
GABRIEL,F,2015,32,7
GABRIEL,F,2015,33,7
GABRIEL,F,2015,34,4
GABRIEL,F,2015,35,3
GABRIEL,F,2015,37,1
GABRIEL,F,2015,38,3
GABRIEL,F,2015,39,7
GABRIEL,F,2015,40,6
GABRIEL,F,2015,41,3
GABRIEL,F,2015,42,1
GABRIEL,F,2015,43,10
GABRIEL,F,2015,44,4
GABRIEL,F,2015,45,5
GABRIEL,F,2015,46,1
GABRIEL,F,2015,47,5
GABRIEL,F,2015,48,1
GABRIEL,F,2015,49,6
GABRIEL,F,2015,50,1
GABRIEL,F,2015,51,3
GABRIEL,F,2015,52,7
GABRIEL,F,2015,53,2
GABRIEL,F,2015,54,6
GABRIEL,F,2015,55,3
GABRIEL,F,2015,56,9
GABRIEL,F,2015,57,1
GABRIEL,F,2015,58,1
GABRIEL,F,2015,59,5
GABRIEL,F,2015,60,5
GABRIEL,F,2015,61,3
GABRIEL,F,2015,62,3
GABRIEL,F,2015,63,8
GABRIEL,F,2015,64,3
GABRIEL,F,2015,65,2
GABRIEL,F,2015,66,4
GABRIEL,F,2015,67,4
GABRIEL,F,2015,68,6
GABRIEL,F,2015,69,5
GABRIEL,F,2015,70,3
GABRIEL,F,2015,71,6
GABRIEL,F,2015,72,9
GABRIEL,F,2015,73,5
GABRIEL,F,2015,74,3
GABRIEL,F,2015,75,7
GABRIEL,F,2015,76,2
GABRIEL,F,2015,77,4
GABRIEL,F,2015,78,2
GABRIEL,F,2015,79,3
GABRIEL,F,2015,80,2
GABRIEL,F,2015,81,3
GABRIEL,F,2015,82,4
GABRIEL,F,2015,83,4
GABRIEL,F,2015,84,2
GABRIEL,F,2015,85,4
GABRIEL,F,2015,86,4
GABRIEL,F,2015,87,5
GABRIEL,F,2015,88,3
GABRIEL,F,2015,89,3
GABRIEL,F,2015,90,4
GABRIEL,F,2015,91,4
GABRIEL,F,2015,92,5
GABRIEL,F,2015,93,6
GABRIEL,F,2015,94,4
GABRIEL,F,2015,95,5
GABRIEL,M,2015,01,12
GABRIEL,M,2015,02,2
GABRIEL,M,2015,03,3
GABRIEL,M,2015,04,4
GABRIEL,M,2015,05,4
GABRIEL,M,2015,06,4
GABRIEL,M,2015,07,5
GABRIEL,M,2015,08,6
GABRIEL,M,2015,09,3
GABRIEL,M,2015,10,4
GABRIEL,M,2015,11,3
GABRIEL,M,2015,12,4
GABRIEL,M,2015,15,5
GABRIEL,M,2015,16,2
GABRIEL,M,2015,17,5
GABRIEL,M,2015,18,4
GABRIEL,M,2015,21,4
GABRIEL,M,2015,22,5
GABRIEL,M,2015,23,1
GABRIEL,M,2015,24,2
GABRIEL,M,2015,25,7
GABRIEL,M,2015,26,3
GABRIEL,M,2015,27,3
GABRIEL,M,2015,28,5
GABRIEL,M,2015,29,8
GABRIEL,M,2015,2A,3
GABRIEL,M,2015,2B,1
GABRIEL,M,2015,30,2
GABRIEL,M,2015,31,3
GABRIEL,M,2015,32,2
GABRIEL,M,2015,33,8
GABRIEL,M,2015,34,1
GABRIEL,M,2015,35,4
GABRIEL,M,2015,36,2
GABRIEL,M,2015,37,2
GABRIEL,M,2015,38,8
GABRIEL,M,2015,39,3
GABRIEL,M,2015,40,8
GABRIEL,M,2015,41,2
GABRIEL,M,2015,42,5
GABRIEL,M,2015,43,4
GABRIEL,M,2015,44,6
GABRIEL,M,2015,45,5
GABRIEL,M,2015,46,7
GABRIEL,M,2015,47,4
GABRIEL,M,2015,48,5
GABRIEL,M,2015,49,4
GABRIEL,M,2015,50,3
GABRIEL,M,2015,51,5
GABRIEL,M,2015,52,3
GABRIEL,M,2015,53,3
GABRIEL,M,2015,54,3
GABRIEL,M,2015,55,6
GABRIEL,M,2015,56,4
GABRIEL,M,2015,57,2
GABRIEL,M,2015,58,5
GABRIEL,M,2015,59,3
GABRIEL,M,2015,60,3
GABRIEL,M,2015,61,1
GABRIEL,M,2015,63,2
GABRIEL,M,2015,64,3
GABRIEL,M,2015,65,3
GABRIEL,M,2015,66,4
GABRIEL,M,2015,67,6
GABRIEL,M,2015,68,4
GABRIEL,M,2015,69,3
GABRIEL,M,2015,70,7
GABRIEL,M,2015,71,6
GABRIEL,M,2015,72,7
GABRIEL,M,2015,73,4
GABRIEL,M,2015,74,5
GABRIEL,M,2015,75,4
GABRIEL,M,2015,76,4
GABRIEL,M,2015,77,4
GABRIEL,M,2015,78,3
GABRIEL,M,2015,79,6
GABRIEL,M,2015,80,5
GABRIEL,M,2015,81,6
GABRIEL,M,2015,82,5
GABRIEL,M,2015,83,4
GABRIEL,M,2015,84,2
GABRIEL,M,2015,85,3
GABRIEL,M,2015,86,2
GABRIEL,M,2015,87,2
GABRIEL,M,2015,88,2
GABRIEL,M,2015,89,4
GABRIEL,M,2015,90,2
GABRIEL,M,2015,91,5
GABRIEL,M,2015,92,9
GABRIEL,M,2015,93,6
GABRIEL,M,2015,94,1
GABRIEL,M,2015,95,5
JADE,F,2015,01,2
JADE,F,2015,02,4
JADE,F,2015,03,1
JADE,F,2015,04,5
JADE,F,2015,05,5
JADE,F,2015,06,5
JADE,F,2015,07,4
JADE,F,2015,08,2
JADE,F,2015,09,3
JADE,F,2015,10,4
JADE,F,2015,11,4
JADE,F,2015,12,2
JADE,F,2015,13,4
JADE,F,2015,14,1
JADE,F,2015,15,4
JADE,F,2015,16,3
JADE,F,2015,17,8
JADE,F,2015,18,4
JADE,F,2015,19,5
JADE,F,2015,21,6
JADE,F,2015,22,10
JADE,F,2015,23,4
JADE,F,2015,24,2
JADE,F,2015,25,3
JADE,F,2015,26,7
JADE,F,2015,27,6
JADE,F,2015,28,1
JADE,F,2015,29,2
JADE,F,2015,2A,3
JADE,F,2015,2B,5
JADE,F,2015,30,5
JADE,F,2015,31,3
JADE,F,2015,32,3
JADE,F,2015,33,6
JADE,F,2015,34,5
JADE,F,2015,35,2
JADE,F,2015,36,4
JADE,F,2015,37,3
JADE,F,2015,38,3
JADE,F,2015,39,8
JADE,F,2015,40,3
JADE,F,2015,41,5
JADE,F,2015,42,6
JADE,F,2015,43,4
JADE,F,2015,44,3
JADE,F,2015,45,2
JADE,F,2015,46,4
JADE,F,2015,47,3
JADE,F,2015,48,4
JADE,F,2015,49,3
JADE,F,2015,50,3
JADE,F,2015,51,9
JADE,F,2015,52,3
JADE,F,2015,53,2
JADE,F,2015,54,4
JADE,F,2015,55,7
JADE,F,2015,56,1
JADE,F,2015,57,4
JADE,F,2015,58,5
JADE,F,2015,60,6
JADE,F,2015,61,4
JADE,F,2015,62,4
JADE,F,2015,63,10
JADE,F,2015,64,5
JADE,F,2015,65,1
JADE,F,2015,66,4
JADE,F,2015,67,5
JADE,F,2015,68,3
JADE,F,2015,69,3
JADE,F,2015,70,5
JADE,F,2015,71,3
JADE,F,2015,72,3
JADE,F,2015,73,3
JADE,F,2015,74,4
JADE,F,2015,75,4
JADE,F,2015,76,2
JADE,F,2015,77,3
JADE,F,2015,78,3
JADE,F,2015,79,6
JADE,F,2015,80,3
JADE,F,2015,81,5
JADE,F,2015,82,8
JADE,F,2015,83,3
JADE,F,2015,84,5
JADE,F,2015,85,2
JADE,F,2015,86,4
JADE,F,2015,87,10
JADE,F,2015,88,4
JADE,F,2015,89,5
JADE,F,2015,90,4
JADE,F,2015,91,3
JADE,F,2015,92,8
JADE,F,2015,93,6
JADE,F,2015,94,6
JADE,F,2015,95,3
JADE,M,2015,01,5
JADE,M,2015,02,4
JADE,M,2015,03,5
JADE,M,2015,04,4
JADE,M,2015,05,5
JADE,M,2015,06,3
JADE,M,2015,07,4
JADE,M,2015,08,2
JADE,M,2015,09,8
JADE,M,2015,10,3
JADE,M,2015,11,4
JADE,M,2015,12,4
JADE,M,2015,14,5
JADE,M,2015,15,6
JADE,M,2015,16,6
JADE,M,2015,17,8
JADE,M,2015,18,2
JADE,M,2015,19,7
JADE,M,2015,21,4
JADE,M,2015,22,6
JADE,M,2015,23,3
JADE,M,2015,24,5
JADE,M,2015,25,3
JADE,M,2015,26,4
JADE,M,2015,27,4
JADE,M,2015,28,5
JADE,M,2015,29,7
JADE,M,2015,2A,3
JADE,M,2015,2B,2
JADE,M,2015,30,3
JADE,M,2015,31,3
JADE,M,2015,33,3
JADE,M,2015,34,7
JADE,M,2015,35,2
JADE,M,2015,36,5
JADE,M,2015,37,6
JADE,M,2015,38,5
JADE,M,2015,39,2
JADE,M,2015,40,3
JADE,M,2015,41,5
JADE,M,2015,42,7
JADE,M,2015,43,7
JADE,M,2015,44,3
JADE,M,2015,45,4
JADE,M,2015,46,1
JADE,M,2015,48,4
JADE,M,2015,49,5
JADE,M,2015,50,4
JADE,M,2015,51,2
JADE,M,2015,52,6
JADE,M,2015,53,1
JADE,M,2015,54,7
JADE,M,2015,55,4
JADE,M,2015,56,5
JADE,M,2015,57,6
JADE,M,2015,58,5
JADE,M,2015,59,3
JADE,M,2015,60,3
JADE,M,2015,61,5
JADE,M,2015,62,6
JADE,M,2015,63,4
JADE,M,2015,64,5
JADE,M,2015,65,3
JADE,M,2015,66,4
JADE,M,2015,67,6
JADE,M,2015,68,3
JADE,M,2015,69,7
JADE,M,2015,70,3
JADE,M,2015,71,4
JADE,M,2015,72,7
JADE,M,2015,73,4
JADE,M,2015,74,7
JADE,M,2015,75,3
JADE,M,2015,76,3
JADE,M,2015,77,3
JADE,M,2015,78,4
JADE,M,2015,79,6
JADE,M,2015,80,2
JADE,M,2015,81,2
JADE,M,2015,82,2
JADE,M,2015,83,6
JADE,M,2015,84,3
JADE,M,2015,85,7
JADE,M,2015,86,3
JADE,M,2015,87,5
JADE,M,2015,88,2
JADE,M,2015,89,3
JADE,M,2015,90,2
JADE,M,2015,91,5
JADE,M,2015,92,6
JADE,M,2015,93,6
JADE,M,2015,94,3
JADE,M,2015,95,2
ARTHUR,F,2015,01,7
ARTHUR,F,2015,02,6
ARTHUR,F,2015,03,8
ARTHUR,F,2015,04,7
ARTHUR,F,2015,05,3
ARTHUR,F,2015,06,1
ARTHUR,F,2015,07,9
ARTHUR,F,2015,08,3
ARTHUR,F,2015,09,2
ARTHUR,F,2015,10,5
ARTHUR,F,2015,11,3
ARTHUR,F,2015,12,3
ARTHUR,F,2015,13,2
ARTHUR,F,2015,14,3
ARTHUR,F,2015,15,5
ARTHUR,F,2015,17,6
ARTHUR,F,2015,18,4
ARTHUR,F,2015,19,4
ARTHUR,F,2015,21,2
ARTHUR,F,2015,22,3
ARTHUR,F,2015,23,7
ARTHUR,F,2015,24,11
ARTHUR,F,2015,25,3
ARTHUR,F,2015,26,7
ARTHUR,F,2015,27,4
ARTHUR,F,2015,28,2
ARTHUR,F,2015,29,7
ARTHUR,F,2015,2A,5
ARTHUR,F,2015,30,4
ARTHUR,F,2015,31,5
ARTHUR,F,2015,32,5
ARTHUR,F,2015,33,8
ARTHUR,F,2015,34,4
ARTHUR,F,2015,35,3
ARTHUR,F,2015,36,4
ARTHUR,F,2015,37,2
ARTHUR,F,2015,38,7
ARTHUR,F,2015,39,4
ARTHUR,F,2015,40,3
ARTHUR,F,2015,41,6
ARTHUR,F,2015,42,4
ARTHUR,F,2015,43,4
ARTHUR,F,2015,44,5
ARTHUR,F,2015,45,3
ARTHUR,F,2015,46,4
ARTHUR,F,2015,47,2
ARTHUR,F,2015,48,6
ARTHUR,F,2015,49,1
ARTHUR,F,2015,50,6
ARTHUR,F,2015,51,6
ARTHUR,F,2015,52,4
ARTHUR,F,2015,53,2
ARTHUR,F,2015,54,3
ARTHUR,F,2015,55,2
ARTHUR,F,2015,57,3
ARTHUR,F,2015,58,5
ARTHUR,F,2015,59,3
ARTHUR,F,2015,60,10
ARTHUR,F,2015,61,5
ARTHUR,F,2015,62,7
ARTHUR,F,2015,63,6
ARTHUR,F,2015,64,2
ARTHUR,F,2015,65,7
ARTHUR,F,2015,66,5
ARTHUR,F,2015,68,4
ARTHUR,F,2015,69,4
ARTHUR,F,2015,70,1
ARTHUR,F,2015,71,2
ARTHUR,F,2015,72,4
ARTHUR,F,2015,73,5
ARTHUR,F,2015,74,5
ARTHUR,F,2015,75,6
ARTHUR,F,2015,76,4
ARTHUR,F,2015,77,4
ARTHUR,F,2015,78,3
ARTHUR,F,2015,79,5
ARTHUR,F,2015,80,7
ARTHUR,F,2015,81,3
ARTHUR,F,2015,82,4
ARTHUR,F,2015,83,8
ARTHUR,F,2015,84,2
ARTHUR,F,2015,85,4
ARTHUR,F,2015,86,5
ARTHUR,F,2015,87,2
ARTHUR,F,2015,88,2
ARTHUR,F,2015,89,3
ARTHUR,F,2015,90,1
ARTHUR,F,2015,91,3
ARTHUR,F,2015,92,2
ARTHUR,F,2015,93,2
ARTHUR,F,2015,94,3
ARTHUR,F,2015,95,4
ARTHUR,M,2015,01,2
ARTHUR,M,2015,02,2
ARTHUR,M,2015,03,4
ARTHUR,M,2015,04,4
ARTHUR,M,2015,05,5
ARTHUR,M,2015,06,2
ARTHUR,M,2015,07,4
ARTHUR,M,2015,08,3
ARTHUR,M,2015,09,4
ARTHUR,M,2015,10,5
ARTHUR,M,2015,11,8
ARTHUR,M,2015,12,5
ARTHUR,M,2015,13,3
ARTHUR,M,2015,14,7
ARTHUR,M,2015,15,5
ARTHUR,M,2015,16,4
ARTHUR,M,2015,17,3
ARTHUR,M,2015,18,4
ARTHUR,M,2015,19,5
ARTHUR,M,2015,21,8
ARTHUR,M,2015,22,3
ARTHUR,M,2015,23,4
ARTHUR,M,2015,24,6
ARTHUR,M,2015,25,5
ARTHUR,M,2015,26,5
ARTHUR,M,2015,27,4
ARTHUR,M,2015,28,8
ARTHUR,M,2015,29,3
ARTHUR,M,2015,2A,6
ARTHUR,M,2015,2B,2
ARTHUR,M,2015,30,2
ARTHUR,M,2015,31,2
ARTHUR,M,2015,32,6
ARTHUR,M,2015,33,4
ARTHUR,M,2015,34,1
ARTHUR,M,2015,35,6
ARTHUR,M,2015,36,3
ARTHUR,M,2015,37,2
ARTHUR,M,2015,38,4
ARTHUR,M,2015,39,4
ARTHUR,M,2015,40,4
ARTHUR,M,2015,41,6
ARTHUR,M,2015,42,3
ARTHUR,M,2015,43,4
ARTHUR,M,2015,44,6
ARTHUR,M,2015,45,5
ARTHUR,M,2015,46,6
ARTHUR,M,2015,47,5
ARTHUR,M,2015,48,3
ARTHUR,M,2015,49,3
ARTHUR,M,2015,50,4
ARTHUR,M,2015,51,4
ARTHUR,M,2015,52,5
ARTHUR,M,2015,53,2
ARTHUR,M,2015,54,3
ARTHUR,M,2015,55,5
ARTHUR,M,2015,56,4
ARTHUR,M,2015,57,2
ARTHUR,M,2015,58,2
ARTHUR,M,2015,59,7
ARTHUR,M,2015,60,2
ARTHUR,M,2015,61,6
ARTHUR,M,2015,62,5
ARTHUR,M,2015,63,4
ARTHUR,M,2015,64,3
ARTHUR,M,2015,65,5
ARTHUR,M,2015,66,4
ARTHUR,M,2015,67,2
ARTHUR,M,2015,68,4
ARTHUR,M,2015,69,2
ARTHUR,M,2015,70,7
ARTHUR,M,2015,71,5
ARTHUR,M,2015,72,5
ARTHUR,M,2015,73,2
ARTHUR,M,2015,74,6
ARTHUR,M,2015,75,2
ARTHUR,M,2015,76,8
ARTHUR,M,2015,77,3
ARTHUR,M,2015,78,5
ARTHUR,M,2015,79,2
ARTHUR,M,2015,80,2
ARTHUR,M,2015,81,3
ARTHUR,M,2015,82,3
ARTHUR,M,2015,84,2
ARTHUR,M,2015,85,1
ARTHUR,M,2015,86,3
ARTHUR,M,2015,87,2
ARTHUR,M,2015,88,3
ARTHUR,M,2015,89,4
ARTHUR,M,2015,90,2
ARTHUR,M,2015,91,4
ARTHUR,M,2015,92,3
ARTHUR,M,2015,93,3
ARTHUR,M,2015,94,4
ARTHUR,M,2015,95,6
MAELIG,F,2016,01,2
MAELIG,F,2016,02,5
MAELIG,F,2016,03,4
MAELIG,F,2016,04,5
MAELIG,F,2016,05,5
MAELIG,F,2016,06,3
MAELIG,F,2016,07,7
MAELIG,F,2016,08,2
MAELIG,F,2016,09,3
MAELIG,F,2016,10,6
MAELIG,F,2016,11,5
MAELIG,F,2016,12,3
MAELIG,F,2016,13,7
MAELIG,F,2016,14,5
MAELIG,F,2016,15,5
MAELIG,F,2016,16,3
MAELIG,F,2016,17,4
MAELIG,F,2016,18,2
MAELIG,F,2016,19,10
MAELIG,F,2016,21,2
MAELIG,F,2016,22,32
MAELIG,F,2016,23,4
MAELIG,F,2016,24,4
MAELIG,F,2016,25,5
MAELIG,F,2016,26,4
MAELIG,F,2016,27,5
MAELIG,F,2016,28,2
MAELIG,F,2016,29,23
MAELIG,F,2016,2A,3
MAELIG,F,2016,2B,4
MAELIG,F,2016,30,3
MAELIG,F,2016,31,5
MAELIG,F,2016,32,1
MAELIG,F,2016,34,4
MAELIG,F,2016,35,24
MAELIG,F,2016,36,1
MAELIG,F,2016,37,2
MAELIG,F,2016,38,6
MAELIG,F,2016,39,4
MAELIG,F,2016,40,3
MAELIG,F,2016,41,2
MAELIG,F,2016,42,6
MAELIG,F,2016,43,5
MAELIG,F,2016,44,23
MAELIG,F,2016,45,3
MAELIG,F,2016,46,2
MAELIG,F,2016,47,10
MAELIG,F,2016,48,7
MAELIG,F,2016,49,2
MAELIG,F,2016,50,4
MAELIG,F,2016,51,2
MAELIG,F,2016,52,2
MAELIG,F,2016,53,4
MAELIG,F,2016,54,6
MAELIG,F,2016,55,6
MAELIG,F,2016,56,23
MAELIG,F,2016,57,6
MAELIG,F,2016,58,6
MAELIG,F,2016,59,1
MAELIG,F,2016,60,5
MAELIG,F,2016,61,5
MAELIG,F,2016,62,4
MAELIG,F,2016,63,6
MAELIG,F,2016,64,7
MAELIG,F,2016,65,5
MAELIG,F,2016,66,4
MAELIG,F,2016,67,2
MAELIG,F,2016,68,9
MAELIG,F,2016,69,6
MAELIG,F,2016,70,6
MAELIG,F,2016,71,3
MAELIG,F,2016,72,3
MAELIG,F,2016,73,6
MAELIG,F,2016,74,1
MAELIG,F,2016,75,4
MAELIG,F,2016,76,1
MAELIG,F,2016,77,5
MAELIG,F,2016,78,3
MAELIG,F,2016,79,7
MAELIG,F,2016,80,1
MAELIG,F,2016,81,7
MAELIG,F,2016,82,2
MAELIG,F,2016,83,7
MAELIG,F,2016,84,6
MAELIG,F,2016,85,1
MAELIG,F,2016,86,1
MAELIG,F,2016,87,2
MAELIG,F,2016,88,6
MAELIG,F,2016,89,6
MAELIG,F,2016,90,6
MAELIG,F,2016,91,2
MAELIG,F,2016,92,4
MAELIG,F,2016,93,3
MAELIG,F,2016,94,1
MAELIG,F,2016,95,3
MAELIG,M,2016,01,6
MAELIG,M,2016,02,6
MAELIG,M,2016,03,1
MAELIG,M,2016,04,3
MAELIG,M,2016,05,4
MAELIG,M,2016,06,4
MAELIG,M,2016,07,6
MAELIG,M,2016,08,3
MAELIG,M,2016,09,6
MAELIG,M,2016,10,4
MAELIG,M,2016,11,2
MAELIG,M,2016,12,3
MAELIG,M,2016,13,2
MAELIG,M,2016,15,2
MAELIG,M,2016,16,9
MAELIG,M,2016,17,3
MAELIG,M,2016,18,2
MAELIG,M,2016,19,4
MAELIG,M,2016,21,7
MAELIG,M,2016,22,20
MAELIG,M,2016,23,7
MAELIG,M,2016,24,5
MAELIG,M,2016,25,4
MAELIG,M,2016,26,6
MAELIG,M,2016,27,2
MAELIG,M,2016,28,4
MAELIG,M,2016,29,25
MAELIG,M,2016,2A,2
MAELIG,M,2016,2B,6
MAELIG,M,2016,30,1
MAELIG,M,2016,31,4
MAELIG,M,2016,32,2
MAELIG,M,2016,33,5
MAELIG,M,2016,34,6
MAELIG,M,2016,35,25
MAELIG,M,2016,36,6
MAELIG,M,2016,37,5
MAELIG,M,2016,38,4
MAELIG,M,2016,40,7
MAELIG,M,2016,41,2
MAELIG,M,2016,42,2
MAELIG,M,2016,43,4
MAELIG,M,2016,44,26
MAELIG,M,2016,45,1
MAELIG,M,2016,46,4
MAELIG,M,2016,47,9
MAELIG,M,2016,48,5
MAELIG,M,2016,49,6
MAELIG,M,2016,50,6
MAELIG,M,2016,51,3
MAELIG,M,2016,52,1
MAELIG,M,2016,53,7
MAELIG,M,2016,54,3
MAELIG,M,2016,55,7
MAELIG,M,2016,56,25
MAELIG,M,2016,57,2
MAELIG,M,2016,58,3
MAELIG,M,2016,59,7
MAELIG,M,2016,60,1
MAELIG,M,2016,62,4
MAELIG,M,2016,63,5
MAELIG,M,2016,64,3
MAELIG,M,2016,65,3
MAELIG,M,2016,66,3
MAELIG,M,2016,67,3
MAELIG,M,2016,68,8
MAELIG,M,2016,69,2
MAELIG,M,2016,70,2
MAELIG,M,2016,71,4
MAELIG,M,2016,72,2
MAELIG,M,2016,73,9
MAELIG,M,2016,74,2
MAELIG,M,2016,75,5
MAELIG,M,2016,76,7
MAELIG,M,2016,77,1
MAELIG,M,2016,78,6
MAELIG,M,2016,79,1
MAELIG,M,2016,80,9
MAELIG,M,2016,81,7
MAELIG,M,2016,82,5
MAELIG,M,2016,83,1
MAELIG,M,2016,84,5
MAELIG,M,2016,85,8
MAELIG,M,2016,86,6
MAELIG,M,2016,87,2
MAELIG,M,2016,88,2
MAELIG,M,2016,89,4
MAELIG,M,2016,90,3
MAELIG,M,2016,91,3
MAELIG,M,2016,92,6
MAELIG,M,2016,93,5
MAELIG,M,2016,94,1
LOUISE,F,2016,01,6
LOUISE,F,2016,02,4
LOUISE,F,2016,03,7
LOUISE,F,2016,04,2
LOUISE,F,2016,05,3
LOUISE,F,2016,06,4
LOUISE,F,2016,07,6
LOUISE,F,2016,08,4
LOUISE,F,2016,09,4
LOUISE,F,2016,10,3
LOUISE,F,2016,11,3
LOUISE,F,2016,12,3
LOUISE,F,2016,13,5
LOUISE,F,2016,14,3
LOUISE,F,2016,15,3
LOUISE,F,2016,16,8
LOUISE,F,2016,17,3
LOUISE,F,2016,18,5
LOUISE,F,2016,19,6
LOUISE,F,2016,21,3
LOUISE,F,2016,22,4
LOUISE,F,2016,23,3
LOUISE,F,2016,24,8
LOUISE,F,2016,25,2
LOUISE,F,2016,26,5
LOUISE,F,2016,27,2
LOUISE,F,2016,28,6
LOUISE,F,2016,29,4
LOUISE,F,2016,2A,3
LOUISE,F,2016,2B,5
LOUISE,F,2016,30,3
LOUISE,F,2016,31,3
LOUISE,F,2016,32,3
LOUISE,F,2016,33,6
LOUISE,F,2016,34,4
LOUISE,F,2016,35,5
LOUISE,F,2016,36,5
LOUISE,F,2016,37,4
LOUISE,F,2016,38,4
LOUISE,F,2016,39,6
LOUISE,F,2016,40,2
LOUISE,F,2016,41,2
LOUISE,F,2016,42,3
LOUISE,F,2016,43,4
LOUISE,F,2016,44,5
LOUISE,F,2016,45,3
LOUISE,F,2016,46,3
LOUISE,F,2016,47,4
LOUISE,F,2016,48,5
LOUISE,F,2016,49,6
LOUISE,F,2016,50,3
LOUISE,F,2016,51,3
LOUISE,F,2016,52,6
LOUISE,F,2016,53,4
LOUISE,F,2016,54,3
LOUISE,F,2016,55,7
LOUISE,F,2016,56,8
LOUISE,F,2016,57,2
LOUISE,F,2016,58,2
LOUISE,F,2016,59,1
LOUISE,F,2016,60,6
LOUISE,F,2016,61,6
LOUISE,F,2016,62,1
LOUISE,F,2016,63,6
LOUISE,F,2016,64,2
LOUISE,F,2016,65,3
LOUISE,F,2016,66,4
LOUISE,F,2016,67,5
LOUISE,F,2016,68,6
LOUISE,F,2016,69,3
LOUISE,F,2016,71,7
LOUISE,F,2016,72,2
LOUISE,F,2016,73,3
LOUISE,F,2016,74,5
LOUISE,F,2016,75,1
LOUISE,F,2016,76,3
LOUISE,F,2016,77,3
LOUISE,F,2016,78,5
LOUISE,F,2016,79,2
LOUISE,F,2016,80,2
LOUISE,F,2016,81,5
LOUISE,F,2016,82,4
LOUISE,F,2016,83,3
LOUISE,F,2016,84,3
LOUISE,F,2016,85,5
LOUISE,F,2016,86,6
LOUISE,F,2016,87,3
LOUISE,F,2016,88,6
LOUISE,F,2016,89,1
LOUISE,F,2016,90,6
LOUISE,F,2016,91,3
LOUISE,F,2016,92,5
LOUISE,F,2016,93,2
LOUISE,F,2016,94,3
LOUISE,F,2016,95,2
LOUISE,M,2016,01,3
LOUISE,M,2016,03,3
LOUISE,M,2016,04,3
LOUISE,M,2016,05,5
LOUISE,M,2016,06,4
LOUISE,M,2016,07,3
LOUISE,M,2016,08,7
LOUISE,M,2016,09,2
LOUISE,M,2016,10,1
LOUISE,M,2016,11,1
LOUISE,M,2016,12,6
LOUISE,M,2016,13,3
LOUISE,M,2016,14,4
LOUISE,M,2016,15,5
LOUISE,M,2016,16,3
LOUISE,M,2016,17,4
LOUISE,M,2016,18,4
LOUISE,M,2016,19,4
LOUISE,M,2016,21,1
LOUISE,M,2016,22,6
LOUISE,M,2016,23,4
LOUISE,M,2016,24,5
LOUISE,M,2016,26,4
LOUISE,M,2016,27,5
LOUISE,M,2016,28,2
LOUISE,M,2016,29,7
LOUISE,M,2016,2A,1
LOUISE,M,2016,2B,6
LOUISE,M,2016,30,6
LOUISE,M,2016,31,5
LOUISE,M,2016,32,6
LOUISE,M,2016,33,3
LOUISE,M,2016,35,7
LOUISE,M,2016,36,3
LOUISE,M,2016,37,2
LOUISE,M,2016,38,8
LOUISE,M,2016,39,2
LOUISE,M,2016,40,3
LOUISE,M,2016,41,1
LOUISE,M,2016,42,5
LOUISE,M,2016,43,1
LOUISE,M,2016,44,6
LOUISE,M,2016,45,6
LOUISE,M,2016,46,5
LOUISE,M,2016,47,4
LOUISE,M,2016,48,5
LOUISE,M,2016,49,3
LOUISE,M,2016,50,8
LOUISE,M,2016,51,5
LOUISE,M,2016,52,7
LOUISE,M,2016,53,2
LOUISE,M,2016,54,2
LOUISE,M,2016,55,4
LOUISE,M,2016,56,7
LOUISE,M,2016,57,4
LOUISE,M,2016,58,7
LOUISE,M,2016,59,4
LOUISE,M,2016,60,4
LOUISE,M,2016,61,7
LOUISE,M,2016,62,3
LOUISE,M,2016,63,11
LOUISE,M,2016,65,3
LOUISE,M,2016,66,8
LOUISE,M,2016,67,7
LOUISE,M,2016,68,2
LOUISE,M,2016,69,6
LOUISE,M,2016,70,6
LOUISE,M,2016,71,3
LOUISE,M,2016,72,6
LOUISE,M,2016,73,7
LOUISE,M,2016,74,5
LOUISE,M,2016,75,6
LOUISE,M,2016,76,4
LOUISE,M,2016,77,2
LOUISE,M,2016,78,7
LOUISE,M,2016,80,6
LOUISE,M,2016,81,3
LOUISE,M,2016,83,5
LOUISE,M,2016,84,4
LOUISE,M,2016,85,6
LOUISE,M,2016,86,3
LOUISE,M,2016,87,5
LOUISE,M,2016,88,2
LOUISE,M,2016,89,2
LOUISE,M,2016,90,10
LOUISE,M,2016,91,1
LOUISE,M,2016,92,9
LOUISE,M,2016,93,5
LOUISE,M,2016,94,8
LOUISE,M,2016,95,2
GABRIEL,F,2016,01,5
GABRIEL,F,2016,02,5
GABRIEL,F,2016,03,3
GABRIEL,F,2016,04,8
GABRIEL,F,2016,05,5
GABRIEL,F,2016,06,6
GABRIEL,F,2016,07,3
GABRIEL,F,2016,08,3
GABRIEL,F,2016,09,4
GABRIEL,F,2016,10,5
GABRIEL,F,2016,11,6
GABRIEL,F,2016,12,8
GABRIEL,F,2016,13,3
GABRIEL,F,2016,15,5
GABRIEL,F,2016,16,6
GABRIEL,F,2016,17,2
GABRIEL,F,2016,18,6
GABRIEL,F,2016,19,2
GABRIEL,F,2016,21,8
GABRIEL,F,2016,22,3
GABRIEL,F,2016,23,3
GABRIEL,F,2016,24,3
GABRIEL,F,2016,25,3
GABRIEL,F,2016,26,3
GABRIEL,F,2016,27,4
GABRIEL,F,2016,28,1
GABRIEL,F,2016,29,1
GABRIEL,F,2016,2A,4
GABRIEL,F,2016,2B,4
GABRIEL,F,2016,30,6
GABRIEL,F,2016,31,9
GABRIEL,F,2016,32,4
GABRIEL,F,2016,33,4
GABRIEL,F,2016,34,4
GABRIEL,F,2016,35,13
GABRIEL,F,2016,37,7
GABRIEL,F,2016,38,7
GABRIEL,F,2016,39,4
GABRIEL,F,2016,40,7
GABRIEL,F,2016,41,1
GABRIEL,F,2016,42,2
GABRIEL,F,2016,43,8
GABRIEL,F,2016,45,2
GABRIEL,F,2016,46,3
GABRIEL,F,2016,47,4
GABRIEL,F,2016,48,4
GABRIEL,F,2016,49,4
GABRIEL,F,2016,50,4
GABRIEL,F,2016,51,2
GABRIEL,F,2016,52,6
GABRIEL,F,2016,53,4
GABRIEL,F,2016,54,5
GABRIEL,F,2016,55,3
GABRIEL,F,2016,56,2
GABRIEL,F,2016,57,3
GABRIEL,F,2016,58,3
GABRIEL,F,2016,59,1
GABRIEL,F,2016,60,1
GABRIEL,F,2016,61,5
GABRIEL,F,2016,62,8
GABRIEL,F,2016,63,5
GABRIEL,F,2016,64,4
GABRIEL,F,2016,65,4
GABRIEL,F,2016,66,2
GABRIEL,F,2016,67,6
GABRIEL,F,2016,68,5
GABRIEL,F,2016,69,3
GABRIEL,F,2016,70,4
GABRIEL,F,2016,71,9
GABRIEL,F,2016,72,3
GABRIEL,F,2016,73,2
GABRIEL,F,2016,74,2
GABRIEL,F,2016,75,6
GABRIEL,F,2016,76,5
GABRIEL,F,2016,77,5
GABRIEL,F,2016,78,6
GABRIEL,F,2016,79,6
GABRIEL,F,2016,80,1
GABRIEL,F,2016,81,6
GABRIEL,F,2016,82,5
GABRIEL,F,2016,83,5
GABRIEL,F,2016,84,5
GABRIEL,F,2016,85,4
GABRIEL,F,2016,86,6
GABRIEL,F,2016,87,5
GABRIEL,F,2016,88,4
GABRIEL,F,2016,89,3
GABRIEL,F,2016,90,9
GABRIEL,F,2016,91,6
GABRIEL,F,2016,93,3
GABRIEL,F,2016,94,8
GABRIEL,F,2016,95,2
GABRIEL,M,2016,01,7
GABRIEL,M,2016,02,4
GABRIEL,M,2016,03,4
GABRIEL,M,2016,04,5
GABRIEL,M,2016,05,4
GABRIEL,M,2016,06,4
GABRIEL,M,2016,07,5
GABRIEL,M,2016,08,1
GABRIEL,M,2016,09,4
GABRIEL,M,2016,10,6
GABRIEL,M,2016,11,2
GABRIEL,M,2016,12,3
GABRIEL,M,2016,13,2
GABRIEL,M,2016,14,6
GABRIEL,M,2016,15,3
GABRIEL,M,2016,16,5
GABRIEL,M,2016,17,3
GABRIEL,M,2016,18,4
GABRIEL,M,2016,19,6
GABRIEL,M,2016,21,5
GABRIEL,M,2016,22,5
GABRIEL,M,2016,23,6
GABRIEL,M,2016,24,5
GABRIEL,M,2016,25,4
GABRIEL,M,2016,26,4
GABRIEL,M,2016,27,4
GABRIEL,M,2016,2A,5
GABRIEL,M,2016,2B,6
GABRIEL,M,2016,30,4
GABRIEL,M,2016,31,5
GABRIEL,M,2016,32,2
GABRIEL,M,2016,33,4
GABRIEL,M,2016,34,1
GABRIEL,M,2016,35,2
GABRIEL,M,2016,36,3
GABRIEL,M,2016,37,7
GABRIEL,M,2016,38,5
GABRIEL,M,2016,39,5
GABRIEL,M,2016,40,2
GABRIEL,M,2016,41,3
GABRIEL,M,2016,42,4
GABRIEL,M,2016,43,4
GABRIEL,M,2016,44,3
GABRIEL,M,2016,45,6
GABRIEL,M,2016,46,6
GABRIEL,M,2016,47,4
GABRIEL,M,2016,48,3
GABRIEL,M,2016,49,1
GABRIEL,M,2016,50,5
GABRIEL,M,2016,51,4
GABRIEL,M,2016,52,4
GABRIEL,M,2016,53,3
GABRIEL,M,2016,54,2
GABRIEL,M,2016,55,6
GABRIEL,M,2016,56,9
GABRIEL,M,2016,57,4
GABRIEL,M,2016,58,9
GABRIEL,M,2016,59,4
GABRIEL,M,2016,60,4
GABRIEL,M,2016,61,5
GABRIEL,M,2016,62,1
GABRIEL,M,2016,63,2
GABRIEL,M,2016,64,4
GABRIEL,M,2016,65,5
GABRIEL,M,2016,66,4
GABRIEL,M,2016,67,1
GABRIEL,M,2016,68,6
GABRIEL,M,2016,69,2
GABRIEL,M,2016,70,3
GABRIEL,M,2016,71,1
GABRIEL,M,2016,72,6
GABRIEL,M,2016,73,6
GABRIEL,M,2016,74,6
GABRIEL,M,2016,75,7
GABRIEL,M,2016,76,10
GABRIEL,M,2016,77,4
GABRIEL,M,2016,78,6
GABRIEL,M,2016,79,2
GABRIEL,M,2016,80,8
GABRIEL,M,2016,81,7
GABRIEL,M,2016,82,1
GABRIEL,M,2016,83,7
GABRIEL,M,2016,84,5
GABRIEL,M,2016,85,4
GABRIEL,M,2016,86,2
GABRIEL,M,2016,87,7
GABRIEL,M,2016,88,6
GABRIEL,M,2016,89,5
GABRIEL,M,2016,90,2
GABRIEL,M,2016,91,9
GABRIEL,M,2016,92,4
GABRIEL,M,2016,93,4
GABRIEL,M,2016,94,7
GABRIEL,M,2016,95,9
JADE,F,2016,01,3
JADE,F,2016,02,8
JADE,F,2016,03,6
JADE,F,2016,04,1
JADE,F,2016,05,1
JADE,F,2016,06,5
JADE,F,2016,07,1
JADE,F,2016,08,4
JADE,F,2016,09,2
JADE,F,2016,10,2
JADE,F,2016,11,1
JADE,F,2016,12,2
JADE,F,2016,13,1
JADE,F,2016,14,2
JADE,F,2016,15,4
JADE,F,2016,16,4
JADE,F,2016,17,3
JADE,F,2016,18,3
JADE,F,2016,19,10
JADE,F,2016,21,2
JADE,F,2016,22,3
JADE,F,2016,23,4
JADE,F,2016,24,8
JADE,F,2016,25,2
JADE,F,2016,26,3
JADE,F,2016,27,4
JADE,F,2016,28,4
JADE,F,2016,29,1
JADE,F,2016,2B,2
JADE,F,2016,30,2
JADE,F,2016,31,7
JADE,F,2016,32,6
JADE,F,2016,33,4
JADE,F,2016,34,1
JADE,F,2016,35,3
JADE,F,2016,36,2
JADE,F,2016,37,5
JADE,F,2016,38,3
JADE,F,2016,39,4
JADE,F,2016,40,5
JADE,F,2016,41,3
JADE,F,2016,42,5
JADE,F,2016,43,4
JADE,F,2016,44,6
JADE,F,2016,45,7
JADE,F,2016,46,1
JADE,F,2016,47,3
JADE,F,2016,48,2
JADE,F,2016,49,6
JADE,F,2016,50,4
JADE,F,2016,51,3
JADE,F,2016,52,3
JADE,F,2016,53,4
JADE,F,2016,54,4
JADE,F,2016,55,2
JADE,F,2016,56,3
JADE,F,2016,57,6
JADE,F,2016,58,6
JADE,F,2016,59,1
JADE,F,2016,60,1
JADE,F,2016,61,3
JADE,F,2016,62,4
JADE,F,2016,63,5
JADE,F,2016,64,1
JADE,F,2016,65,3
JADE,F,2016,66,4
JADE,F,2016,67,4
JADE,F,2016,68,3
JADE,F,2016,69,1
JADE,F,2016,70,1
JADE,F,2016,71,6
JADE,F,2016,72,6
JADE,F,2016,73,5
JADE,F,2016,74,8
JADE,F,2016,76,4
JADE,F,2016,77,2
JADE,F,2016,78,1
JADE,F,2016,79,4
JADE,F,2016,80,4
JADE,F,2016,81,1
JADE,F,2016,82,5
JADE,F,2016,83,2
JADE,F,2016,84,5
JADE,F,2016,85,4
JADE,F,2016,86,8
JADE,F,2016,87,5
JADE,F,2016,88,2
JADE,F,2016,89,6
JADE,F,2016,90,7
JADE,F,2016,91,5
JADE,F,2016,92,2
JADE,F,2016,93,3
JADE,F,2016,94,2
JADE,F,2016,95,3
JADE,M,2016,01,4
JADE,M,2016,02,5
JADE,M,2016,03,5
JADE,M,2016,04,3
JADE,M,2016,05,7
JADE,M,2016,06,1
JADE,M,2016,07,5
JADE,M,2016,08,2
JADE,M,2016,09,5
JADE,M,2016,10,3
JADE,M,2016,11,3
JADE,M,2016,12,6
JADE,M,2016,13,4
JADE,M,2016,14,2
JADE,M,2016,15,2
JADE,M,2016,16,3
JADE,M,2016,17,3
JADE,M,2016,18,7
JADE,M,2016,19,3
JADE,M,2016,21,4
JADE,M,2016,22,4
JADE,M,2016,23,7
JADE,M,2016,24,4
JADE,M,2016,25,8
JADE,M,2016,26,2
JADE,M,2016,27,3
JADE,M,2016,28,5
JADE,M,2016,29,1
JADE,M,2016,2A,1
JADE,M,2016,2B,5
JADE,M,2016,30,4
JADE,M,2016,31,4
JADE,M,2016,32,2
JADE,M,2016,33,3
JADE,M,2016,34,5
JADE,M,2016,35,3
JADE,M,2016,37,3
JADE,M,2016,38,3
JADE,M,2016,39,2
JADE,M,2016,40,9
JADE,M,2016,41,6
JADE,M,2016,42,4
JADE,M,2016,43,1
JADE,M,2016,44,3
JADE,M,2016,45,3
JADE,M,2016,46,8
JADE,M,2016,47,4
JADE,M,2016,48,7
JADE,M,2016,49,7
JADE,M,2016,50,3
JADE,M,2016,51,2
JADE,M,2016,52,4
JADE,M,2016,53,1
JADE,M,2016,54,4
JADE,M,2016,55,5
JADE,M,2016,56,3
JADE,M,2016,57,3
JADE,M,2016,58,3
JADE,M,2016,59,4
JADE,M,2016,60,3
JADE,M,2016,61,5
JADE,M,2016,62,5
JADE,M,2016,63,5
JADE,M,2016,64,3
JADE,M,2016,65,2
JADE,M,2016,66,5
JADE,M,2016,67,2
JADE,M,2016,68,5
JADE,M,2016,69,4
JADE,M,2016,70,2
JADE,M,2016,71,3
JADE,M,2016,72,2
JADE,M,2016,73,6
JADE,M,2016,74,6
JADE,M,2016,75,4
JADE,M,2016,76,5
JADE,M,2016,77,1
JADE,M,2016,78,3
JADE,M,2016,79,5
JADE,M,2016,80,6
JADE,M,2016,81,2
JADE,M,2016,82,2
JADE,M,2016,83,3
JADE,M,2016,84,7
JADE,M,2016,85,2
JADE,M,2016,86,3
JADE,M,2016,87,8
JADE,M,2016,88,5
JADE,M,2016,89,2
JADE,M,2016,90,2
JADE,M,2016,91,2
JADE,M,2016,92,1
JADE,M,2016,93,5
JADE,M,2016,94,5
JADE,M,2016,95,3
ARTHUR,F,2016,01,5
ARTHUR,F,2016,02,1
ARTHUR,F,2016,03,6
ARTHUR,F,2016,04,6
ARTHUR,F,2016,05,4
ARTHUR,F,2016,06,9
ARTHUR,F,2016,07,4
ARTHUR,F,2016,08,5
ARTHUR,F,2016,09,1
ARTHUR,F,2016,10,1
ARTHUR,F,2016,11,4
ARTHUR,F,2016,12,5
ARTHUR,F,2016,13,3
ARTHUR,F,2016,14,7
ARTHUR,F,2016,15,3
ARTHUR,F,2016,16,1
ARTHUR,F,2016,17,3
ARTHUR,F,2016,18,5
ARTHUR,F,2016,19,4
ARTHUR,F,2016,21,5
ARTHUR,F,2016,22,6
ARTHUR,F,2016,23,3
ARTHUR,F,2016,24,2
ARTHUR,F,2016,25,5
ARTHUR,F,2016,26,5
ARTHUR,F,2016,27,6
ARTHUR,F,2016,28,4
ARTHUR,F,2016,29,5
ARTHUR,F,2016,2A,4
ARTHUR,F,2016,2B,4
ARTHUR,F,2016,30,10
ARTHUR,F,2016,31,2
ARTHUR,F,2016,32,4
ARTHUR,F,2016,33,1
ARTHUR,F,2016,34,2
ARTHUR,F,2016,35,6
ARTHUR,F,2016,36,1
ARTHUR,F,2016,37,2
ARTHUR,F,2016,38,3
ARTHUR,F,2016,39,9
ARTHUR,F,2016,40,3
ARTHUR,F,2016,41,3
ARTHUR,F,2016,42,4
ARTHUR,F,2016,43,6
ARTHUR,F,2016,44,5
ARTHUR,F,2016,45,5
ARTHUR,F,2016,46,7
ARTHUR,F,2016,47,6
ARTHUR,F,2016,48,6
ARTHUR,F,2016,49,3
ARTHUR,F,2016,50,3
ARTHUR,F,2016,51,3
ARTHUR,F,2016,52,4
ARTHUR,F,2016,53,3
ARTHUR,F,2016,54,4
ARTHUR,F,2016,55,4
ARTHUR,F,2016,56,5
ARTHUR,F,2016,57,3
ARTHUR,F,2016,58,2
ARTHUR,F,2016,59,2
ARTHUR,F,2016,60,4
ARTHUR,F,2016,61,5
ARTHUR,F,2016,62,3
ARTHUR,F,2016,63,2
ARTHUR,F,2016,64,6
ARTHUR,F,2016,65,6
ARTHUR,F,2016,66,2
ARTHUR,F,2016,67,5
ARTHUR,F,2016,68,8
ARTHUR,F,2016,69,4
ARTHUR,F,2016,70,6
ARTHUR,F,2016,71,4
ARTHUR,F,2016,72,1
ARTHUR,F,2016,73,6
ARTHUR,F,2016,74,6
ARTHUR,F,2016,75,5
ARTHUR,F,2016,76,3
ARTHUR,F,2016,77,3
ARTHUR,F,2016,78,4
ARTHUR,F,2016,79,1
ARTHUR,F,2016,80,6
ARTHUR,F,2016,81,2
ARTHUR,F,2016,82,1
ARTHUR,F,2016,83,4
ARTHUR,F,2016,84,5
ARTHUR,F,2016,85,5
ARTHUR,F,2016,86,4
ARTHUR,F,2016,87,2
ARTHUR,F,2016,88,5
ARTHUR,F,2016,89,1
ARTHUR,F,2016,90,4
ARTHUR,F,2016,91,8
ARTHUR,F,2016,92,4
ARTHUR,F,2016,93,2
ARTHUR,F,2016,94,1
ARTHUR,F,2016,95,3
ARTHUR,M,2016,01,4
ARTHUR,M,2016,02,1
ARTHUR,M,2016,03,7
ARTHUR,M,2016,04,5
ARTHUR,M,2016,05,4
ARTHUR,M,2016,06,6
ARTHUR,M,2016,07,7
ARTHUR,M,2016,08,3
ARTHUR,M,2016,09,1
ARTHUR,M,2016,10,5
ARTHUR,M,2016,11,4
ARTHUR,M,2016,12,8
ARTHUR,M,2016,13,6
ARTHUR,M,2016,14,7
ARTHUR,M,2016,15,6
ARTHUR,M,2016,16,1
ARTHUR,M,2016,17,4
ARTHUR,M,2016,18,3
ARTHUR,M,2016,19,5
ARTHUR,M,2016,21,7
ARTHUR,M,2016,22,5
ARTHUR,M,2016,23,1
ARTHUR,M,2016,24,4
ARTHUR,M,2016,25,6
ARTHUR,M,2016,26,1
ARTHUR,M,2016,27,3
ARTHUR,M,2016,28,4
ARTHUR,M,2016,29,8
ARTHUR,M,2016,2A,3
ARTHUR,M,2016,2B,3
ARTHUR,M,2016,30,4
ARTHUR,M,2016,31,5
ARTHUR,M,2016,32,7
ARTHUR,M,2016,33,8
ARTHUR,M,2016,34,3
ARTHUR,M,2016,35,4
ARTHUR,M,2016,36,4
ARTHUR,M,2016,37,4
ARTHUR,M,2016,38,2
ARTHUR,M,2016,39,5
ARTHUR,M,2016,40,4
ARTHUR,M,2016,41,4
ARTHUR,M,2016,42,10
ARTHUR,M,2016,43,5
ARTHUR,M,2016,44,4
ARTHUR,M,2016,45,3
ARTHUR,M,2016,46,5
ARTHUR,M,2016,47,2
ARTHUR,M,2016,48,4
ARTHUR,M,2016,49,4
ARTHUR,M,2016,50,7
ARTHUR,M,2016,51,3
ARTHUR,M,2016,52,5
ARTHUR,M,2016,53,2
ARTHUR,M,2016,54,7
ARTHUR,M,2016,55,5
ARTHUR,M,2016,56,2
ARTHUR,M,2016,57,1
ARTHUR,M,2016,58,3
ARTHUR,M,2016,59,5
ARTHUR,M,2016,60,3
ARTHUR,M,2016,61,4
ARTHUR,M,2016,62,3
ARTHUR,M,2016,63,4
ARTHUR,M,2016,64,2
ARTHUR,M,2016,65,3
ARTHUR,M,2016,66,6
ARTHUR,M,2016,67,3
ARTHUR,M,2016,68,3
ARTHUR,M,2016,69,6
ARTHUR,M,2016,70,5
ARTHUR,M,2016,71,4
ARTHUR,M,2016,72,1
ARTHUR,M,2016,73,10
ARTHUR,M,2016,74,11
ARTHUR,M,2016,75,2
ARTHUR,M,2016,77,4
ARTHUR,M,2016,78,4
ARTHUR,M,2016,79,3
ARTHUR,M,2016,80,4
ARTHUR,M,2016,81,1
ARTHUR,M,2016,82,4
ARTHUR,M,2016,83,2
ARTHUR,M,2016,84,2
ARTHUR,M,2016,85,2
ARTHUR,M,2016,86,3
ARTHUR,M,2016,88,8
ARTHUR,M,2016,89,5
ARTHUR,M,2016,90,5
ARTHUR,M,2016,91,5
ARTHUR,M,2016,92,6
ARTHUR,M,2016,93,6
ARTHUR,M,2016,94,2
ARTHUR,M,2016,95,1
MAELIG,F,2017,01,6
MAELIG,F,2017,02,4
MAELIG,F,2017,03,2
MAELIG,F,2017,04,9
MAELIG,F,2017,05,3
MAELIG,F,2017,06,4
MAELIG,F,2017,07,5
MAELIG,F,2017,08,2
MAELIG,F,2017,09,3
MAELIG,F,2017,10,2
MAELIG,F,2017,11,7
MAELIG,F,2017,12,4
MAELIG,F,2017,13,3
MAELIG,F,2017,14,3
MAELIG,F,2017,15,2
MAELIG,F,2017,16,3
MAELIG,F,2017,17,4
MAELIG,F,2017,18,4
MAELIG,F,2017,21,3
MAELIG,F,2017,22,23
MAELIG,F,2017,23,2
MAELIG,F,2017,24,3
MAELIG,F,2017,25,6
MAELIG,F,2017,26,3
MAELIG,F,2017,27,4
MAELIG,F,2017,28,9
MAELIG,F,2017,29,22
MAELIG,F,2017,2A,3
MAELIG,F,2017,2B,4
MAELIG,F,2017,30,2
MAELIG,F,2017,31,4
MAELIG,F,2017,32,5
MAELIG,F,2017,33,6
MAELIG,F,2017,34,4
MAELIG,F,2017,35,22
MAELIG,F,2017,36,1
MAELIG,F,2017,37,5
MAELIG,F,2017,38,4
MAELIG,F,2017,39,5
MAELIG,F,2017,40,3
MAELIG,F,2017,41,5
MAELIG,F,2017,42,6
MAELIG,F,2017,43,5
MAELIG,F,2017,44,30
MAELIG,F,2017,45,2
MAELIG,F,2017,47,5
MAELIG,F,2017,48,9
MAELIG,F,2017,49,1
MAELIG,F,2017,50,8
MAELIG,F,2017,51,5
MAELIG,F,2017,52,5
MAELIG,F,2017,53,7
MAELIG,F,2017,54,4
MAELIG,F,2017,55,3
MAELIG,F,2017,56,21
MAELIG,F,2017,57,5
MAELIG,F,2017,58,4
MAELIG,F,2017,59,6
MAELIG,F,2017,60,3
MAELIG,F,2017,61,4
MAELIG,F,2017,62,6
MAELIG,F,2017,63,4
MAELIG,F,2017,64,2
MAELIG,F,2017,65,4
MAELIG,F,2017,66,3
MAELIG,F,2017,67,6
MAELIG,F,2017,68,4
MAELIG,F,2017,69,2
MAELIG,F,2017,70,3
MAELIG,F,2017,71,7
MAELIG,F,2017,72,5
MAELIG,F,2017,73,4
MAELIG,F,2017,74,7
MAELIG,F,2017,75,1
MAELIG,F,2017,76,4
MAELIG,F,2017,77,3
MAELIG,F,2017,78,2
MAELIG,F,2017,79,5
MAELIG,F,2017,80,6
MAELIG,F,2017,81,7
MAELIG,F,2017,82,3
MAELIG,F,2017,83,5
MAELIG,F,2017,84,6
MAELIG,F,2017,85,2
MAELIG,F,2017,86,3
MAELIG,F,2017,87,1
MAELIG,F,2017,88,7
MAELIG,F,2017,89,6
MAELIG,F,2017,90,5
MAELIG,F,2017,91,4
MAELIG,F,2017,92,6
MAELIG,F,2017,93,4
MAELIG,F,2017,94,3
MAELIG,F,2017,95,6
MAELIG,M,2017,01,1
MAELIG,M,2017,02,4
MAELIG,M,2017,03,2
MAELIG,M,2017,04,9
MAELIG,M,2017,05,5
MAELIG,M,2017,06,1
MAELIG,M,2017,07,2
MAELIG,M,2017,08,8
MAELIG,M,2017,09,4
MAELIG,M,2017,10,3
MAELIG,M,2017,11,1
MAELIG,M,2017,12,3
MAELIG,M,2017,13,6
MAELIG,M,2017,14,2
MAELIG,M,2017,15,6
MAELIG,M,2017,16,2
MAELIG,M,2017,17,5
MAELIG,M,2017,18,3
MAELIG,M,2017,19,1
MAELIG,M,2017,21,2
MAELIG,M,2017,22,14
MAELIG,M,2017,23,4
MAELIG,M,2017,24,9
MAELIG,M,2017,25,2
MAELIG,M,2017,26,3
MAELIG,M,2017,27,2
MAELIG,M,2017,28,1
MAELIG,M,2017,29,20
MAELIG,M,2017,2A,5
MAELIG,M,2017,2B,8
MAELIG,M,2017,30,6
MAELIG,M,2017,31,3
MAELIG,M,2017,32,2
MAELIG,M,2017,33,2
MAELIG,M,2017,34,4
MAELIG,M,2017,35,15
MAELIG,M,2017,36,7
MAELIG,M,2017,37,3
MAELIG,M,2017,38,5
MAELIG,M,2017,39,1
MAELIG,M,2017,40,2
MAELIG,M,2017,41,6
MAELIG,M,2017,42,1
MAELIG,M,2017,43,2
MAELIG,M,2017,44,25
MAELIG,M,2017,45,2
MAELIG,M,2017,46,6
MAELIG,M,2017,47,3
MAELIG,M,2017,48,3
MAELIG,M,2017,49,5
MAELIG,M,2017,50,5
MAELIG,M,2017,51,1
MAELIG,M,2017,52,3
MAELIG,M,2017,53,1
MAELIG,M,2017,54,4
MAELIG,M,2017,55,4
MAELIG,M,2017,56,24
MAELIG,M,2017,57,2
MAELIG,M,2017,58,4
MAELIG,M,2017,59,7
MAELIG,M,2017,60,4
MAELIG,M,2017,61,2
MAELIG,M,2017,62,1
MAELIG,M,2017,63,4
MAELIG,M,2017,64,4
MAELIG,M,2017,65,2
MAELIG,M,2017,66,4
MAELIG,M,2017,67,10
MAELIG,M,2017,68,5
MAELIG,M,2017,69,3
MAELIG,M,2017,70,2
MAELIG,M,2017,71,5
MAELIG,M,2017,72,1
MAELIG,M,2017,73,6
MAELIG,M,2017,74,2
MAELIG,M,2017,75,3
MAELIG,M,2017,76,2
MAELIG,M,2017,77,4
MAELIG,M,2017,78,1
MAELIG,M,2017,79,6
MAELIG,M,2017,80,7
MAELIG,M,2017,81,4
MAELIG,M,2017,82,4
MAELIG,M,2017,83,4
MAELIG,M,2017,84,3
MAELIG,M,2017,85,8
MAELIG,M,2017,86,5
MAELIG,M,2017,87,3
MAELIG,M,2017,88,5
MAELIG,M,2017,89,3
MAELIG,M,2017,90,5
MAELIG,M,2017,91,6
MAELIG,M,2017,92,5
MAELIG,M,2017,93,4
MAELIG,M,2017,94,10
MAELIG,M,2017,95,11
LOUISE,F,2017,01,6
LOUISE,F,2017,02,4
LOUISE,F,2017,03,2
LOUISE,F,2017,04,3
LOUISE,F,2017,05,5
LOUISE,F,2017,06,1
LOUISE,F,2017,07,5
LOUISE,F,2017,08,3
LOUISE,F,2017,09,5
LOUISE,F,2017,10,4
LOUISE,F,2017,11,5
LOUISE,F,2017,12,5
LOUISE,F,2017,13,3
LOUISE,F,2017,14,4
LOUISE,F,2017,15,4
LOUISE,F,2017,16,5
LOUISE,F,2017,17,3
LOUISE,F,2017,18,4
LOUISE,F,2017,19,3
LOUISE,F,2017,21,2
LOUISE,F,2017,23,2
LOUISE,F,2017,24,6
LOUISE,F,2017,25,5
LOUISE,F,2017,26,5
LOUISE,F,2017,27,2
LOUISE,F,2017,28,2
LOUISE,F,2017,29,6
LOUISE,F,2017,2A,1
LOUISE,F,2017,2B,5
LOUISE,F,2017,30,4
LOUISE,F,2017,31,2
LOUISE,F,2017,32,4
LOUISE,F,2017,33,4
LOUISE,F,2017,34,1
LOUISE,F,2017,35,2
LOUISE,F,2017,36,5
LOUISE,F,2017,37,7
LOUISE,F,2017,38,5
LOUISE,F,2017,39,3
LOUISE,F,2017,40,2
LOUISE,F,2017,41,5
LOUISE,F,2017,43,6
LOUISE,F,2017,44,4
LOUISE,F,2017,45,5
LOUISE,F,2017,46,5
LOUISE,F,2017,47,6
LOUISE,F,2017,48,3
LOUISE,F,2017,49,8
LOUISE,F,2017,50,5
LOUISE,F,2017,51,2
LOUISE,F,2017,52,3
LOUISE,F,2017,53,5
LOUISE,F,2017,54,7
LOUISE,F,2017,55,3
LOUISE,F,2017,56,4
LOUISE,F,2017,57,4
LOUISE,F,2017,58,3
LOUISE,F,2017,59,3
LOUISE,F,2017,60,3
LOUISE,F,2017,61,8
LOUISE,F,2017,62,9
LOUISE,F,2017,63,5
LOUISE,F,2017,64,7
LOUISE,F,2017,65,5
LOUISE,F,2017,66,1
LOUISE,F,2017,67,4
LOUISE,F,2017,68,2
LOUISE,F,2017,69,5
LOUISE,F,2017,70,2
LOUISE,F,2017,71,5
LOUISE,F,2017,72,5
LOUISE,F,2017,73,2
LOUISE,F,2017,74,6
LOUISE,F,2017,75,4
LOUISE,F,2017,76,2
LOUISE,F,2017,77,4
LOUISE,F,2017,78,1
LOUISE,F,2017,79,2
LOUISE,F,2017,80,5
LOUISE,F,2017,81,2
LOUISE,F,2017,82,3
LOUISE,F,2017,83,5
LOUISE,F,2017,84,4
LOUISE,F,2017,85,3
LOUISE,F,2017,86,5
LOUISE,F,2017,87,1
LOUISE,F,2017,88,9
LOUISE,F,2017,89,3
LOUISE,F,2017,90,6
LOUISE,F,2017,91,2
LOUISE,F,2017,92,3
LOUISE,F,2017,93,8
LOUISE,F,2017,94,3
LOUISE,F,2017,95,3
LOUISE,M,2017,01,4
LOUISE,M,2017,02,2
LOUISE,M,2017,03,6
LOUISE,M,2017,04,4
LOUISE,M,2017,05,1
LOUISE,M,2017,06,8
LOUISE,M,2017,07,5
LOUISE,M,2017,08,3
LOUISE,M,2017,09,4
LOUISE,M,2017,10,3
LOUISE,M,2017,11,1
LOUISE,M,2017,12,5
LOUISE,M,2017,13,2
LOUISE,M,2017,14,4
LOUISE,M,2017,15,2
LOUISE,M,2017,16,5
LOUISE,M,2017,17,4
LOUISE,M,2017,18,4
LOUISE,M,2017,19,1
LOUISE,M,2017,21,3
LOUISE,M,2017,22,4
LOUISE,M,2017,23,4
LOUISE,M,2017,24,4
LOUISE,M,2017,25,4
LOUISE,M,2017,26,4
LOUISE,M,2017,27,4
LOUISE,M,2017,28,5
LOUISE,M,2017,29,1
LOUISE,M,2017,2A,5
LOUISE,M,2017,2B,4
LOUISE,M,2017,30,1
LOUISE,M,2017,31,7
LOUISE,M,2017,32,4
LOUISE,M,2017,33,5
LOUISE,M,2017,34,4
LOUISE,M,2017,35,4
LOUISE,M,2017,36,4
LOUISE,M,2017,37,2
LOUISE,M,2017,38,6
LOUISE,M,2017,39,4
LOUISE,M,2017,40,5
LOUISE,M,2017,41,2
LOUISE,M,2017,42,6
LOUISE,M,2017,43,6
LOUISE,M,2017,44,3
LOUISE,M,2017,45,3
LOUISE,M,2017,46,7
LOUISE,M,2017,47,5
LOUISE,M,2017,48,1
LOUISE,M,2017,49,5
LOUISE,M,2017,50,5
LOUISE,M,2017,51,4
LOUISE,M,2017,52,4
LOUISE,M,2017,53,5
LOUISE,M,2017,54,7
LOUISE,M,2017,55,9
LOUISE,M,2017,56,2
LOUISE,M,2017,57,7
LOUISE,M,2017,58,7
LOUISE,M,2017,59,7
LOUISE,M,2017,60,8
LOUISE,M,2017,61,4
LOUISE,M,2017,62,3
LOUISE,M,2017,63,3
LOUISE,M,2017,64,5
LOUISE,M,2017,65,6
LOUISE,M,2017,66,6
LOUISE,M,2017,67,3
LOUISE,M,2017,68,3
LOUISE,M,2017,69,4
LOUISE,M,2017,70,3
LOUISE,M,2017,71,3
LOUISE,M,2017,72,3
LOUISE,M,2017,73,2
LOUISE,M,2017,74,4
LOUISE,M,2017,75,4
LOUISE,M,2017,76,3
LOUISE,M,2017,77,2
LOUISE,M,2017,78,4
LOUISE,M,2017,79,2
LOUISE,M,2017,80,4
LOUISE,M,2017,81,4
LOUISE,M,2017,82,4
LOUISE,M,2017,83,5
LOUISE,M,2017,84,4
LOUISE,M,2017,85,5
LOUISE,M,2017,86,5
LOUISE,M,2017,87,4
LOUISE,M,2017,89,6
LOUISE,M,2017,90,3
LOUISE,M,2017,91,4
LOUISE,M,2017,92,2
LOUISE,M,2017,93,4
LOUISE,M,2017,94,5
LOUISE,M,2017,95,3
GABRIEL,F,2017,01,3
GABRIEL,F,2017,02,5
GABRIEL,F,2017,03,4
GABRIEL,F,2017,04,3
GABRIEL,F,2017,05,3
GABRIEL,F,2017,06,4
GABRIEL,F,2017,07,1
GABRIEL,F,2017,08,2
GABRIEL,F,2017,09,4
GABRIEL,F,2017,10,8
GABRIEL,F,2017,11,4
GABRIEL,F,2017,12,4
GABRIEL,F,2017,13,3
GABRIEL,F,2017,14,3
GABRIEL,F,2017,15,4
GABRIEL,F,2017,16,5
GABRIEL,F,2017,17,3
GABRIEL,F,2017,18,3
GABRIEL,F,2017,19,2
GABRIEL,F,2017,21,2
GABRIEL,F,2017,22,4
GABRIEL,F,2017,23,5
GABRIEL,F,2017,24,4
GABRIEL,F,2017,25,4
GABRIEL,F,2017,26,4
GABRIEL,F,2017,27,3
GABRIEL,F,2017,29,4
GABRIEL,F,2017,2A,6
GABRIEL,F,2017,2B,7
GABRIEL,F,2017,30,1
GABRIEL,F,2017,31,1
GABRIEL,F,2017,32,2
GABRIEL,F,2017,33,7
GABRIEL,F,2017,34,4
GABRIEL,F,2017,35,2
GABRIEL,F,2017,36,2
GABRIEL,F,2017,37,2
GABRIEL,F,2017,38,1
GABRIEL,F,2017,39,1
GABRIEL,F,2017,40,2
GABRIEL,F,2017,41,4
GABRIEL,F,2017,42,5
GABRIEL,F,2017,43,4
GABRIEL,F,2017,44,4
GABRIEL,F,2017,45,4
GABRIEL,F,2017,46,5
GABRIEL,F,2017,47,5
GABRIEL,F,2017,48,7
GABRIEL,F,2017,49,6
GABRIEL,F,2017,50,4
GABRIEL,F,2017,51,3
GABRIEL,F,2017,52,9
GABRIEL,F,2017,53,5
GABRIEL,F,2017,54,2
GABRIEL,F,2017,55,2
GABRIEL,F,2017,56,4
GABRIEL,F,2017,57,1
GABRIEL,F,2017,58,4
GABRIEL,F,2017,59,5
GABRIEL,F,2017,60,3
GABRIEL,F,2017,61,9
GABRIEL,F,2017,62,5
GABRIEL,F,2017,63,12
GABRIEL,F,2017,64,2
GABRIEL,F,2017,65,1
GABRIEL,F,2017,66,3
GABRIEL,F,2017,67,1
GABRIEL,F,2017,68,6
GABRIEL,F,2017,69,5
GABRIEL,F,2017,70,1
GABRIEL,F,2017,71,6
GABRIEL,F,2017,72,4
GABRIEL,F,2017,73,1
GABRIEL,F,2017,74,2
GABRIEL,F,2017,75,5
GABRIEL,F,2017,76,5
GABRIEL,F,2017,77,5
GABRIEL,F,2017,78,4
GABRIEL,F,2017,79,6
GABRIEL,F,2017,80,5
GABRIEL,F,2017,81,2
GABRIEL,F,2017,82,4
GABRIEL,F,2017,83,1
GABRIEL,F,2017,84,4
GABRIEL,F,2017,85,2
GABRIEL,F,2017,86,3
GABRIEL,F,2017,87,7
GABRIEL,F,2017,88,5
GABRIEL,F,2017,89,4
GABRIEL,F,2017,90,5
GABRIEL,F,2017,91,8
GABRIEL,F,2017,92,2
GABRIEL,F,2017,93,1
GABRIEL,F,2017,94,6
GABRIEL,F,2017,95,6
GABRIEL,M,2017,01,7
GABRIEL,M,2017,02,5
GABRIEL,M,2017,03,2
GABRIEL,M,2017,04,1
GABRIEL,M,2017,05,1
GABRIEL,M,2017,06,8
GABRIEL,M,2017,07,3
GABRIEL,M,2017,08,4
GABRIEL,M,2017,09,4
GABRIEL,M,2017,10,3
GABRIEL,M,2017,11,5
GABRIEL,M,2017,13,8
GABRIEL,M,2017,14,8
GABRIEL,M,2017,15,6
GABRIEL,M,2017,16,6
GABRIEL,M,2017,17,4
GABRIEL,M,2017,18,2
GABRIEL,M,2017,19,4
GABRIEL,M,2017,21,4
GABRIEL,M,2017,22,6
GABRIEL,M,2017,23,3
GABRIEL,M,2017,24,4
GABRIEL,M,2017,25,4
GABRIEL,M,2017,26,3
GABRIEL,M,2017,27,2
GABRIEL,M,2017,28,3
GABRIEL,M,2017,29,7
GABRIEL,M,2017,2A,3
GABRIEL,M,2017,2B,1
GABRIEL,M,2017,30,2
GABRIEL,M,2017,32,3
GABRIEL,M,2017,33,3
GABRIEL,M,2017,34,7
GABRIEL,M,2017,35,2
GABRIEL,M,2017,36,3
GABRIEL,M,2017,37,4
GABRIEL,M,2017,38,2
GABRIEL,M,2017,39,4
GABRIEL,M,2017,40,4
GABRIEL,M,2017,41,1
GABRIEL,M,2017,42,5
GABRIEL,M,2017,43,5
GABRIEL,M,2017,44,3
GABRIEL,M,2017,45,2
GABRIEL,M,2017,46,5
GABRIEL,M,2017,47,3
GABRIEL,M,2017,48,3
GABRIEL,M,2017,49,7
GABRIEL,M,2017,50,5
GABRIEL,M,2017,51,5
GABRIEL,M,2017,52,6
GABRIEL,M,2017,53,5
GABRIEL,M,2017,54,1
GABRIEL,M,2017,55,4
GABRIEL,M,2017,57,4
GABRIEL,M,2017,58,3
GABRIEL,M,2017,59,4
GABRIEL,M,2017,60,4
GABRIEL,M,2017,61,1
GABRIEL,M,2017,62,7
GABRIEL,M,2017,63,1
GABRIEL,M,2017,64,2
GABRIEL,M,2017,65,3
GABRIEL,M,2017,66,5
GABRIEL,M,2017,67,5
GABRIEL,M,2017,68,11
GABRIEL,M,2017,69,10
GABRIEL,M,2017,70,5
GABRIEL,M,2017,71,4
GABRIEL,M,2017,72,8
GABRIEL,M,2017,73,4
GABRIEL,M,2017,74,3
GABRIEL,M,2017,75,2
GABRIEL,M,2017,76,7
GABRIEL,M,2017,77,3
GABRIEL,M,2017,78,4
GABRIEL,M,2017,79,6
GABRIEL,M,2017,80,4
GABRIEL,M,2017,81,5
GABRIEL,M,2017,82,2
GABRIEL,M,2017,83,1
GABRIEL,M,2017,84,5
GABRIEL,M,2017,85,7
GABRIEL,M,2017,86,3
GABRIEL,M,2017,87,4
GABRIEL,M,2017,88,4
GABRIEL,M,2017,89,4
GABRIEL,M,2017,90,2
GABRIEL,M,2017,91,6
GABRIEL,M,2017,92,7
GABRIEL,M,2017,93,4
GABRIEL,M,2017,94,4
GABRIEL,M,2017,95,3
JADE,F,2017,01,4
JADE,F,2017,02,2
JADE,F,2017,03,2
JADE,F,2017,04,4
JADE,F,2017,05,3
JADE,F,2017,06,6
JADE,F,2017,07,1
JADE,F,2017,08,2
JADE,F,2017,09,3
JADE,F,2017,10,3
JADE,F,2017,11,4
JADE,F,2017,12,6
JADE,F,2017,13,2
JADE,F,2017,14,6
JADE,F,2017,15,5
JADE,F,2017,16,5
JADE,F,2017,17,3
JADE,F,2017,18,4
JADE,F,2017,19,7
JADE,F,2017,21,5
JADE,F,2017,22,3
JADE,F,2017,23,1
JADE,F,2017,24,2
JADE,F,2017,25,5
JADE,F,2017,26,4
JADE,F,2017,27,7
JADE,F,2017,28,5
JADE,F,2017,29,4
JADE,F,2017,2A,2
JADE,F,2017,2B,3
JADE,F,2017,30,3
JADE,F,2017,31,3
JADE,F,2017,32,2
JADE,F,2017,33,3
JADE,F,2017,34,3
JADE,F,2017,36,4
JADE,F,2017,37,1
JADE,F,2017,38,3
JADE,F,2017,39,3
JADE,F,2017,40,7
JADE,F,2017,41,3
JADE,F,2017,42,3
JADE,F,2017,43,9
JADE,F,2017,44,5
JADE,F,2017,45,2
JADE,F,2017,46,3
JADE,F,2017,47,2
JADE,F,2017,48,1
JADE,F,2017,49,5
JADE,F,2017,50,3
JADE,F,2017,51,3
JADE,F,2017,52,8
JADE,F,2017,53,1
JADE,F,2017,54,1
JADE,F,2017,55,7
JADE,F,2017,56,1
JADE,F,2017,57,7
JADE,F,2017,58,3
JADE,F,2017,59,2
JADE,F,2017,60,5
JADE,F,2017,61,4
JADE,F,2017,62,7
JADE,F,2017,63,5
JADE,F,2017,64,6
JADE,F,2017,65,5
JADE,F,2017,66,5
JADE,F,2017,67,1
JADE,F,2017,68,2
JADE,F,2017,69,3
JADE,F,2017,70,3
JADE,F,2017,71,4
JADE,F,2017,72,2
JADE,F,2017,73,2
JADE,F,2017,74,4
JADE,F,2017,75,7
JADE,F,2017,76,3
JADE,F,2017,77,1
JADE,F,2017,78,6
JADE,F,2017,79,5
JADE,F,2017,80,1
JADE,F,2017,81,6
JADE,F,2017,82,5
JADE,F,2017,83,3
JADE,F,2017,84,8
JADE,F,2017,85,3
JADE,F,2017,86,6
JADE,F,2017,87,3
JADE,F,2017,88,5
JADE,F,2017,89,5
JADE,F,2017,90,3
JADE,F,2017,91,4
JADE,F,2017,92,2
JADE,F,2017,93,2
JADE,F,2017,94,6
JADE,F,2017,95,4
JADE,M,2017,01,4
JADE,M,2017,02,6
JADE,M,2017,03,1
JADE,M,2017,04,2
JADE,M,2017,05,3
JADE,M,2017,06,3
JADE,M,2017,07,5
JADE,M,2017,08,4
JADE,M,2017,09,2
JADE,M,2017,10,2
JADE,M,2017,11,5
JADE,M,2017,12,5
JADE,M,2017,13,6
JADE,M,2017,14,5
JADE,M,2017,15,7
JADE,M,2017,16,6
JADE,M,2017,17,3
JADE,M,2017,19,1
JADE,M,2017,21,7
JADE,M,2017,23,4
JADE,M,2017,24,2
JADE,M,2017,25,5
JADE,M,2017,26,4
JADE,M,2017,27,3
JADE,M,2017,28,3
JADE,M,2017,29,7
JADE,M,2017,2A,5
JADE,M,2017,2B,4
JADE,M,2017,30,2
JADE,M,2017,31,8
JADE,M,2017,32,1
JADE,M,2017,33,2
JADE,M,2017,34,4
JADE,M,2017,35,5
JADE,M,2017,36,6
JADE,M,2017,37,4
JADE,M,2017,38,4
JADE,M,2017,39,4
JADE,M,2017,40,6
JADE,M,2017,41,4
JADE,M,2017,42,1
JADE,M,2017,43,2
JADE,M,2017,44,6
JADE,M,2017,45,4
JADE,M,2017,46,6
JADE,M,2017,47,7
JADE,M,2017,48,3
JADE,M,2017,49,7
JADE,M,2017,50,7
JADE,M,2017,51,1
JADE,M,2017,52,5
JADE,M,2017,53,2
JADE,M,2017,54,7
JADE,M,2017,55,3
JADE,M,2017,56,8
JADE,M,2017,57,6
JADE,M,2017,58,4
JADE,M,2017,59,4
JADE,M,2017,60,8
JADE,M,2017,61,4
JADE,M,2017,62,4
JADE,M,2017,63,5
JADE,M,2017,64,1
JADE,M,2017,65,2
JADE,M,2017,66,3
JADE,M,2017,67,4
JADE,M,2017,68,3
JADE,M,2017,69,3
JADE,M,2017,70,4
JADE,M,2017,71,4
JADE,M,2017,72,7
JADE,M,2017,73,6
JADE,M,2017,75,3
JADE,M,2017,76,6
JADE,M,2017,77,5
JADE,M,2017,78,4
JADE,M,2017,79,4
JADE,M,2017,80,2
JADE,M,2017,81,3
JADE,M,2017,82,8
JADE,M,2017,83,6
JADE,M,2017,84,3
JADE,M,2017,85,3
JADE,M,2017,86,3
JADE,M,2017,87,7
JADE,M,2017,88,6
JADE,M,2017,89,5
JADE,M,2017,90,3
JADE,M,2017,92,3
JADE,M,2017,93,5
JADE,M,2017,94,3
JADE,M,2017,95,4
ARTHUR,F,2017,01,5
ARTHUR,F,2017,02,3
ARTHUR,F,2017,03,5
ARTHUR,F,2017,04,7
ARTHUR,F,2017,05,5
ARTHUR,F,2017,06,8
ARTHUR,F,2017,07,2
ARTHUR,F,2017,08,5
ARTHUR,F,2017,09,4
ARTHUR,F,2017,10,2
ARTHUR,F,2017,11,4
ARTHUR,F,2017,12,5
ARTHUR,F,2017,13,5
ARTHUR,F,2017,14,3
ARTHUR,F,2017,15,1
ARTHUR,F,2017,16,5
ARTHUR,F,2017,17,5
ARTHUR,F,2017,18,3
ARTHUR,F,2017,19,4
ARTHUR,F,2017,21,3
ARTHUR,F,2017,22,2
ARTHUR,F,2017,23,7
ARTHUR,F,2017,24,5
ARTHUR,F,2017,25,2
ARTHUR,F,2017,26,4
ARTHUR,F,2017,27,5
ARTHUR,F,2017,28,5
ARTHUR,F,2017,29,2
ARTHUR,F,2017,2A,4
ARTHUR,F,2017,2B,2
ARTHUR,F,2017,30,7
ARTHUR,F,2017,31,7
ARTHUR,F,2017,32,7
ARTHUR,F,2017,33,4
ARTHUR,F,2017,34,5
ARTHUR,F,2017,36,4
ARTHUR,F,2017,37,1
ARTHUR,F,2017,38,4
ARTHUR,F,2017,39,6
ARTHUR,F,2017,40,3
ARTHUR,F,2017,41,6
ARTHUR,F,2017,42,5
ARTHUR,F,2017,43,9
ARTHUR,F,2017,44,2
ARTHUR,F,2017,45,2
ARTHUR,F,2017,46,4
ARTHUR,F,2017,47,3
ARTHUR,F,2017,48,4
ARTHUR,F,2017,49,6
ARTHUR,F,2017,50,6
ARTHUR,F,2017,51,4
ARTHUR,F,2017,52,2
ARTHUR,F,2017,53,9
ARTHUR,F,2017,54,2
ARTHUR,F,2017,55,2
ARTHUR,F,2017,56,4
ARTHUR,F,2017,57,3
ARTHUR,F,2017,58,5
ARTHUR,F,2017,59,8
ARTHUR,F,2017,60,8
ARTHUR,F,2017,61,4
ARTHUR,F,2017,62,8
ARTHUR,F,2017,63,4
ARTHUR,F,2017,64,3
ARTHUR,F,2017,65,5
ARTHUR,F,2017,66,4
ARTHUR,F,2017,67,3
ARTHUR,F,2017,68,4
ARTHUR,F,2017,69,5
ARTHUR,F,2017,70,7
ARTHUR,F,2017,71,2
ARTHUR,F,2017,72,6
ARTHUR,F,2017,73,2
ARTHUR,F,2017,74,3
ARTHUR,F,2017,76,1
ARTHUR,F,2017,77,5
ARTHUR,F,2017,78,6
ARTHUR,F,2017,79,9
ARTHUR,F,2017,80,2
ARTHUR,F,2017,81,5
ARTHUR,F,2017,82,1
ARTHUR,F,2017,83,4
ARTHUR,F,2017,84,3
ARTHUR,F,2017,85,5
ARTHUR,F,2017,86,6
ARTHUR,F,2017,87,8
ARTHUR,F,2017,88,5
ARTHUR,F,2017,89,5
ARTHUR,F,2017,90,1
ARTHUR,F,2017,91,4
ARTHUR,F,2017,92,2
ARTHUR,F,2017,93,8
ARTHUR,F,2017,94,4
ARTHUR,F,2017,95,7
ARTHUR,M,2017,01,4
ARTHUR,M,2017,02,4
ARTHUR,M,2017,03,1
ARTHUR,M,2017,04,1
ARTHUR,M,2017,05,5
ARTHUR,M,2017,06,6
ARTHUR,M,2017,07,4
ARTHUR,M,2017,08,2
ARTHUR,M,2017,10,4
ARTHUR,M,2017,11,6
ARTHUR,M,2017,13,3
ARTHUR,M,2017,14,4
ARTHUR,M,2017,15,5
ARTHUR,M,2017,16,4
ARTHUR,M,2017,17,2
ARTHUR,M,2017,18,2
ARTHUR,M,2017,19,3
ARTHUR,M,2017,21,6
ARTHUR,M,2017,22,1
ARTHUR,M,2017,23,3
ARTHUR,M,2017,24,4
ARTHUR,M,2017,25,6
ARTHUR,M,2017,26,4
ARTHUR,M,2017,28,7
ARTHUR,M,2017,29,3
ARTHUR,M,2017,2A,3
ARTHUR,M,2017,2B,1
ARTHUR,M,2017,30,6
ARTHUR,M,2017,31,4
ARTHUR,M,2017,32,6
ARTHUR,M,2017,33,4
ARTHUR,M,2017,34,4
ARTHUR,M,2017,35,2
ARTHUR,M,2017,36,3
ARTHUR,M,2017,37,3
ARTHUR,M,2017,38,5
ARTHUR,M,2017,39,4
ARTHUR,M,2017,40,3
ARTHUR,M,2017,41,2
ARTHUR,M,2017,42,3
ARTHUR,M,2017,43,7
ARTHUR,M,2017,44,4
ARTHUR,M,2017,45,3
ARTHUR,M,2017,46,8
ARTHUR,M,2017,47,10
ARTHUR,M,2017,48,3
ARTHUR,M,2017,49,4
ARTHUR,M,2017,50,5
ARTHUR,M,2017,51,3
ARTHUR,M,2017,52,6
ARTHUR,M,2017,53,6
ARTHUR,M,2017,54,1
ARTHUR,M,2017,55,4
ARTHUR,M,2017,57,3
ARTHUR,M,2017,58,2
ARTHUR,M,2017,59,4
ARTHUR,M,2017,60,8
ARTHUR,M,2017,61,2
ARTHUR,M,2017,62,3
ARTHUR,M,2017,63,5
ARTHUR,M,2017,64,2
ARTHUR,M,2017,65,9
ARTHUR,M,2017,66,3
ARTHUR,M,2017,67,5
ARTHUR,M,2017,68,11
ARTHUR,M,2017,69,6
ARTHUR,M,2017,70,5
ARTHUR,M,2017,71,3
ARTHUR,M,2017,72,2
ARTHUR,M,2017,73,4
ARTHUR,M,2017,74,2
ARTHUR,M,2017,75,9
ARTHUR,M,2017,76,4
ARTHUR,M,2017,77,4
ARTHUR,M,2017,78,2
ARTHUR,M,2017,79,2
ARTHUR,M,2017,80,2
ARTHUR,M,2017,81,3
ARTHUR,M,2017,82,2
ARTHUR,M,2017,83,2
ARTHUR,M,2017,84,3
ARTHUR,M,2017,85,6
ARTHUR,M,2017,86,6
ARTHUR,M,2017,87,4
ARTHUR,M,2017,88,4
ARTHUR,M,2017,89,9
ARTHUR,M,2017,90,4
ARTHUR,M,2017,91,9
ARTHUR,M,2017,92,3
ARTHUR,M,2017,93,3
ARTHUR,M,2017,94,8
ARTHUR,M,2017,95,7
MAELIG,F,2018,01,4
MAELIG,F,2018,02,6
MAELIG,F,2018,03,5
MAELIG,F,2018,04,5
MAELIG,F,2018,05,6
MAELIG,F,2018,06,2
MAELIG,F,2018,07,7
MAELIG,F,2018,08,4
MAELIG,F,2018,09,1
MAELIG,F,2018,10,2
MAELIG,F,2018,11,3
MAELIG,F,2018,12,1
MAELIG,F,2018,13,4
MAELIG,F,2018,14,1
MAELIG,F,2018,15,4
MAELIG,F,2018,16,1
MAELIG,F,2018,17,3
MAELIG,F,2018,18,3
MAELIG,F,2018,19,3
MAELIG,F,2018,21,2
MAELIG,F,2018,22,27
MAELIG,F,2018,23,4
MAELIG,F,2018,24,2
MAELIG,F,2018,25,3
MAELIG,F,2018,26,6
MAELIG,F,2018,27,4
MAELIG,F,2018,28,3
MAELIG,F,2018,29,19
MAELIG,F,2018,2A,3
MAELIG,F,2018,2B,4
MAELIG,F,2018,30,7
MAELIG,F,2018,31,3
MAELIG,F,2018,32,5
MAELIG,F,2018,33,2
MAELIG,F,2018,34,3
MAELIG,F,2018,35,21
MAELIG,F,2018,36,3
MAELIG,F,2018,37,5
MAELIG,F,2018,38,1
MAELIG,F,2018,39,2
MAELIG,F,2018,40,5
MAELIG,F,2018,41,4
MAELIG,F,2018,42,5
MAELIG,F,2018,43,1
MAELIG,F,2018,44,18
MAELIG,F,2018,45,6
MAELIG,F,2018,46,2
MAELIG,F,2018,47,6
MAELIG,F,2018,48,4
MAELIG,F,2018,49,2
MAELIG,F,2018,50,7
MAELIG,F,2018,51,4
MAELIG,F,2018,52,4
MAELIG,F,2018,53,5
MAELIG,F,2018,54,5
MAELIG,F,2018,55,4
MAELIG,F,2018,56,20
MAELIG,F,2018,57,6
MAELIG,F,2018,58,7
MAELIG,F,2018,59,5
MAELIG,F,2018,60,2
MAELIG,F,2018,61,2
MAELIG,F,2018,62,4
MAELIG,F,2018,63,9
MAELIG,F,2018,64,4
MAELIG,F,2018,65,2
MAELIG,F,2018,66,3
MAELIG,F,2018,67,8
MAELIG,F,2018,68,6
MAELIG,F,2018,69,8
MAELIG,F,2018,70,2
MAELIG,F,2018,71,3
MAELIG,F,2018,72,7
MAELIG,F,2018,73,3
MAELIG,F,2018,74,4
MAELIG,F,2018,75,4
MAELIG,F,2018,76,4
MAELIG,F,2018,77,5
MAELIG,F,2018,78,5
MAELIG,F,2018,79,2
MAELIG,F,2018,80,3
MAELIG,F,2018,82,1
MAELIG,F,2018,83,4
MAELIG,F,2018,84,4
MAELIG,F,2018,85,2
MAELIG,F,2018,86,1
MAELIG,F,2018,87,4
MAELIG,F,2018,88,5
MAELIG,F,2018,89,3
MAELIG,F,2018,90,8
MAELIG,F,2018,91,1
MAELIG,F,2018,92,5
MAELIG,F,2018,93,4
MAELIG,F,2018,94,3
MAELIG,F,2018,95,7
MAELIG,M,2018,01,4
MAELIG,M,2018,02,2
MAELIG,M,2018,03,2
MAELIG,M,2018,04,3
MAELIG,M,2018,05,7
MAELIG,M,2018,06,6
MAELIG,M,2018,07,3
MAELIG,M,2018,08,3
MAELIG,M,2018,09,3
MAELIG,M,2018,10,6
MAELIG,M,2018,11,3
MAELIG,M,2018,12,5
MAELIG,M,2018,13,4
MAELIG,M,2018,14,2
MAELIG,M,2018,15,5
MAELIG,M,2018,16,4
MAELIG,M,2018,17,4
MAELIG,M,2018,18,4
MAELIG,M,2018,19,5
MAELIG,M,2018,21,3
MAELIG,M,2018,22,20
MAELIG,M,2018,23,4
MAELIG,M,2018,24,2
MAELIG,M,2018,25,2
MAELIG,M,2018,26,5
MAELIG,M,2018,27,4
MAELIG,M,2018,28,2
MAELIG,M,2018,29,35
MAELIG,M,2018,2A,4
MAELIG,M,2018,2B,2
MAELIG,M,2018,30,2
MAELIG,M,2018,31,1
MAELIG,M,2018,33,4
MAELIG,M,2018,34,6
MAELIG,M,2018,35,20
MAELIG,M,2018,36,3
MAELIG,M,2018,37,4
MAELIG,M,2018,38,2
MAELIG,M,2018,39,4
MAELIG,M,2018,40,3
MAELIG,M,2018,41,5
MAELIG,M,2018,42,4
MAELIG,M,2018,43,2
MAELIG,M,2018,44,11
MAELIG,M,2018,45,1
MAELIG,M,2018,46,3
MAELIG,M,2018,47,3
MAELIG,M,2018,48,1
MAELIG,M,2018,49,1
MAELIG,M,2018,50,6
MAELIG,M,2018,51,1
MAELIG,M,2018,52,8
MAELIG,M,2018,53,5
MAELIG,M,2018,54,7
MAELIG,M,2018,55,4
MAELIG,M,2018,56,28
MAELIG,M,2018,57,1
MAELIG,M,2018,58,6
MAELIG,M,2018,59,4
MAELIG,M,2018,60,7
MAELIG,M,2018,61,4
MAELIG,M,2018,62,1
MAELIG,M,2018,63,5
MAELIG,M,2018,64,3
MAELIG,M,2018,65,5
MAELIG,M,2018,66,6
MAELIG,M,2018,67,1
MAELIG,M,2018,68,6
MAELIG,M,2018,69,3
MAELIG,M,2018,70,3
MAELIG,M,2018,71,5
MAELIG,M,2018,72,3
MAELIG,M,2018,73,2
MAELIG,M,2018,74,6
MAELIG,M,2018,75,1
MAELIG,M,2018,76,1
MAELIG,M,2018,77,8
MAELIG,M,2018,78,4
MAELIG,M,2018,79,2
MAELIG,M,2018,80,4
MAELIG,M,2018,81,2
MAELIG,M,2018,82,4
MAELIG,M,2018,83,2
MAELIG,M,2018,84,5
MAELIG,M,2018,85,6
MAELIG,M,2018,86,3
MAELIG,M,2018,87,5
MAELIG,M,2018,88,5
MAELIG,M,2018,89,4
MAELIG,M,2018,90,1
MAELIG,M,2018,91,5
MAELIG,M,2018,92,4
MAELIG,M,2018,93,1
MAELIG,M,2018,94,1
MAELIG,M,2018,95,4
LOUISE,F,2018,01,2
LOUISE,F,2018,02,4
LOUISE,F,2018,03,3
LOUISE,F,2018,04,2
LOUISE,F,2018,05,1
LOUISE,F,2018,06,3
LOUISE,F,2018,07,11
LOUISE,F,2018,08,4
LOUISE,F,2018,09,3
LOUISE,F,2018,10,2
LOUISE,F,2018,12,3
LOUISE,F,2018,13,4
LOUISE,F,2018,14,7
LOUISE,F,2018,15,3
LOUISE,F,2018,16,4
LOUISE,F,2018,17,4
LOUISE,F,2018,18,6
LOUISE,F,2018,19,1
LOUISE,F,2018,21,5
LOUISE,F,2018,22,2
LOUISE,F,2018,23,2
LOUISE,F,2018,24,5
LOUISE,F,2018,25,1
LOUISE,F,2018,26,4
LOUISE,F,2018,27,1
LOUISE,F,2018,28,3
LOUISE,F,2018,29,8
LOUISE,F,2018,2A,6
LOUISE,F,2018,2B,4
LOUISE,F,2018,30,3
LOUISE,F,2018,31,6
LOUISE,F,2018,32,4
LOUISE,F,2018,33,3
LOUISE,F,2018,34,4
LOUISE,F,2018,35,2
LOUISE,F,2018,36,4
LOUISE,F,2018,37,3
LOUISE,F,2018,38,5
LOUISE,F,2018,39,4
LOUISE,F,2018,40,5
LOUISE,F,2018,41,6
LOUISE,F,2018,43,2
LOUISE,F,2018,44,10
LOUISE,F,2018,45,5
LOUISE,F,2018,46,2
LOUISE,F,2018,47,2
LOUISE,F,2018,48,3
LOUISE,F,2018,49,3
LOUISE,F,2018,50,5
LOUISE,F,2018,51,5
LOUISE,F,2018,52,5
LOUISE,F,2018,53,4
LOUISE,F,2018,54,2
LOUISE,F,2018,55,3
LOUISE,F,2018,56,6
LOUISE,F,2018,57,3
LOUISE,F,2018,58,5
LOUISE,F,2018,59,6
LOUISE,F,2018,60,2
LOUISE,F,2018,61,1
LOUISE,F,2018,62,1
LOUISE,F,2018,63,2
LOUISE,F,2018,64,3
LOUISE,F,2018,65,5
LOUISE,F,2018,66,1
LOUISE,F,2018,67,5
LOUISE,F,2018,68,5
LOUISE,F,2018,69,4
LOUISE,F,2018,70,4
LOUISE,F,2018,71,2
LOUISE,F,2018,72,5
LOUISE,F,2018,73,3
LOUISE,F,2018,74,4
LOUISE,F,2018,75,7
LOUISE,F,2018,76,5
LOUISE,F,2018,77,9
LOUISE,F,2018,78,6
LOUISE,F,2018,79,3
LOUISE,F,2018,81,2
LOUISE,F,2018,82,6
LOUISE,F,2018,83,1
LOUISE,F,2018,84,5
LOUISE,F,2018,85,3
LOUISE,F,2018,86,3
LOUISE,F,2018,87,7
LOUISE,F,2018,88,4
LOUISE,F,2018,89,4
LOUISE,F,2018,90,6
LOUISE,F,2018,93,4
LOUISE,F,2018,94,3
LOUISE,F,2018,95,4
LOUISE,M,2018,01,6
LOUISE,M,2018,02,2
LOUISE,M,2018,03,1
LOUISE,M,2018,04,6
LOUISE,M,2018,05,3
LOUISE,M,2018,06,6
LOUISE,M,2018,07,3
LOUISE,M,2018,08,5
LOUISE,M,2018,09,5
LOUISE,M,2018,10,3
LOUISE,M,2018,11,2
LOUISE,M,2018,12,5
LOUISE,M,2018,13,1
LOUISE,M,2018,14,4
LOUISE,M,2018,15,4
LOUISE,M,2018,16,5
LOUISE,M,2018,17,2
LOUISE,M,2018,18,7
LOUISE,M,2018,19,3
LOUISE,M,2018,21,6
LOUISE,M,2018,22,7
LOUISE,M,2018,23,4
LOUISE,M,2018,24,4
LOUISE,M,2018,25,2
LOUISE,M,2018,26,1
LOUISE,M,2018,27,8
LOUISE,M,2018,28,6
LOUISE,M,2018,29,1
LOUISE,M,2018,2A,3
LOUISE,M,2018,2B,4
LOUISE,M,2018,30,2
LOUISE,M,2018,31,3
LOUISE,M,2018,32,7
LOUISE,M,2018,33,3
LOUISE,M,2018,34,7
LOUISE,M,2018,35,4
LOUISE,M,2018,36,2
LOUISE,M,2018,37,2
LOUISE,M,2018,38,9
LOUISE,M,2018,39,2
LOUISE,M,2018,40,1
LOUISE,M,2018,41,5
LOUISE,M,2018,42,4
LOUISE,M,2018,43,1
LOUISE,M,2018,44,2
LOUISE,M,2018,45,2
LOUISE,M,2018,46,3
LOUISE,M,2018,47,7
LOUISE,M,2018,48,6
LOUISE,M,2018,49,3
LOUISE,M,2018,50,2
LOUISE,M,2018,51,2
LOUISE,M,2018,52,5
LOUISE,M,2018,53,4
LOUISE,M,2018,54,3
LOUISE,M,2018,55,3
LOUISE,M,2018,56,6
LOUISE,M,2018,57,6
LOUISE,M,2018,58,4
LOUISE,M,2018,59,2
LOUISE,M,2018,60,6
LOUISE,M,2018,61,3
LOUISE,M,2018,62,1
LOUISE,M,2018,63,7
LOUISE,M,2018,64,2
LOUISE,M,2018,65,4
LOUISE,M,2018,66,4
LOUISE,M,2018,67,4
LOUISE,M,2018,68,4
LOUISE,M,2018,69,6
LOUISE,M,2018,70,3
LOUISE,M,2018,71,4
LOUISE,M,2018,72,4
LOUISE,M,2018,73,2
LOUISE,M,2018,74,1
LOUISE,M,2018,75,3
LOUISE,M,2018,76,5
LOUISE,M,2018,77,3
LOUISE,M,2018,78,4
LOUISE,M,2018,79,2
LOUISE,M,2018,80,3
LOUISE,M,2018,81,4
LOUISE,M,2018,82,6
LOUISE,M,2018,83,3
LOUISE,M,2018,84,6
LOUISE,M,2018,85,5
LOUISE,M,2018,86,3
LOUISE,M,2018,87,4
LOUISE,M,2018,88,4
LOUISE,M,2018,89,2
LOUISE,M,2018,90,8
LOUISE,M,2018,91,5
LOUISE,M,2018,92,4
LOUISE,M,2018,93,2
LOUISE,M,2018,94,7
LOUISE,M,2018,95,2
GABRIEL,F,2018,01,2
GABRIEL,F,2018,02,2
GABRIEL,F,2018,03,2
GABRIEL,F,2018,04,7
GABRIEL,F,2018,05,4
GABRIEL,F,2018,06,4
GABRIEL,F,2018,07,2
GABRIEL,F,2018,08,3
GABRIEL,F,2018,09,3
GABRIEL,F,2018,10,3
GABRIEL,F,2018,11,4
GABRIEL,F,2018,12,6
GABRIEL,F,2018,13,6
GABRIEL,F,2018,14,3
GABRIEL,F,2018,15,7
GABRIEL,F,2018,16,7
GABRIEL,F,2018,17,4
GABRIEL,F,2018,18,1
GABRIEL,F,2018,19,5
GABRIEL,F,2018,22,3
GABRIEL,F,2018,23,2
GABRIEL,F,2018,24,2
GABRIEL,F,2018,25,4
GABRIEL,F,2018,26,6
GABRIEL,F,2018,27,5
GABRIEL,F,2018,28,3
GABRIEL,F,2018,29,4
GABRIEL,F,2018,2A,7
GABRIEL,F,2018,2B,4
GABRIEL,F,2018,30,5
GABRIEL,F,2018,31,4
GABRIEL,F,2018,32,3
GABRIEL,F,2018,33,6
GABRIEL,F,2018,34,6
GABRIEL,F,2018,35,4
GABRIEL,F,2018,36,2
GABRIEL,F,2018,37,3
GABRIEL,F,2018,38,3
GABRIEL,F,2018,39,2
GABRIEL,F,2018,40,3
GABRIEL,F,2018,41,3
GABRIEL,F,2018,42,1
GABRIEL,F,2018,43,2
GABRIEL,F,2018,44,4
GABRIEL,F,2018,45,5
GABRIEL,F,2018,46,5
GABRIEL,F,2018,47,3
GABRIEL,F,2018,48,6
GABRIEL,F,2018,49,2
GABRIEL,F,2018,50,6
GABRIEL,F,2018,51,6
GABRIEL,F,2018,52,6
GABRIEL,F,2018,53,3
GABRIEL,F,2018,54,5
GABRIEL,F,2018,55,6
GABRIEL,F,2018,56,5
GABRIEL,F,2018,57,5
GABRIEL,F,2018,58,5
GABRIEL,F,2018,59,3
GABRIEL,F,2018,60,2
GABRIEL,F,2018,61,4
GABRIEL,F,2018,62,2
GABRIEL,F,2018,63,5
GABRIEL,F,2018,64,4
GABRIEL,F,2018,65,4
GABRIEL,F,2018,66,2
GABRIEL,F,2018,67,6
GABRIEL,F,2018,68,4
GABRIEL,F,2018,69,1
GABRIEL,F,2018,70,4
GABRIEL,F,2018,71,6
GABRIEL,F,2018,72,8
GABRIEL,F,2018,73,3
GABRIEL,F,2018,74,3
GABRIEL,F,2018,75,1
GABRIEL,F,2018,76,2
GABRIEL,F,2018,77,3
GABRIEL,F,2018,78,4
GABRIEL,F,2018,79,3
GABRIEL,F,2018,80,4
GABRIEL,F,2018,81,9
GABRIEL,F,2018,82,6
GABRIEL,F,2018,83,3
GABRIEL,F,2018,84,1
GABRIEL,F,2018,85,3
GABRIEL,F,2018,86,5
GABRIEL,F,2018,87,7
GABRIEL,F,2018,88,4
GABRIEL,F,2018,89,5
GABRIEL,F,2018,90,3
GABRIEL,F,2018,91,6
GABRIEL,F,2018,92,5
GABRIEL,F,2018,93,7
GABRIEL,F,2018,94,4
GABRIEL,F,2018,95,3
GABRIEL,M,2018,01,6
GABRIEL,M,2018,02,3
GABRIEL,M,2018,03,3
GABRIEL,M,2018,04,1
GABRIEL,M,2018,05,6
GABRIEL,M,2018,06,5
GABRIEL,M,2018,07,9
GABRIEL,M,2018,08,4
GABRIEL,M,2018,09,2
GABRIEL,M,2018,10,5
GABRIEL,M,2018,11,4
GABRIEL,M,2018,12,4
GABRIEL,M,2018,13,7
GABRIEL,M,2018,14,3
GABRIEL,M,2018,15,4
GABRIEL,M,2018,16,4
GABRIEL,M,2018,18,1
GABRIEL,M,2018,19,6
GABRIEL,M,2018,21,6
GABRIEL,M,2018,22,8
GABRIEL,M,2018,23,5
GABRIEL,M,2018,24,3
GABRIEL,M,2018,25,6
GABRIEL,M,2018,26,3
GABRIEL,M,2018,27,4
GABRIEL,M,2018,28,5
GABRIEL,M,2018,29,4
GABRIEL,M,2018,2A,4
GABRIEL,M,2018,2B,6
GABRIEL,M,2018,30,2
GABRIEL,M,2018,31,4
GABRIEL,M,2018,32,7
GABRIEL,M,2018,33,3
GABRIEL,M,2018,34,3
GABRIEL,M,2018,35,3
GABRIEL,M,2018,36,2
GABRIEL,M,2018,37,4
GABRIEL,M,2018,38,1
GABRIEL,M,2018,39,1
GABRIEL,M,2018,40,5
GABRIEL,M,2018,41,6
GABRIEL,M,2018,42,4
GABRIEL,M,2018,43,3
GABRIEL,M,2018,44,4
GABRIEL,M,2018,45,5
GABRIEL,M,2018,46,2
GABRIEL,M,2018,47,2
GABRIEL,M,2018,48,4
GABRIEL,M,2018,49,1
GABRIEL,M,2018,50,5
GABRIEL,M,2018,51,6
GABRIEL,M,2018,52,1
GABRIEL,M,2018,53,7
GABRIEL,M,2018,54,6
GABRIEL,M,2018,55,3
GABRIEL,M,2018,56,4
GABRIEL,M,2018,57,5
GABRIEL,M,2018,58,3
GABRIEL,M,2018,59,4
GABRIEL,M,2018,60,3
GABRIEL,M,2018,61,7
GABRIEL,M,2018,62,5
GABRIEL,M,2018,63,3
GABRIEL,M,2018,64,4
GABRIEL,M,2018,65,6
GABRIEL,M,2018,66,5
GABRIEL,M,2018,67,4
GABRIEL,M,2018,68,2
GABRIEL,M,2018,69,6
GABRIEL,M,2018,70,5
GABRIEL,M,2018,71,1
GABRIEL,M,2018,72,5
GABRIEL,M,2018,73,2
GABRIEL,M,2018,74,3
GABRIEL,M,2018,75,3
GABRIEL,M,2018,76,4
GABRIEL,M,2018,77,3
GABRIEL,M,2018,78,4
GABRIEL,M,2018,79,4
GABRIEL,M,2018,80,8
GABRIEL,M,2018,81,2
GABRIEL,M,2018,82,4
GABRIEL,M,2018,83,3
GABRIEL,M,2018,84,8
GABRIEL,M,2018,85,2
GABRIEL,M,2018,86,2
GABRIEL,M,2018,87,4
GABRIEL,M,2018,88,5
GABRIEL,M,2018,89,3
GABRIEL,M,2018,90,6
GABRIEL,M,2018,91,5
GABRIEL,M,2018,92,1
GABRIEL,M,2018,93,5
GABRIEL,M,2018,94,1
JADE,F,2018,01,3
JADE,F,2018,02,4
JADE,F,2018,03,4
JADE,F,2018,04,2
JADE,F,2018,05,4
JADE,F,2018,06,4
JADE,F,2018,08,7
JADE,F,2018,09,3
JADE,F,2018,10,5
JADE,F,2018,11,3
JADE,F,2018,12,5
JADE,F,2018,13,6
JADE,F,2018,14,1
JADE,F,2018,15,4
JADE,F,2018,16,3
JADE,F,2018,17,2
JADE,F,2018,18,2
JADE,F,2018,19,5
JADE,F,2018,21,4
JADE,F,2018,22,1
JADE,F,2018,23,3
JADE,F,2018,24,4
JADE,F,2018,25,3
JADE,F,2018,26,8
JADE,F,2018,27,6
JADE,F,2018,28,4
JADE,F,2018,29,2
JADE,F,2018,2A,1
JADE,F,2018,2B,4
JADE,F,2018,30,8
JADE,F,2018,31,6
JADE,F,2018,32,4
JADE,F,2018,33,5
JADE,F,2018,34,4
JADE,F,2018,35,2
JADE,F,2018,36,4
JADE,F,2018,37,4
JADE,F,2018,38,5
JADE,F,2018,39,4
JADE,F,2018,40,1
JADE,F,2018,41,3
JADE,F,2018,42,4
JADE,F,2018,43,7
JADE,F,2018,44,6
JADE,F,2018,45,5
JADE,F,2018,46,6
JADE,F,2018,47,4
JADE,F,2018,48,4
JADE,F,2018,49,1
JADE,F,2018,50,3
JADE,F,2018,51,4
JADE,F,2018,52,3
JADE,F,2018,53,3
JADE,F,2018,54,5
JADE,F,2018,55,1
JADE,F,2018,56,3
JADE,F,2018,57,10
JADE,F,2018,58,4
JADE,F,2018,59,3
JADE,F,2018,60,4
JADE,F,2018,61,3
JADE,F,2018,62,5
JADE,F,2018,63,2
JADE,F,2018,64,5
JADE,F,2018,65,3
JADE,F,2018,66,3
JADE,F,2018,67,9
JADE,F,2018,68,2
JADE,F,2018,69,4
JADE,F,2018,70,3
JADE,F,2018,72,3
JADE,F,2018,73,2
JADE,F,2018,75,3
JADE,F,2018,76,4
JADE,F,2018,77,5
JADE,F,2018,78,5
JADE,F,2018,79,3
JADE,F,2018,80,5
JADE,F,2018,81,7
JADE,F,2018,82,7
JADE,F,2018,83,6
JADE,F,2018,84,1
JADE,F,2018,85,5
JADE,F,2018,86,2
JADE,F,2018,87,2
JADE,F,2018,88,6
JADE,F,2018,89,6
JADE,F,2018,90,4
JADE,F,2018,91,2
JADE,F,2018,92,11
JADE,F,2018,93,3
JADE,F,2018,94,10
JADE,F,2018,95,3
JADE,M,2018,01,2
JADE,M,2018,02,2
JADE,M,2018,03,7
JADE,M,2018,04,2
JADE,M,2018,05,5
JADE,M,2018,06,4
JADE,M,2018,07,4
JADE,M,2018,08,6
JADE,M,2018,09,3
JADE,M,2018,10,6
JADE,M,2018,11,3
JADE,M,2018,12,3
JADE,M,2018,13,4
JADE,M,2018,14,3
JADE,M,2018,15,8
JADE,M,2018,16,10
JADE,M,2018,17,3
JADE,M,2018,18,4
JADE,M,2018,19,2
JADE,M,2018,21,5
JADE,M,2018,22,3
JADE,M,2018,23,6
JADE,M,2018,24,2
JADE,M,2018,25,7
JADE,M,2018,26,2
JADE,M,2018,27,6
JADE,M,2018,28,7
JADE,M,2018,29,9
JADE,M,2018,2A,7
JADE,M,2018,2B,3
JADE,M,2018,30,5
JADE,M,2018,31,4
JADE,M,2018,32,1
JADE,M,2018,33,4
JADE,M,2018,34,3
JADE,M,2018,35,2
JADE,M,2018,36,5
JADE,M,2018,37,3
JADE,M,2018,38,6
JADE,M,2018,39,2
JADE,M,2018,40,4
JADE,M,2018,41,5
JADE,M,2018,42,5
JADE,M,2018,43,3
JADE,M,2018,44,3
JADE,M,2018,45,5
JADE,M,2018,46,4
JADE,M,2018,47,3
JADE,M,2018,48,2
JADE,M,2018,49,4
JADE,M,2018,50,4
JADE,M,2018,51,2
JADE,M,2018,52,1
JADE,M,2018,53,3
JADE,M,2018,54,3
JADE,M,2018,55,4
JADE,M,2018,56,4
JADE,M,2018,57,3
JADE,M,2018,58,4
JADE,M,2018,59,4
JADE,M,2018,60,3
JADE,M,2018,61,6
JADE,M,2018,62,4
JADE,M,2018,63,1
JADE,M,2018,64,6
JADE,M,2018,65,3
JADE,M,2018,66,3
JADE,M,2018,67,2
JADE,M,2018,68,5
JADE,M,2018,69,4
JADE,M,2018,70,5
JADE,M,2018,71,2
JADE,M,2018,72,3
JADE,M,2018,73,2
JADE,M,2018,74,5
JADE,M,2018,75,8
JADE,M,2018,76,3
JADE,M,2018,77,5
JADE,M,2018,78,5
JADE,M,2018,79,9
JADE,M,2018,80,4
JADE,M,2018,81,5
JADE,M,2018,82,2
JADE,M,2018,83,4
JADE,M,2018,84,8
JADE,M,2018,85,4
JADE,M,2018,86,7
JADE,M,2018,87,5
JADE,M,2018,88,5
JADE,M,2018,89,3
JADE,M,2018,90,4
JADE,M,2018,91,5
JADE,M,2018,92,2
JADE,M,2018,93,5
JADE,M,2018,94,4
JADE,M,2018,95,4
ARTHUR,F,2018,01,6
ARTHUR,F,2018,02,4
ARTHUR,F,2018,03,1
ARTHUR,F,2018,04,3
ARTHUR,F,2018,05,2
ARTHUR,F,2018,06,4
ARTHUR,F,2018,07,1
ARTHUR,F,2018,08,3
ARTHUR,F,2018,09,2
ARTHUR,F,2018,10,2
ARTHUR,F,2018,11,6
ARTHUR,F,2018,12,8
ARTHUR,F,2018,13,7
ARTHUR,F,2018,14,2
ARTHUR,F,2018,15,3
ARTHUR,F,2018,16,4
ARTHUR,F,2018,17,3
ARTHUR,F,2018,18,5
ARTHUR,F,2018,19,7
ARTHUR,F,2018,21,3
ARTHUR,F,2018,22,4
ARTHUR,F,2018,23,4
ARTHUR,F,2018,24,5
ARTHUR,F,2018,25,6
ARTHUR,F,2018,26,4
ARTHUR,F,2018,27,5
ARTHUR,F,2018,28,5
ARTHUR,F,2018,29,1
ARTHUR,F,2018,2A,4
ARTHUR,F,2018,2B,4
ARTHUR,F,2018,30,1
ARTHUR,F,2018,31,8
ARTHUR,F,2018,32,3
ARTHUR,F,2018,33,6
ARTHUR,F,2018,34,4
ARTHUR,F,2018,35,3
ARTHUR,F,2018,36,3
ARTHUR,F,2018,37,4
ARTHUR,F,2018,38,5
ARTHUR,F,2018,39,3
ARTHUR,F,2018,40,4
ARTHUR,F,2018,41,7
ARTHUR,F,2018,42,6
ARTHUR,F,2018,43,5
ARTHUR,F,2018,44,3
ARTHUR,F,2018,45,8
ARTHUR,F,2018,46,5
ARTHUR,F,2018,47,4
ARTHUR,F,2018,48,4
ARTHUR,F,2018,49,5
ARTHUR,F,2018,50,5
ARTHUR,F,2018,51,3
ARTHUR,F,2018,52,5
ARTHUR,F,2018,53,5
ARTHUR,F,2018,54,1
ARTHUR,F,2018,55,4
ARTHUR,F,2018,56,3
ARTHUR,F,2018,57,6
ARTHUR,F,2018,58,2
ARTHUR,F,2018,59,4
ARTHUR,F,2018,60,8
ARTHUR,F,2018,61,3
ARTHUR,F,2018,62,6
ARTHUR,F,2018,63,7
ARTHUR,F,2018,64,4
ARTHUR,F,2018,66,4
ARTHUR,F,2018,67,5
ARTHUR,F,2018,68,7
ARTHUR,F,2018,69,2
ARTHUR,F,2018,70,2
ARTHUR,F,2018,71,6
ARTHUR,F,2018,72,2
ARTHUR,F,2018,73,3
ARTHUR,F,2018,74,4
ARTHUR,F,2018,75,7
ARTHUR,F,2018,76,2
ARTHUR,F,2018,77,4
ARTHUR,F,2018,78,2
ARTHUR,F,2018,79,6
ARTHUR,F,2018,80,4
ARTHUR,F,2018,81,4
ARTHUR,F,2018,82,4
ARTHUR,F,2018,84,6
ARTHUR,F,2018,85,1
ARTHUR,F,2018,86,3
ARTHUR,F,2018,87,3
ARTHUR,F,2018,88,3
ARTHUR,F,2018,89,6
ARTHUR,F,2018,90,8
ARTHUR,F,2018,91,6
ARTHUR,F,2018,92,4
ARTHUR,F,2018,93,7
ARTHUR,F,2018,94,5
ARTHUR,F,2018,95,3
ARTHUR,M,2018,01,3
ARTHUR,M,2018,02,3
ARTHUR,M,2018,03,6
ARTHUR,M,2018,04,4
ARTHUR,M,2018,05,1
ARTHUR,M,2018,06,4
ARTHUR,M,2018,07,5
ARTHUR,M,2018,08,8
ARTHUR,M,2018,09,3
ARTHUR,M,2018,11,5
ARTHUR,M,2018,12,4
ARTHUR,M,2018,13,3
ARTHUR,M,2018,14,3
ARTHUR,M,2018,15,4
ARTHUR,M,2018,16,3
ARTHUR,M,2018,17,3
ARTHUR,M,2018,18,5
ARTHUR,M,2018,19,2
ARTHUR,M,2018,21,2
ARTHUR,M,2018,22,4
ARTHUR,M,2018,23,3
ARTHUR,M,2018,24,2
ARTHUR,M,2018,25,7
ARTHUR,M,2018,26,4
ARTHUR,M,2018,27,6
ARTHUR,M,2018,28,3
ARTHUR,M,2018,29,3
ARTHUR,M,2018,2A,8
ARTHUR,M,2018,2B,8
ARTHUR,M,2018,30,6
ARTHUR,M,2018,31,4
ARTHUR,M,2018,32,4
ARTHUR,M,2018,33,3
ARTHUR,M,2018,34,2
ARTHUR,M,2018,35,4
ARTHUR,M,2018,36,4
ARTHUR,M,2018,37,3
ARTHUR,M,2018,38,5
ARTHUR,M,2018,39,2
ARTHUR,M,2018,40,1
ARTHUR,M,2018,41,7
ARTHUR,M,2018,42,1
ARTHUR,M,2018,43,2
ARTHUR,M,2018,44,3
ARTHUR,M,2018,46,3
ARTHUR,M,2018,47,7
ARTHUR,M,2018,48,5
ARTHUR,M,2018,49,2
ARTHUR,M,2018,50,5
ARTHUR,M,2018,51,2
ARTHUR,M,2018,52,3
ARTHUR,M,2018,54,3
ARTHUR,M,2018,55,8
ARTHUR,M,2018,56,2
ARTHUR,M,2018,57,4
ARTHUR,M,2018,58,5
ARTHUR,M,2018,59,5
ARTHUR,M,2018,60,2
ARTHUR,M,2018,61,4
ARTHUR,M,2018,62,6
ARTHUR,M,2018,63,3
ARTHUR,M,2018,64,3
ARTHUR,M,2018,65,3
ARTHUR,M,2018,66,4
ARTHUR,M,2018,67,6
ARTHUR,M,2018,68,4
ARTHUR,M,2018,69,1
ARTHUR,M,2018,70,3
ARTHUR,M,2018,71,6
ARTHUR,M,2018,72,8
ARTHUR,M,2018,73,8
ARTHUR,M,2018,74,5
ARTHUR,M,2018,75,1
ARTHUR,M,2018,76,3
ARTHUR,M,2018,77,6
ARTHUR,M,2018,78,2
ARTHUR,M,2018,79,3
ARTHUR,M,2018,80,2
ARTHUR,M,2018,81,4
ARTHUR,M,2018,82,2
ARTHUR,M,2018,83,3
ARTHUR,M,2018,84,6
ARTHUR,M,2018,85,3
ARTHUR,M,2018,86,6
ARTHUR,M,2018,87,3
ARTHUR,M,2018,88,2
ARTHUR,M,2018,89,4
ARTHUR,M,2018,90,3
ARTHUR,M,2018,91,3
ARTHUR,M,2018,92,3
ARTHUR,M,2018,93,3
ARTHUR,M,2018,94,2
ARTHUR,M,2018,95,4
MAELIG,F,2019,01,3
MAELIG,F,2019,02,2
MAELIG,F,2019,03,1
MAELIG,F,2019,04,3
MAELIG,F,2019,05,7
MAELIG,F,2019,06,6
MAELIG,F,2019,07,4
MAELIG,F,2019,08,3
MAELIG,F,2019,09,3
MAELIG,F,2019,10,7
MAELIG,F,2019,11,1
MAELIG,F,2019,12,6
MAELIG,F,2019,13,2
MAELIG,F,2019,14,6
MAELIG,F,2019,15,3
MAELIG,F,2019,16,3
MAELIG,F,2019,17,1
MAELIG,F,2019,18,4
MAELIG,F,2019,19,2
MAELIG,F,2019,21,3
MAELIG,F,2019,22,18
MAELIG,F,2019,23,4
MAELIG,F,2019,24,3
MAELIG,F,2019,25,6
MAELIG,F,2019,26,3
MAELIG,F,2019,27,3
MAELIG,F,2019,28,3
MAELIG,F,2019,29,27
MAELIG,F,2019,2A,7
MAELIG,F,2019,2B,6
MAELIG,F,2019,30,5
MAELIG,F,2019,31,7
MAELIG,F,2019,32,5
MAELIG,F,2019,33,4
MAELIG,F,2019,34,6
MAELIG,F,2019,35,35
MAELIG,F,2019,36,2
MAELIG,F,2019,37,4
MAELIG,F,2019,38,5
MAELIG,F,2019,39,6
MAELIG,F,2019,40,2
MAELIG,F,2019,41,4
MAELIG,F,2019,42,4
MAELIG,F,2019,43,3
MAELIG,F,2019,44,21
MAELIG,F,2019,45,5
MAELIG,F,2019,46,3
MAELIG,F,2019,47,3
MAELIG,F,2019,48,4
MAELIG,F,2019,49,2
MAELIG,F,2019,50,2
MAELIG,F,2019,51,5
MAELIG,F,2019,52,7
MAELIG,F,2019,53,4
MAELIG,F,2019,54,4
MAELIG,F,2019,55,6
MAELIG,F,2019,56,20
MAELIG,F,2019,57,2
MAELIG,F,2019,58,4
MAELIG,F,2019,59,5
MAELIG,F,2019,60,6
MAELIG,F,2019,61,5
MAELIG,F,2019,62,5
MAELIG,F,2019,63,4
MAELIG,F,2019,64,4
MAELIG,F,2019,65,4
MAELIG,F,2019,66,6
MAELIG,F,2019,67,8
MAELIG,F,2019,68,8
MAELIG,F,2019,69,7
MAELIG,F,2019,70,4
MAELIG,F,2019,71,7
MAELIG,F,2019,72,5
MAELIG,F,2019,73,3
MAELIG,F,2019,74,2
MAELIG,F,2019,75,3
MAELIG,F,2019,76,1
MAELIG,F,2019,77,3
MAELIG,F,2019,78,3
MAELIG,F,2019,79,3
MAELIG,F,2019,80,2
MAELIG,F,2019,81,4
MAELIG,F,2019,82,3
MAELIG,F,2019,83,3
MAELIG,F,2019,84,7
MAELIG,F,2019,85,6
MAELIG,F,2019,86,5
MAELIG,F,2019,87,4
MAELIG,F,2019,88,6
MAELIG,F,2019,89,3
MAELIG,F,2019,90,2
MAELIG,F,2019,92,3
MAELIG,F,2019,93,2
MAELIG,F,2019,94,3
MAELIG,F,2019,95,7
MAELIG,M,2019,01,3
MAELIG,M,2019,02,1
MAELIG,M,2019,03,3
MAELIG,M,2019,04,1
MAELIG,M,2019,05,3
MAELIG,M,2019,06,7
MAELIG,M,2019,07,6
MAELIG,M,2019,08,3
MAELIG,M,2019,09,5
MAELIG,M,2019,10,5
MAELIG,M,2019,11,1
MAELIG,M,2019,12,4
MAELIG,M,2019,13,3
MAELIG,M,2019,14,4
MAELIG,M,2019,15,6
MAELIG,M,2019,16,6
MAELIG,M,2019,17,3
MAELIG,M,2019,18,8
MAELIG,M,2019,19,1
MAELIG,M,2019,21,1
MAELIG,M,2019,22,12
MAELIG,M,2019,23,4
MAELIG,M,2019,24,5
MAELIG,M,2019,25,4
MAELIG,M,2019,26,1
MAELIG,M,2019,27,3
MAELIG,M,2019,28,2
MAELIG,M,2019,29,24
MAELIG,M,2019,2A,1
MAELIG,M,2019,2B,4
MAELIG,M,2019,30,3
MAELIG,M,2019,31,3
MAELIG,M,2019,32,7
MAELIG,M,2019,34,3
MAELIG,M,2019,35,20
MAELIG,M,2019,36,6
MAELIG,M,2019,37,4
MAELIG,M,2019,38,3
MAELIG,M,2019,39,5
MAELIG,M,2019,40,3
MAELIG,M,2019,41,6
MAELIG,M,2019,42,5
MAELIG,M,2019,43,4
MAELIG,M,2019,44,32
MAELIG,M,2019,45,5
MAELIG,M,2019,46,3
MAELIG,M,2019,47,4
MAELIG,M,2019,48,6
MAELIG,M,2019,49,7
MAELIG,M,2019,50,2
MAELIG,M,2019,51,4
MAELIG,M,2019,52,6
MAELIG,M,2019,53,3
MAELIG,M,2019,54,5
MAELIG,M,2019,55,3
MAELIG,M,2019,56,20
MAELIG,M,2019,57,4
MAELIG,M,2019,58,2
MAELIG,M,2019,59,5
MAELIG,M,2019,60,5
MAELIG,M,2019,61,3
MAELIG,M,2019,62,1
MAELIG,M,2019,63,1
MAELIG,M,2019,64,5
MAELIG,M,2019,65,4
MAELIG,M,2019,66,3
MAELIG,M,2019,67,5
MAELIG,M,2019,68,9
MAELIG,M,2019,69,2
MAELIG,M,2019,70,6
MAELIG,M,2019,71,2
MAELIG,M,2019,72,4
MAELIG,M,2019,73,2
MAELIG,M,2019,74,4
MAELIG,M,2019,75,4
MAELIG,M,2019,76,5
MAELIG,M,2019,77,5
MAELIG,M,2019,78,5
MAELIG,M,2019,79,4
MAELIG,M,2019,80,3
MAELIG,M,2019,81,4
MAELIG,M,2019,82,7
MAELIG,M,2019,83,3
MAELIG,M,2019,84,4
MAELIG,M,2019,85,3
MAELIG,M,2019,86,3
MAELIG,M,2019,87,8
MAELIG,M,2019,88,5
MAELIG,M,2019,89,1
MAELIG,M,2019,90,4
MAELIG,M,2019,91,6
MAELIG,M,2019,92,8
MAELIG,M,2019,93,4
MAELIG,M,2019,94,5
MAELIG,M,2019,95,4
LOUISE,F,2019,01,7
LOUISE,F,2019,02,4
LOUISE,F,2019,03,2
LOUISE,F,2019,05,2
LOUISE,F,2019,06,2
LOUISE,F,2019,07,7
LOUISE,F,2019,08,6
LOUISE,F,2019,09,2
LOUISE,F,2019,10,4
LOUISE,F,2019,11,2
LOUISE,F,2019,12,5
LOUISE,F,2019,13,7
LOUISE,F,2019,14,2
LOUISE,F,2019,15,1
LOUISE,F,2019,16,5
LOUISE,F,2019,17,6
LOUISE,F,2019,18,5
LOUISE,F,2019,21,5
LOUISE,F,2019,22,7
LOUISE,F,2019,23,10
LOUISE,F,2019,24,9
LOUISE,F,2019,25,4
LOUISE,F,2019,26,4
LOUISE,F,2019,27,2
LOUISE,F,2019,28,6
LOUISE,F,2019,29,6
LOUISE,F,2019,2A,4
LOUISE,F,2019,2B,2
LOUISE,F,2019,30,2
LOUISE,F,2019,31,3
LOUISE,F,2019,32,5
LOUISE,F,2019,33,4
LOUISE,F,2019,34,3
LOUISE,F,2019,35,2
LOUISE,F,2019,36,11
LOUISE,F,2019,37,2
LOUISE,F,2019,38,5
LOUISE,F,2019,39,4
LOUISE,F,2019,40,5
LOUISE,F,2019,41,2
LOUISE,F,2019,42,6
LOUISE,F,2019,43,4
LOUISE,F,2019,44,2
LOUISE,F,2019,45,4
LOUISE,F,2019,46,4
LOUISE,F,2019,47,5
LOUISE,F,2019,48,3
LOUISE,F,2019,49,3
LOUISE,F,2019,50,3
LOUISE,F,2019,51,10
LOUISE,F,2019,52,6
LOUISE,F,2019,53,3
LOUISE,F,2019,54,4
LOUISE,F,2019,55,4
LOUISE,F,2019,56,2
LOUISE,F,2019,57,1
LOUISE,F,2019,58,3
LOUISE,F,2019,59,7
LOUISE,F,2019,60,3
LOUISE,F,2019,61,1
LOUISE,F,2019,62,4
LOUISE,F,2019,63,3
LOUISE,F,2019,64,7
LOUISE,F,2019,65,3
LOUISE,F,2019,66,5
LOUISE,F,2019,67,4
LOUISE,F,2019,68,2
LOUISE,F,2019,69,4
LOUISE,F,2019,70,2
LOUISE,F,2019,71,6
LOUISE,F,2019,72,4
LOUISE,F,2019,73,4
LOUISE,F,2019,74,1
LOUISE,F,2019,75,5
LOUISE,F,2019,76,8
LOUISE,F,2019,77,6
LOUISE,F,2019,78,2
LOUISE,F,2019,79,4
LOUISE,F,2019,80,1
LOUISE,F,2019,81,3
LOUISE,F,2019,82,2
LOUISE,F,2019,83,9
LOUISE,F,2019,84,3
LOUISE,F,2019,85,4
LOUISE,F,2019,86,3
LOUISE,F,2019,87,4
LOUISE,F,2019,88,2
LOUISE,F,2019,89,6
LOUISE,F,2019,90,4
LOUISE,F,2019,91,7
LOUISE,F,2019,92,4
LOUISE,F,2019,93,4
LOUISE,F,2019,94,4
LOUISE,F,2019,95,4
LOUISE,M,2019,01,4
LOUISE,M,2019,02,2
LOUISE,M,2019,03,3
LOUISE,M,2019,04,5
LOUISE,M,2019,05,4
LOUISE,M,2019,06,6
LOUISE,M,2019,07,6
LOUISE,M,2019,08,5
LOUISE,M,2019,09,5
LOUISE,M,2019,10,5
LOUISE,M,2019,11,6
LOUISE,M,2019,12,3
LOUISE,M,2019,13,1
LOUISE,M,2019,14,5
LOUISE,M,2019,16,5
LOUISE,M,2019,17,4
LOUISE,M,2019,18,5
LOUISE,M,2019,19,9
LOUISE,M,2019,21,2
LOUISE,M,2019,22,4
LOUISE,M,2019,23,4
LOUISE,M,2019,24,2
LOUISE,M,2019,25,9
LOUISE,M,2019,26,2
LOUISE,M,2019,28,3
LOUISE,M,2019,29,1
LOUISE,M,2019,2A,4
LOUISE,M,2019,2B,2
LOUISE,M,2019,30,2
LOUISE,M,2019,31,5
LOUISE,M,2019,32,4
LOUISE,M,2019,33,3
LOUISE,M,2019,34,2
LOUISE,M,2019,35,2
LOUISE,M,2019,36,7
LOUISE,M,2019,37,4
LOUISE,M,2019,38,6
LOUISE,M,2019,39,5
LOUISE,M,2019,40,5
LOUISE,M,2019,41,3
LOUISE,M,2019,42,8
LOUISE,M,2019,43,5
LOUISE,M,2019,44,3
LOUISE,M,2019,45,3
LOUISE,M,2019,46,1
LOUISE,M,2019,47,5
LOUISE,M,2019,48,3
LOUISE,M,2019,49,2
LOUISE,M,2019,50,5
LOUISE,M,2019,51,7
LOUISE,M,2019,52,6
LOUISE,M,2019,53,4
LOUISE,M,2019,54,3
LOUISE,M,2019,55,4
LOUISE,M,2019,56,5
LOUISE,M,2019,57,3
LOUISE,M,2019,58,4
LOUISE,M,2019,59,3
LOUISE,M,2019,60,1
LOUISE,M,2019,61,2
LOUISE,M,2019,62,6
LOUISE,M,2019,63,1
LOUISE,M,2019,64,2
LOUISE,M,2019,65,7
LOUISE,M,2019,66,3
LOUISE,M,2019,67,5
LOUISE,M,2019,68,6
LOUISE,M,2019,69,5
LOUISE,M,2019,70,5
LOUISE,M,2019,71,3
LOUISE,M,2019,72,4
LOUISE,M,2019,73,7
LOUISE,M,2019,74,3
LOUISE,M,2019,75,5
LOUISE,M,2019,76,5
LOUISE,M,2019,77,4
LOUISE,M,2019,78,4
LOUISE,M,2019,79,2
LOUISE,M,2019,80,5
LOUISE,M,2019,81,5
LOUISE,M,2019,82,3
LOUISE,M,2019,83,8
LOUISE,M,2019,84,6
LOUISE,M,2019,85,2
LOUISE,M,2019,86,4
LOUISE,M,2019,87,7
LOUISE,M,2019,88,3
LOUISE,M,2019,89,8
LOUISE,M,2019,90,3
LOUISE,M,2019,91,5
LOUISE,M,2019,92,4
LOUISE,M,2019,93,7
LOUISE,M,2019,94,1
LOUISE,M,2019,95,3
GABRIEL,F,2019,01,4
GABRIEL,F,2019,02,2
GABRIEL,F,2019,04,7
GABRIEL,F,2019,05,4
GABRIEL,F,2019,06,5
GABRIEL,F,2019,07,4
GABRIEL,F,2019,08,3
GABRIEL,F,2019,10,3
GABRIEL,F,2019,11,6
GABRIEL,F,2019,12,7
GABRIEL,F,2019,13,5
GABRIEL,F,2019,14,8
GABRIEL,F,2019,15,5
GABRIEL,F,2019,16,2
GABRIEL,F,2019,17,3
GABRIEL,F,2019,18,3
GABRIEL,F,2019,19,4
GABRIEL,F,2019,21,2
GABRIEL,F,2019,22,2
GABRIEL,F,2019,23,3
GABRIEL,F,2019,24,2
GABRIEL,F,2019,25,1
GABRIEL,F,2019,26,3
GABRIEL,F,2019,27,1
GABRIEL,F,2019,28,1
GABRIEL,F,2019,29,1
GABRIEL,F,2019,2A,3
GABRIEL,F,2019,2B,4
GABRIEL,F,2019,30,1
GABRIEL,F,2019,31,7
GABRIEL,F,2019,32,4
GABRIEL,F,2019,33,5
GABRIEL,F,2019,34,9
GABRIEL,F,2019,35,4
GABRIEL,F,2019,36,3
GABRIEL,F,2019,37,2
GABRIEL,F,2019,38,2
GABRIEL,F,2019,39,3
GABRIEL,F,2019,40,1
GABRIEL,F,2019,41,4
GABRIEL,F,2019,42,6
GABRIEL,F,2019,43,7
GABRIEL,F,2019,44,1
GABRIEL,F,2019,45,1
GABRIEL,F,2019,46,7
GABRIEL,F,2019,47,2
GABRIEL,F,2019,48,5
GABRIEL,F,2019,49,4
GABRIEL,F,2019,50,7
GABRIEL,F,2019,51,2
GABRIEL,F,2019,52,2
GABRIEL,F,2019,53,3
GABRIEL,F,2019,54,5
GABRIEL,F,2019,55,4
GABRIEL,F,2019,56,2
GABRIEL,F,2019,57,3
GABRIEL,F,2019,58,4
GABRIEL,F,2019,59,1
GABRIEL,F,2019,60,2
GABRIEL,F,2019,61,6
GABRIEL,F,2019,62,9
GABRIEL,F,2019,63,1
GABRIEL,F,2019,64,3
GABRIEL,F,2019,65,3
GABRIEL,F,2019,66,2
GABRIEL,F,2019,67,2
GABRIEL,F,2019,68,3
GABRIEL,F,2019,69,2
GABRIEL,F,2019,70,3
GABRIEL,F,2019,71,4
GABRIEL,F,2019,72,3
GABRIEL,F,2019,73,4
GABRIEL,F,2019,74,4
GABRIEL,F,2019,75,2
GABRIEL,F,2019,76,2
GABRIEL,F,2019,77,5
GABRIEL,F,2019,78,4
GABRIEL,F,2019,79,3
GABRIEL,F,2019,80,5
GABRIEL,F,2019,81,3
GABRIEL,F,2019,82,5
GABRIEL,F,2019,83,6
GABRIEL,F,2019,84,5
GABRIEL,F,2019,85,4
GABRIEL,F,2019,86,5
GABRIEL,F,2019,87,7
GABRIEL,F,2019,88,6
GABRIEL,F,2019,89,2
GABRIEL,F,2019,90,1
GABRIEL,F,2019,91,3
GABRIEL,F,2019,92,4
GABRIEL,F,2019,93,4
GABRIEL,F,2019,94,4
GABRIEL,F,2019,95,6
GABRIEL,M,2019,01,4
GABRIEL,M,2019,02,4
GABRIEL,M,2019,03,1
GABRIEL,M,2019,04,3
GABRIEL,M,2019,05,8
GABRIEL,M,2019,06,4
GABRIEL,M,2019,07,7
GABRIEL,M,2019,08,3
GABRIEL,M,2019,09,2
GABRIEL,M,2019,10,3
GABRIEL,M,2019,11,8
GABRIEL,M,2019,12,5
GABRIEL,M,2019,13,1
GABRIEL,M,2019,14,5
GABRIEL,M,2019,15,7
GABRIEL,M,2019,16,8
GABRIEL,M,2019,17,9
GABRIEL,M,2019,18,3
GABRIEL,M,2019,19,3
GABRIEL,M,2019,21,6
GABRIEL,M,2019,22,1
GABRIEL,M,2019,23,6
GABRIEL,M,2019,24,4
GABRIEL,M,2019,25,5
GABRIEL,M,2019,26,2
GABRIEL,M,2019,27,2
GABRIEL,M,2019,28,5
GABRIEL,M,2019,29,3
GABRIEL,M,2019,2A,10
GABRIEL,M,2019,2B,6
GABRIEL,M,2019,30,1
GABRIEL,M,2019,31,3
GABRIEL,M,2019,32,7
GABRIEL,M,2019,33,3
GABRIEL,M,2019,34,3
GABRIEL,M,2019,35,2
GABRIEL,M,2019,36,3
GABRIEL,M,2019,37,5
GABRIEL,M,2019,38,4
GABRIEL,M,2019,39,2
GABRIEL,M,2019,40,3
GABRIEL,M,2019,41,2
GABRIEL,M,2019,42,2
GABRIEL,M,2019,43,6
GABRIEL,M,2019,44,3
GABRIEL,M,2019,45,3
GABRIEL,M,2019,46,9
GABRIEL,M,2019,47,2
GABRIEL,M,2019,48,7
GABRIEL,M,2019,49,1
GABRIEL,M,2019,50,2
GABRIEL,M,2019,51,3
GABRIEL,M,2019,52,4
GABRIEL,M,2019,53,6
GABRIEL,M,2019,54,5
GABRIEL,M,2019,55,4
GABRIEL,M,2019,56,2
GABRIEL,M,2019,57,3
GABRIEL,M,2019,58,6
GABRIEL,M,2019,59,10
GABRIEL,M,2019,60,3
GABRIEL,M,2019,61,7
GABRIEL,M,2019,62,5
GABRIEL,M,2019,63,3
GABRIEL,M,2019,64,1
GABRIEL,M,2019,65,5
GABRIEL,M,2019,66,4
GABRIEL,M,2019,67,4
GABRIEL,M,2019,68,6
GABRIEL,M,2019,69,3
GABRIEL,M,2019,70,2
GABRIEL,M,2019,71,3
GABRIEL,M,2019,72,6
GABRIEL,M,2019,73,1
GABRIEL,M,2019,74,3
GABRIEL,M,2019,75,3
GABRIEL,M,2019,76,3
GABRIEL,M,2019,77,4
GABRIEL,M,2019,78,1
GABRIEL,M,2019,79,3
GABRIEL,M,2019,80,2
GABRIEL,M,2019,81,1
GABRIEL,M,2019,82,7
GABRIEL,M,2019,83,2
GABRIEL,M,2019,84,3
GABRIEL,M,2019,85,2
GABRIEL,M,2019,86,2
GABRIEL,M,2019,87,3
GABRIEL,M,2019,88,3
GABRIEL,M,2019,89,4
GABRIEL,M,2019,90,3
GABRIEL,M,2019,91,4
GABRIEL,M,2019,92,4
GABRIEL,M,2019,93,3
GABRIEL,M,2019,94,2
GABRIEL,M,2019,95,7
JADE,F,2019,01,2
JADE,F,2019,02,4
JADE,F,2019,03,5
JADE,F,2019,04,5
JADE,F,2019,05,5
JADE,F,2019,06,6
JADE,F,2019,07,6
JADE,F,2019,08,4
JADE,F,2019,09,9
JADE,F,2019,10,1
JADE,F,2019,11,2
JADE,F,2019,12,7
JADE,F,2019,13,7
JADE,F,2019,14,4
JADE,F,2019,15,2
JADE,F,2019,16,2
JADE,F,2019,17,5
JADE,F,2019,18,4
JADE,F,2019,19,1
JADE,F,2019,21,2
JADE,F,2019,22,4
JADE,F,2019,23,4
JADE,F,2019,24,4
JADE,F,2019,25,8
JADE,F,2019,26,4
JADE,F,2019,27,4
JADE,F,2019,28,1
JADE,F,2019,29,1
JADE,F,2019,2B,3
JADE,F,2019,30,3
JADE,F,2019,31,2
JADE,F,2019,32,4
JADE,F,2019,33,4
JADE,F,2019,34,5
JADE,F,2019,35,3
JADE,F,2019,36,2
JADE,F,2019,37,6
JADE,F,2019,38,4
JADE,F,2019,39,3
JADE,F,2019,40,4
JADE,F,2019,41,6
JADE,F,2019,42,3
JADE,F,2019,43,2
JADE,F,2019,44,6
JADE,F,2019,45,4
JADE,F,2019,46,2
JADE,F,2019,47,2
JADE,F,2019,48,2
JADE,F,2019,49,6
JADE,F,2019,50,2
JADE,F,2019,51,3
JADE,F,2019,52,4
JADE,F,2019,53,2
JADE,F,2019,54,3
JADE,F,2019,55,5
JADE,F,2019,56,4
JADE,F,2019,57,1
JADE,F,2019,59,4
JADE,F,2019,60,4
JADE,F,2019,61,3
JADE,F,2019,62,6
JADE,F,2019,63,2
JADE,F,2019,64,5
JADE,F,2019,65,3
JADE,F,2019,66,5
JADE,F,2019,67,2
JADE,F,2019,68,7
JADE,F,2019,69,3
JADE,F,2019,70,4
JADE,F,2019,71,8
JADE,F,2019,72,5
JADE,F,2019,73,4
JADE,F,2019,74,3
JADE,F,2019,75,4
JADE,F,2019,76,5
JADE,F,2019,77,3
JADE,F,2019,78,7
JADE,F,2019,79,3
JADE,F,2019,80,5
JADE,F,2019,81,2
JADE,F,2019,82,3
JADE,F,2019,83,5
JADE,F,2019,84,3
JADE,F,2019,85,6
JADE,F,2019,86,5
JADE,F,2019,87,4
JADE,F,2019,88,1
JADE,F,2019,89,1
JADE,F,2019,90,4
JADE,F,2019,91,7
JADE,F,2019,92,5
JADE,F,2019,93,6
JADE,F,2019,94,1
JADE,F,2019,95,5
JADE,M,2019,01,8
JADE,M,2019,02,5
JADE,M,2019,03,1
JADE,M,2019,04,3
JADE,M,2019,05,4
JADE,M,2019,06,3
JADE,M,2019,07,1
JADE,M,2019,08,8
JADE,M,2019,09,5
JADE,M,2019,10,5
JADE,M,2019,11,3
JADE,M,2019,12,2
JADE,M,2019,13,3
JADE,M,2019,14,5
JADE,M,2019,15,3
JADE,M,2019,16,5
JADE,M,2019,17,6
JADE,M,2019,18,2
JADE,M,2019,19,3
JADE,M,2019,21,3
JADE,M,2019,22,1
JADE,M,2019,23,3
JADE,M,2019,24,7
JADE,M,2019,25,4
JADE,M,2019,26,3
JADE,M,2019,27,2
JADE,M,2019,28,1
JADE,M,2019,29,2
JADE,M,2019,2A,1
JADE,M,2019,2B,4
JADE,M,2019,30,7
JADE,M,2019,31,2
JADE,M,2019,32,4
JADE,M,2019,33,5
JADE,M,2019,34,4
JADE,M,2019,35,1
JADE,M,2019,36,7
JADE,M,2019,37,5
JADE,M,2019,38,2
JADE,M,2019,39,4
JADE,M,2019,40,4
JADE,M,2019,41,5
JADE,M,2019,42,3
JADE,M,2019,43,3
JADE,M,2019,44,4
JADE,M,2019,45,1
JADE,M,2019,46,4
JADE,M,2019,47,2
JADE,M,2019,48,5
JADE,M,2019,49,6
JADE,M,2019,50,4
JADE,M,2019,51,6
JADE,M,2019,52,5
JADE,M,2019,53,3
JADE,M,2019,54,5
JADE,M,2019,55,5
JADE,M,2019,56,3
JADE,M,2019,58,6
JADE,M,2019,59,4
JADE,M,2019,60,4
JADE,M,2019,61,9
JADE,M,2019,62,1
JADE,M,2019,63,3
JADE,M,2019,64,4
JADE,M,2019,65,3
JADE,M,2019,66,2
JADE,M,2019,67,4
JADE,M,2019,68,9
JADE,M,2019,69,6
JADE,M,2019,70,4
JADE,M,2019,71,4
JADE,M,2019,73,1
JADE,M,2019,74,4
JADE,M,2019,75,5
JADE,M,2019,76,3
JADE,M,2019,77,4
JADE,M,2019,78,3
JADE,M,2019,79,2
JADE,M,2019,80,5
JADE,M,2019,81,6
JADE,M,2019,82,5
JADE,M,2019,83,2
JADE,M,2019,84,7
JADE,M,2019,85,6
JADE,M,2019,86,2
JADE,M,2019,87,2
JADE,M,2019,88,3
JADE,M,2019,89,1
JADE,M,2019,90,1
JADE,M,2019,91,1
JADE,M,2019,92,2
JADE,M,2019,93,3
JADE,M,2019,94,3
JADE,M,2019,95,6
ARTHUR,F,2019,02,5
ARTHUR,F,2019,03,5
ARTHUR,F,2019,04,6
ARTHUR,F,2019,05,5
ARTHUR,F,2019,06,8
ARTHUR,F,2019,07,4
ARTHUR,F,2019,08,2
ARTHUR,F,2019,09,6
ARTHUR,F,2019,10,1
ARTHUR,F,2019,11,4
ARTHUR,F,2019,12,4
ARTHUR,F,2019,13,8
ARTHUR,F,2019,14,7
ARTHUR,F,2019,15,2
ARTHUR,F,2019,16,4
ARTHUR,F,2019,17,4
ARTHUR,F,2019,18,3
ARTHUR,F,2019,19,4
ARTHUR,F,2019,21,2
ARTHUR,F,2019,22,8
ARTHUR,F,2019,23,2
ARTHUR,F,2019,24,5
ARTHUR,F,2019,25,5
ARTHUR,F,2019,26,4
ARTHUR,F,2019,27,4
ARTHUR,F,2019,28,7
ARTHUR,F,2019,29,3
ARTHUR,F,2019,2A,2
ARTHUR,F,2019,2B,1
ARTHUR,F,2019,30,2
ARTHUR,F,2019,31,2
ARTHUR,F,2019,32,2
ARTHUR,F,2019,33,6
ARTHUR,F,2019,34,2
ARTHUR,F,2019,35,3
ARTHUR,F,2019,36,3
ARTHUR,F,2019,37,4
ARTHUR,F,2019,38,3
ARTHUR,F,2019,39,9
ARTHUR,F,2019,40,3
ARTHUR,F,2019,41,7
ARTHUR,F,2019,42,4
ARTHUR,F,2019,43,5
ARTHUR,F,2019,44,7
ARTHUR,F,2019,45,2
ARTHUR,F,2019,46,3
ARTHUR,F,2019,47,7
ARTHUR,F,2019,48,3
ARTHUR,F,2019,49,2
ARTHUR,F,2019,51,6
ARTHUR,F,2019,52,4
ARTHUR,F,2019,53,1
ARTHUR,F,2019,54,8
ARTHUR,F,2019,55,4
ARTHUR,F,2019,56,5
ARTHUR,F,2019,57,2
ARTHUR,F,2019,58,3
ARTHUR,F,2019,59,2
ARTHUR,F,2019,60,7
ARTHUR,F,2019,61,9
ARTHUR,F,2019,62,1
ARTHUR,F,2019,63,4
ARTHUR,F,2019,64,3
ARTHUR,F,2019,65,7
ARTHUR,F,2019,66,6
ARTHUR,F,2019,67,3
ARTHUR,F,2019,68,4
ARTHUR,F,2019,69,1
ARTHUR,F,2019,70,3
ARTHUR,F,2019,71,3
ARTHUR,F,2019,72,8
ARTHUR,F,2019,73,2
ARTHUR,F,2019,74,1
ARTHUR,F,2019,75,5
ARTHUR,F,2019,76,8
ARTHUR,F,2019,77,2
ARTHUR,F,2019,78,7
ARTHUR,F,2019,79,6
ARTHUR,F,2019,80,3
ARTHUR,F,2019,81,1
ARTHUR,F,2019,82,3
ARTHUR,F,2019,83,3
ARTHUR,F,2019,84,2
ARTHUR,F,2019,86,12
ARTHUR,F,2019,87,5
ARTHUR,F,2019,88,6
ARTHUR,F,2019,89,1
ARTHUR,F,2019,90,7
ARTHUR,F,2019,91,3
ARTHUR,F,2019,92,2
ARTHUR,F,2019,93,5
ARTHUR,F,2019,94,3
ARTHUR,F,2019,95,2
ARTHUR,M,2019,01,3
ARTHUR,M,2019,02,5
ARTHUR,M,2019,03,1
ARTHUR,M,2019,04,3
ARTHUR,M,2019,05,2
ARTHUR,M,2019,06,1
ARTHUR,M,2019,07,3
ARTHUR,M,2019,08,9
ARTHUR,M,2019,09,7
ARTHUR,M,2019,10,4
ARTHUR,M,2019,11,2
ARTHUR,M,2019,12,3
ARTHUR,M,2019,13,4
ARTHUR,M,2019,14,2
ARTHUR,M,2019,15,3
ARTHUR,M,2019,16,8
ARTHUR,M,2019,17,7
ARTHUR,M,2019,18,3
ARTHUR,M,2019,19,2
ARTHUR,M,2019,21,1
ARTHUR,M,2019,22,4
ARTHUR,M,2019,23,2
ARTHUR,M,2019,24,6
ARTHUR,M,2019,25,2
ARTHUR,M,2019,26,6
ARTHUR,M,2019,27,8
ARTHUR,M,2019,28,7
ARTHUR,M,2019,29,5
ARTHUR,M,2019,2A,5
ARTHUR,M,2019,2B,2
ARTHUR,M,2019,30,1
ARTHUR,M,2019,31,3
ARTHUR,M,2019,32,2
ARTHUR,M,2019,33,7
ARTHUR,M,2019,34,5
ARTHUR,M,2019,35,3
ARTHUR,M,2019,36,1
ARTHUR,M,2019,37,8
ARTHUR,M,2019,38,1
ARTHUR,M,2019,39,6
ARTHUR,M,2019,40,2
ARTHUR,M,2019,41,4
ARTHUR,M,2019,43,3
ARTHUR,M,2019,44,5
ARTHUR,M,2019,45,5
ARTHUR,M,2019,46,3
ARTHUR,M,2019,47,6
ARTHUR,M,2019,48,8
ARTHUR,M,2019,49,2
ARTHUR,M,2019,50,3
ARTHUR,M,2019,51,4
ARTHUR,M,2019,52,4
ARTHUR,M,2019,53,7
ARTHUR,M,2019,54,4
ARTHUR,M,2019,55,6
ARTHUR,M,2019,56,4
ARTHUR,M,2019,57,5
ARTHUR,M,2019,58,1
ARTHUR,M,2019,59,6
ARTHUR,M,2019,60,2
ARTHUR,M,2019,61,3
ARTHUR,M,2019,62,4
ARTHUR,M,2019,63,2
ARTHUR,M,2019,64,4
ARTHUR,M,2019,65,6
ARTHUR,M,2019,66,4
ARTHUR,M,2019,67,4
ARTHUR,M,2019,68,2
ARTHUR,M,2019,69,3
ARTHUR,M,2019,70,5
ARTHUR,M,2019,71,2
ARTHUR,M,2019,72,3
ARTHUR,M,2019,73,3
ARTHUR,M,2019,74,5
ARTHUR,M,2019,75,4
ARTHUR,M,2019,76,2
ARTHUR,M,2019,77,3
ARTHUR,M,2019,78,7
ARTHUR,M,2019,79,1
ARTHUR,M,2019,80,5
ARTHUR,M,2019,81,2
ARTHUR,M,2019,82,3
ARTHUR,M,2019,83,5
ARTHUR,M,2019,84,3
ARTHUR,M,2019,85,4
ARTHUR,M,2019,86,2
ARTHUR,M,2019,87,3
ARTHUR,M,2019,88,4
ARTHUR,M,2019,89,3
ARTHUR,M,2019,90,5
ARTHUR,M,2019,91,4
ARTHUR,M,2019,92,6
ARTHUR,M,2019,93,3
ARTHUR,M,2019,94,5
ARTHUR,M,2019,95,4
MAELIG,F,2020,01,1
MAELIG,F,2020,02,5
MAELIG,F,2020,03,5
MAELIG,F,2020,04,4
MAELIG,F,2020,05,8
MAELIG,F,2020,06,3
MAELIG,F,2020,07,6
MAELIG,F,2020,08,5
MAELIG,F,2020,09,6
MAELIG,F,2020,10,2
MAELIG,F,2020,11,5
MAELIG,F,2020,12,3
MAELIG,F,2020,13,5
MAELIG,F,2020,14,5
MAELIG,F,2020,15,3
MAELIG,F,2020,16,4
MAELIG,F,2020,17,3
MAELIG,F,2020,18,3
MAELIG,F,2020,19,2
MAELIG,F,2020,21,7
MAELIG,F,2020,22,31
MAELIG,F,2020,23,3
MAELIG,F,2020,24,8
MAELIG,F,2020,25,5
MAELIG,F,2020,26,2
MAELIG,F,2020,27,4
MAELIG,F,2020,28,6
MAELIG,F,2020,29,16
MAELIG,F,2020,2A,4
MAELIG,F,2020,2B,5
MAELIG,F,2020,30,3
MAELIG,F,2020,31,6
MAELIG,F,2020,32,8
MAELIG,F,2020,33,8
MAELIG,F,2020,34,1
MAELIG,F,2020,35,30
MAELIG,F,2020,36,3
MAELIG,F,2020,37,9
MAELIG,F,2020,38,2
MAELIG,F,2020,39,4
MAELIG,F,2020,40,1
MAELIG,F,2020,41,4
MAELIG,F,2020,42,6
MAELIG,F,2020,43,5
MAELIG,F,2020,44,27
MAELIG,F,2020,45,2
MAELIG,F,2020,46,4
MAELIG,F,2020,47,5
MAELIG,F,2020,48,1
MAELIG,F,2020,49,4
MAELIG,F,2020,50,2
MAELIG,F,2020,51,2
MAELIG,F,2020,52,8
MAELIG,F,2020,53,3
MAELIG,F,2020,54,6
MAELIG,F,2020,55,2
MAELIG,F,2020,56,27
MAELIG,F,2020,57,3
MAELIG,F,2020,58,6
MAELIG,F,2020,59,3
MAELIG,F,2020,60,1
MAELIG,F,2020,61,2
MAELIG,F,2020,62,7
MAELIG,F,2020,63,3
MAELIG,F,2020,64,5
MAELIG,F,2020,65,2
MAELIG,F,2020,66,4
MAELIG,F,2020,67,3
MAELIG,F,2020,68,6
MAELIG,F,2020,69,3
MAELIG,F,2020,70,4
MAELIG,F,2020,71,6
MAELIG,F,2020,72,5
MAELIG,F,2020,73,9
MAELIG,F,2020,74,3
MAELIG,F,2020,75,2
MAELIG,F,2020,76,11
MAELIG,F,2020,77,5
MAELIG,F,2020,78,3
MAELIG,F,2020,79,4
MAELIG,F,2020,80,8
MAELIG,F,2020,81,1
MAELIG,F,2020,82,6
MAELIG,F,2020,83,6
MAELIG,F,2020,84,6
MAELIG,F,2020,85,7
MAELIG,F,2020,86,6
MAELIG,F,2020,87,4
MAELIG,F,2020,88,3
MAELIG,F,2020,89,2
MAELIG,F,2020,90,7
MAELIG,F,2020,91,5
MAELIG,F,2020,92,2
MAELIG,F,2020,93,4
MAELIG,F,2020,94,3
MAELIG,F,2020,95,6
MAELIG,M,2020,01,3
MAELIG,M,2020,02,7
MAELIG,M,2020,03,3
MAELIG,M,2020,04,3
MAELIG,M,2020,05,3
MAELIG,M,2020,06,3
MAELIG,M,2020,07,5
MAELIG,M,2020,08,4
MAELIG,M,2020,09,2
MAELIG,M,2020,10,6
MAELIG,M,2020,11,2
MAELIG,M,2020,12,6
MAELIG,M,2020,13,5
MAELIG,M,2020,14,5
MAELIG,M,2020,15,7
MAELIG,M,2020,16,1
MAELIG,M,2020,17,5
MAELIG,M,2020,18,2
MAELIG,M,2020,19,4
MAELIG,M,2020,21,7
MAELIG,M,2020,22,10
MAELIG,M,2020,23,2
MAELIG,M,2020,24,3
MAELIG,M,2020,25,4
MAELIG,M,2020,26,2
MAELIG,M,2020,27,4
MAELIG,M,2020,28,5
MAELIG,M,2020,29,21
MAELIG,M,2020,2A,2
MAELIG,M,2020,2B,4
MAELIG,M,2020,30,5
MAELIG,M,2020,31,4
MAELIG,M,2020,32,4
MAELIG,M,2020,33,6
MAELIG,M,2020,34,4
MAELIG,M,2020,35,22
MAELIG,M,2020,36,5
MAELIG,M,2020,37,3
MAELIG,M,2020,38,5
MAELIG,M,2020,39,4
MAELIG,M,2020,40,6
MAELIG,M,2020,41,5
MAELIG,M,2020,42,3
MAELIG,M,2020,43,1
MAELIG,M,2020,44,29
MAELIG,M,2020,45,5
MAELIG,M,2020,46,3
MAELIG,M,2020,47,3
MAELIG,M,2020,48,1
MAELIG,M,2020,49,8
MAELIG,M,2020,50,4
MAELIG,M,2020,51,4
MAELIG,M,2020,52,3
MAELIG,M,2020,53,2
MAELIG,M,2020,54,1
MAELIG,M,2020,55,4
MAELIG,M,2020,56,27
MAELIG,M,2020,57,5
MAELIG,M,2020,58,3
MAELIG,M,2020,59,3
MAELIG,M,2020,60,6
MAELIG,M,2020,61,1
MAELIG,M,2020,62,3
MAELIG,M,2020,63,6
MAELIG,M,2020,64,5
MAELIG,M,2020,65,7
MAELIG,M,2020,66,5
MAELIG,M,2020,67,5
MAELIG,M,2020,68,4
MAELIG,M,2020,69,4
MAELIG,M,2020,70,4
MAELIG,M,2020,71,6
MAELIG,M,2020,72,3
MAELIG,M,2020,73,3
MAELIG,M,2020,74,2
MAELIG,M,2020,75,4
MAELIG,M,2020,76,3
MAELIG,M,2020,78,2
MAELIG,M,2020,79,2
MAELIG,M,2020,80,5
MAELIG,M,2020,81,2
MAELIG,M,2020,82,4
MAELIG,M,2020,83,9
MAELIG,M,2020,84,2
MAELIG,M,2020,85,5
MAELIG,M,2020,86,7
MAELIG,M,2020,87,1
MAELIG,M,2020,88,6
MAELIG,M,2020,89,6
MAELIG,M,2020,90,6
MAELIG,M,2020,91,9
MAELIG,M,2020,92,3
MAELIG,M,2020,93,5
MAELIG,M,2020,94,1
MAELIG,M,2020,95,5
LOUISE,F,2020,01,1
LOUISE,F,2020,02,2
LOUISE,F,2020,03,4
LOUISE,F,2020,04,4
LOUISE,F,2020,05,7
LOUISE,F,2020,06,2
LOUISE,F,2020,07,6
LOUISE,F,2020,08,1
LOUISE,F,2020,09,4
LOUISE,F,2020,10,3
LOUISE,F,2020,11,7
LOUISE,F,2020,12,4
LOUISE,F,2020,13,4
LOUISE,F,2020,14,5
LOUISE,F,2020,15,3
LOUISE,F,2020,16,2
LOUISE,F,2020,17,5
LOUISE,F,2020,18,6
LOUISE,F,2020,19,3
LOUISE,F,2020,21,4
LOUISE,F,2020,22,8
LOUISE,F,2020,23,5
LOUISE,F,2020,24,3
LOUISE,F,2020,25,2
LOUISE,F,2020,26,4
LOUISE,F,2020,27,6
LOUISE,F,2020,28,3
LOUISE,F,2020,29,1
LOUISE,F,2020,2A,2
LOUISE,F,2020,2B,7
LOUISE,F,2020,30,2
LOUISE,F,2020,31,7
LOUISE,F,2020,32,5
LOUISE,F,2020,33,1
LOUISE,F,2020,34,6
LOUISE,F,2020,35,8
LOUISE,F,2020,36,6
LOUISE,F,2020,37,4
LOUISE,F,2020,38,4
LOUISE,F,2020,39,4
LOUISE,F,2020,40,3
LOUISE,F,2020,41,4
LOUISE,F,2020,42,4
LOUISE,F,2020,43,4
LOUISE,F,2020,44,4
LOUISE,F,2020,45,5
LOUISE,F,2020,46,10
LOUISE,F,2020,47,3
LOUISE,F,2020,48,3
LOUISE,F,2020,49,3
LOUISE,F,2020,50,2
LOUISE,F,2020,51,7
LOUISE,F,2020,52,1
LOUISE,F,2020,53,6
LOUISE,F,2020,54,4
LOUISE,F,2020,55,6
LOUISE,F,2020,56,2
LOUISE,F,2020,57,3
LOUISE,F,2020,58,6
LOUISE,F,2020,59,4
LOUISE,F,2020,60,5
LOUISE,F,2020,62,9
LOUISE,F,2020,63,1
LOUISE,F,2020,64,3
LOUISE,F,2020,65,6
LOUISE,F,2020,66,4
LOUISE,F,2020,67,4
LOUISE,F,2020,68,3
LOUISE,F,2020,69,2
LOUISE,F,2020,70,4
LOUISE,F,2020,71,3
LOUISE,F,2020,72,4
LOUISE,F,2020,73,5
LOUISE,F,2020,74,1
LOUISE,F,2020,75,3
LOUISE,F,2020,76,6
LOUISE,F,2020,77,5
LOUISE,F,2020,78,4
LOUISE,F,2020,79,3
LOUISE,F,2020,80,5
LOUISE,F,2020,81,6
LOUISE,F,2020,82,7
LOUISE,F,2020,83,9
LOUISE,F,2020,84,5
LOUISE,F,2020,85,3
LOUISE,F,2020,86,3
LOUISE,F,2020,87,2
LOUISE,F,2020,88,5
LOUISE,F,2020,89,9
LOUISE,F,2020,90,2
LOUISE,F,2020,91,3
LOUISE,F,2020,92,3
LOUISE,F,2020,93,4
LOUISE,F,2020,94,6
LOUISE,M,2020,02,7
LOUISE,M,2020,03,2
LOUISE,M,2020,04,4
LOUISE,M,2020,05,2
LOUISE,M,2020,06,2
LOUISE,M,2020,07,2
LOUISE,M,2020,08,5
LOUISE,M,2020,09,2
LOUISE,M,2020,10,5
LOUISE,M,2020,11,8
LOUISE,M,2020,12,2
LOUISE,M,2020,13,5
LOUISE,M,2020,14,2
LOUISE,M,2020,15,2
LOUISE,M,2020,16,5
LOUISE,M,2020,17,4
LOUISE,M,2020,18,5
LOUISE,M,2020,19,4
LOUISE,M,2020,21,3
LOUISE,M,2020,22,2
LOUISE,M,2020,23,3
LOUISE,M,2020,24,4
LOUISE,M,2020,25,2
LOUISE,M,2020,26,2
LOUISE,M,2020,27,6
LOUISE,M,2020,28,7
LOUISE,M,2020,29,9
LOUISE,M,2020,2A,4
LOUISE,M,2020,2B,3
LOUISE,M,2020,30,3
LOUISE,M,2020,31,4
LOUISE,M,2020,32,6
LOUISE,M,2020,33,1
LOUISE,M,2020,34,3
LOUISE,M,2020,35,3
LOUISE,M,2020,36,6
LOUISE,M,2020,37,5
LOUISE,M,2020,38,5
LOUISE,M,2020,39,6
LOUISE,M,2020,40,5
LOUISE,M,2020,41,4
LOUISE,M,2020,42,3
LOUISE,M,2020,43,3
LOUISE,M,2020,44,2
LOUISE,M,2020,45,4
LOUISE,M,2020,46,6
LOUISE,M,2020,47,4
LOUISE,M,2020,48,6
LOUISE,M,2020,49,5
LOUISE,M,2020,50,4
LOUISE,M,2020,51,5
LOUISE,M,2020,52,3
LOUISE,M,2020,53,2
LOUISE,M,2020,54,4
LOUISE,M,2020,55,2
LOUISE,M,2020,56,4
LOUISE,M,2020,57,2
LOUISE,M,2020,58,4
LOUISE,M,2020,59,6
LOUISE,M,2020,60,1
LOUISE,M,2020,61,8
LOUISE,M,2020,62,3
LOUISE,M,2020,63,3
LOUISE,M,2020,64,4
LOUISE,M,2020,65,3
LOUISE,M,2020,66,5
LOUISE,M,2020,67,4
LOUISE,M,2020,68,1
LOUISE,M,2020,69,1
LOUISE,M,2020,70,6
LOUISE,M,2020,71,5
LOUISE,M,2020,72,4
LOUISE,M,2020,73,4
LOUISE,M,2020,74,3
LOUISE,M,2020,75,1
LOUISE,M,2020,77,5
LOUISE,M,2020,78,3
LOUISE,M,2020,79,6
LOUISE,M,2020,80,4
LOUISE,M,2020,81,6
LOUISE,M,2020,82,7
LOUISE,M,2020,83,2
LOUISE,M,2020,84,1
LOUISE,M,2020,85,2
LOUISE,M,2020,86,4
LOUISE,M,2020,87,3
LOUISE,M,2020,88,2
LOUISE,M,2020,89,3
LOUISE,M,2020,91,4
LOUISE,M,2020,92,4
LOUISE,M,2020,93,3
LOUISE,M,2020,94,2
LOUISE,M,2020,95,3
GABRIEL,F,2020,01,3
GABRIEL,F,2020,02,3
GABRIEL,F,2020,03,2
GABRIEL,F,2020,04,3
GABRIEL,F,2020,05,5
GABRIEL,F,2020,06,3
GABRIEL,F,2020,07,6
GABRIEL,F,2020,08,4
GABRIEL,F,2020,09,6
GABRIEL,F,2020,10,4
GABRIEL,F,2020,11,7
GABRIEL,F,2020,12,2
GABRIEL,F,2020,13,7
GABRIEL,F,2020,14,6
GABRIEL,F,2020,15,3
GABRIEL,F,2020,16,2
GABRIEL,F,2020,17,3
GABRIEL,F,2020,18,1
GABRIEL,F,2020,19,7
GABRIEL,F,2020,21,4
GABRIEL,F,2020,22,1
GABRIEL,F,2020,23,6
GABRIEL,F,2020,24,4
GABRIEL,F,2020,25,5
GABRIEL,F,2020,26,2
GABRIEL,F,2020,27,3
GABRIEL,F,2020,28,4
GABRIEL,F,2020,29,4
GABRIEL,F,2020,2A,3
GABRIEL,F,2020,2B,5
GABRIEL,F,2020,30,5
GABRIEL,F,2020,31,3
GABRIEL,F,2020,32,7
GABRIEL,F,2020,33,3
GABRIEL,F,2020,34,2
GABRIEL,F,2020,35,4
GABRIEL,F,2020,36,2
GABRIEL,F,2020,38,6
GABRIEL,F,2020,39,6
GABRIEL,F,2020,40,3
GABRIEL,F,2020,41,1
GABRIEL,F,2020,42,5
GABRIEL,F,2020,43,2
GABRIEL,F,2020,44,4
GABRIEL,F,2020,45,1
GABRIEL,F,2020,46,4
GABRIEL,F,2020,47,7
GABRIEL,F,2020,48,5
GABRIEL,F,2020,49,4
GABRIEL,F,2020,50,7
GABRIEL,F,2020,51,3
GABRIEL,F,2020,52,5
GABRIEL,F,2020,53,4
GABRIEL,F,2020,55,4
GABRIEL,F,2020,56,5
GABRIEL,F,2020,57,5
GABRIEL,F,2020,58,3
GABRIEL,F,2020,59,5
GABRIEL,F,2020,60,2
GABRIEL,F,2020,61,3
GABRIEL,F,2020,62,3
GABRIEL,F,2020,63,3
GABRIEL,F,2020,64,3
GABRIEL,F,2020,65,5
GABRIEL,F,2020,66,4
GABRIEL,F,2020,67,3
GABRIEL,F,2020,68,4
GABRIEL,F,2020,69,3
GABRIEL,F,2020,71,5
GABRIEL,F,2020,72,6
GABRIEL,F,2020,73,4
GABRIEL,F,2020,74,7
GABRIEL,F,2020,75,5
GABRIEL,F,2020,76,3
GABRIEL,F,2020,77,7
GABRIEL,F,2020,78,4
GABRIEL,F,2020,79,3
GABRIEL,F,2020,80,5
GABRIEL,F,2020,81,9
GABRIEL,F,2020,82,4
GABRIEL,F,2020,83,4
GABRIEL,F,2020,84,1
GABRIEL,F,2020,85,9
GABRIEL,F,2020,86,2
GABRIEL,F,2020,87,7
GABRIEL,F,2020,88,8
GABRIEL,F,2020,89,4
GABRIEL,F,2020,90,3
GABRIEL,F,2020,91,1
GABRIEL,F,2020,92,5
GABRIEL,F,2020,93,3
GABRIEL,F,2020,94,3
GABRIEL,F,2020,95,1
GABRIEL,M,2020,01,5
GABRIEL,M,2020,02,1
GABRIEL,M,2020,03,4
GABRIEL,M,2020,04,2
GABRIEL,M,2020,05,3
GABRIEL,M,2020,06,4
GABRIEL,M,2020,07,7
GABRIEL,M,2020,08,5
GABRIEL,M,2020,09,5
GABRIEL,M,2020,10,3
GABRIEL,M,2020,11,3
GABRIEL,M,2020,12,2
GABRIEL,M,2020,13,5
GABRIEL,M,2020,14,3
GABRIEL,M,2020,15,2
GABRIEL,M,2020,16,5
GABRIEL,M,2020,17,4
GABRIEL,M,2020,18,4
GABRIEL,M,2020,19,6
GABRIEL,M,2020,21,5
GABRIEL,M,2020,22,6
GABRIEL,M,2020,23,2
GABRIEL,M,2020,24,2
GABRIEL,M,2020,25,5
GABRIEL,M,2020,26,10
GABRIEL,M,2020,27,3
GABRIEL,M,2020,28,1
GABRIEL,M,2020,29,4
GABRIEL,M,2020,2A,2
GABRIEL,M,2020,2B,5
GABRIEL,M,2020,30,2
GABRIEL,M,2020,31,2
GABRIEL,M,2020,32,7
GABRIEL,M,2020,33,3
GABRIEL,M,2020,34,6
GABRIEL,M,2020,35,1
GABRIEL,M,2020,36,3
GABRIEL,M,2020,37,6
GABRIEL,M,2020,38,7
GABRIEL,M,2020,39,4
GABRIEL,M,2020,40,2
GABRIEL,M,2020,41,2
GABRIEL,M,2020,42,5
GABRIEL,M,2020,43,3
GABRIEL,M,2020,44,1
GABRIEL,M,2020,45,3
GABRIEL,M,2020,46,3
GABRIEL,M,2020,47,4
GABRIEL,M,2020,48,4
GABRIEL,M,2020,49,2
GABRIEL,M,2020,50,5
GABRIEL,M,2020,51,6
GABRIEL,M,2020,52,7
GABRIEL,M,2020,53,1
GABRIEL,M,2020,54,3
GABRIEL,M,2020,55,1
GABRIEL,M,2020,56,3
GABRIEL,M,2020,57,4
GABRIEL,M,2020,58,3
GABRIEL,M,2020,59,5
GABRIEL,M,2020,60,3
GABRIEL,M,2020,61,9
GABRIEL,M,2020,62,2
GABRIEL,M,2020,63,5
GABRIEL,M,2020,64,2
GABRIEL,M,2020,65,3
GABRIEL,M,2020,66,6
GABRIEL,M,2020,67,5
GABRIEL,M,2020,68,6
GABRIEL,M,2020,69,3
GABRIEL,M,2020,70,3
GABRIEL,M,2020,71,2
GABRIEL,M,2020,72,4
GABRIEL,M,2020,73,6
GABRIEL,M,2020,75,3
GABRIEL,M,2020,76,3
GABRIEL,M,2020,77,8
GABRIEL,M,2020,78,4
GABRIEL,M,2020,79,2
GABRIEL,M,2020,80,4
GABRIEL,M,2020,81,2
GABRIEL,M,2020,82,6
GABRIEL,M,2020,83,5
GABRIEL,M,2020,84,5
GABRIEL,M,2020,85,4
GABRIEL,M,2020,86,5
GABRIEL,M,2020,87,5
GABRIEL,M,2020,88,5
GABRIEL,M,2020,89,8
GABRIEL,M,2020,90,1
GABRIEL,M,2020,91,5
GABRIEL,M,2020,92,5
GABRIEL,M,2020,93,4
GABRIEL,M,2020,94,6
GABRIEL,M,2020,95,8
JADE,F,2020,01,8
JADE,F,2020,02,8
JADE,F,2020,03,2
JADE,F,2020,04,2
JADE,F,2020,05,5
JADE,F,2020,06,2
JADE,F,2020,07,4
JADE,F,2020,08,4
JADE,F,2020,09,10
JADE,F,2020,10,3
JADE,F,2020,11,4
JADE,F,2020,13,9
JADE,F,2020,14,8
JADE,F,2020,15,4
JADE,F,2020,16,4
JADE,F,2020,17,4
JADE,F,2020,18,12
JADE,F,2020,19,5
JADE,F,2020,21,3
JADE,F,2020,22,2
JADE,F,2020,23,4
JADE,F,2020,24,5
JADE,F,2020,25,3
JADE,F,2020,26,3
JADE,F,2020,27,4
JADE,F,2020,28,9
JADE,F,2020,29,8
JADE,F,2020,2A,3
JADE,F,2020,2B,9
JADE,F,2020,30,8
JADE,F,2020,31,4
JADE,F,2020,32,4
JADE,F,2020,33,8
JADE,F,2020,34,3
JADE,F,2020,35,6
JADE,F,2020,36,3
JADE,F,2020,37,2
JADE,F,2020,38,7
JADE,F,2020,39,3
JADE,F,2020,40,4
JADE,F,2020,41,2
JADE,F,2020,42,1
JADE,F,2020,43,9
JADE,F,2020,44,2
JADE,F,2020,45,6
JADE,F,2020,46,5
JADE,F,2020,48,3
JADE,F,2020,49,3
JADE,F,2020,50,5
JADE,F,2020,51,7
JADE,F,2020,52,6
JADE,F,2020,53,1
JADE,F,2020,54,4
JADE,F,2020,55,8
JADE,F,2020,56,5
JADE,F,2020,57,3
JADE,F,2020,58,5
JADE,F,2020,59,4
JADE,F,2020,60,3
JADE,F,2020,61,2
JADE,F,2020,62,4
JADE,F,2020,63,2
JADE,F,2020,64,5
JADE,F,2020,65,1
JADE,F,2020,66,2
JADE,F,2020,67,1
JADE,F,2020,68,6
JADE,F,2020,69,3
JADE,F,2020,70,2
JADE,F,2020,71,5
JADE,F,2020,72,4
JADE,F,2020,73,2
JADE,F,2020,74,4
JADE,F,2020,75,5
JADE,F,2020,76,2
JADE,F,2020,77,7
JADE,F,2020,78,4
JADE,F,2020,79,2
JADE,F,2020,80,5
JADE,F,2020,81,4
JADE,F,2020,82,4
JADE,F,2020,83,4
JADE,F,2020,84,2
JADE,F,2020,85,4
JADE,F,2020,86,3
JADE,F,2020,87,5
JADE,F,2020,88,1
JADE,F,2020,90,1
JADE,F,2020,91,6
JADE,F,2020,92,6
JADE,F,2020,93,9
JADE,F,2020,94,4
JADE,F,2020,95,2
JADE,M,2020,01,4
JADE,M,2020,02,3
JADE,M,2020,03,5
JADE,M,2020,04,4
JADE,M,2020,05,5
JADE,M,2020,06,2
JADE,M,2020,07,9
JADE,M,2020,08,3
JADE,M,2020,09,9
JADE,M,2020,10,7
JADE,M,2020,11,2
JADE,M,2020,12,4
JADE,M,2020,13,4
JADE,M,2020,14,9
JADE,M,2020,15,9
JADE,M,2020,16,1
JADE,M,2020,17,5
JADE,M,2020,19,3
JADE,M,2020,21,4
JADE,M,2020,22,2
JADE,M,2020,23,4
JADE,M,2020,24,6
JADE,M,2020,25,8
JADE,M,2020,26,7
JADE,M,2020,27,3
JADE,M,2020,28,1
JADE,M,2020,29,5
JADE,M,2020,2A,2
JADE,M,2020,2B,3
JADE,M,2020,30,6
JADE,M,2020,31,2
JADE,M,2020,32,8
JADE,M,2020,33,6
JADE,M,2020,35,8
JADE,M,2020,36,6
JADE,M,2020,37,3
JADE,M,2020,38,6
JADE,M,2020,39,3
JADE,M,2020,40,4
JADE,M,2020,41,4
JADE,M,2020,42,3
JADE,M,2020,43,8
JADE,M,2020,44,5
JADE,M,2020,45,7
JADE,M,2020,46,3
JADE,M,2020,47,7
JADE,M,2020,48,2
JADE,M,2020,49,3
JADE,M,2020,50,1
JADE,M,2020,51,4
JADE,M,2020,52,3
JADE,M,2020,53,6
JADE,M,2020,54,5
JADE,M,2020,55,7
JADE,M,2020,56,5
JADE,M,2020,57,6
JADE,M,2020,58,6
JADE,M,2020,59,4
JADE,M,2020,60,7
JADE,M,2020,61,4
JADE,M,2020,62,4
JADE,M,2020,63,4
JADE,M,2020,64,6
JADE,M,2020,65,3
JADE,M,2020,66,5
JADE,M,2020,67,5
JADE,M,2020,68,3
JADE,M,2020,69,11
JADE,M,2020,70,2
JADE,M,2020,71,5
JADE,M,2020,72,5
JADE,M,2020,73,4
JADE,M,2020,74,2
JADE,M,2020,75,6
JADE,M,2020,76,8
JADE,M,2020,77,3
JADE,M,2020,78,1
JADE,M,2020,79,3
JADE,M,2020,80,3
JADE,M,2020,81,7
JADE,M,2020,82,5
JADE,M,2020,83,7
JADE,M,2020,84,1
JADE,M,2020,85,2
JADE,M,2020,86,6
JADE,M,2020,87,4
JADE,M,2020,88,10
JADE,M,2020,90,6
JADE,M,2020,91,4
JADE,M,2020,92,6
JADE,M,2020,93,2
JADE,M,2020,94,5
JADE,M,2020,95,4
ARTHUR,F,2020,01,3
ARTHUR,F,2020,02,6
ARTHUR,F,2020,03,3
ARTHUR,F,2020,04,5
ARTHUR,F,2020,05,4
ARTHUR,F,2020,06,6
ARTHUR,F,2020,07,7
ARTHUR,F,2020,08,6
ARTHUR,F,2020,09,2
ARTHUR,F,2020,10,2
ARTHUR,F,2020,11,8
ARTHUR,F,2020,12,3
ARTHUR,F,2020,13,1
ARTHUR,F,2020,14,4
ARTHUR,F,2020,15,5
ARTHUR,F,2020,16,6
ARTHUR,F,2020,17,4
ARTHUR,F,2020,18,7
ARTHUR,F,2020,19,9
ARTHUR,F,2020,21,3
ARTHUR,F,2020,22,2
ARTHUR,F,2020,23,5
ARTHUR,F,2020,24,6
ARTHUR,F,2020,25,5
ARTHUR,F,2020,26,2
ARTHUR,F,2020,27,3
ARTHUR,F,2020,28,3
ARTHUR,F,2020,29,8
ARTHUR,F,2020,2A,3
ARTHUR,F,2020,2B,4
ARTHUR,F,2020,30,3
ARTHUR,F,2020,31,3
ARTHUR,F,2020,32,3
ARTHUR,F,2020,33,6
ARTHUR,F,2020,34,5
ARTHUR,F,2020,35,5
ARTHUR,F,2020,36,5
ARTHUR,F,2020,37,4
ARTHUR,F,2020,38,6
ARTHUR,F,2020,39,5
ARTHUR,F,2020,40,4
ARTHUR,F,2020,41,3
ARTHUR,F,2020,42,2
ARTHUR,F,2020,43,6
ARTHUR,F,2020,44,3
ARTHUR,F,2020,45,4
ARTHUR,F,2020,46,6
ARTHUR,F,2020,47,3
ARTHUR,F,2020,48,3
ARTHUR,F,2020,49,1
ARTHUR,F,2020,50,8
ARTHUR,F,2020,51,2
ARTHUR,F,2020,52,5
ARTHUR,F,2020,53,5
ARTHUR,F,2020,54,6
ARTHUR,F,2020,55,5
ARTHUR,F,2020,56,3
ARTHUR,F,2020,57,3
ARTHUR,F,2020,58,5
ARTHUR,F,2020,59,6
ARTHUR,F,2020,60,5
ARTHUR,F,2020,61,3
ARTHUR,F,2020,62,5
ARTHUR,F,2020,63,6
ARTHUR,F,2020,64,5
ARTHUR,F,2020,65,7
ARTHUR,F,2020,66,3
ARTHUR,F,2020,67,3
ARTHUR,F,2020,68,1
ARTHUR,F,2020,69,4
ARTHUR,F,2020,70,3
ARTHUR,F,2020,71,3
ARTHUR,F,2020,73,6
ARTHUR,F,2020,74,2
ARTHUR,F,2020,75,3
ARTHUR,F,2020,76,7
ARTHUR,F,2020,77,1
ARTHUR,F,2020,78,3
ARTHUR,F,2020,79,3
ARTHUR,F,2020,80,11
ARTHUR,F,2020,81,4
ARTHUR,F,2020,82,7
ARTHUR,F,2020,83,8
ARTHUR,F,2020,84,5
ARTHUR,F,2020,85,5
ARTHUR,F,2020,86,8
ARTHUR,F,2020,87,5
ARTHUR,F,2020,88,5
ARTHUR,F,2020,89,3
ARTHUR,F,2020,90,5
ARTHUR,F,2020,91,2
ARTHUR,F,2020,92,4
ARTHUR,F,2020,93,2
ARTHUR,F,2020,94,4
ARTHUR,F,2020,95,5
ARTHUR,M,2020,01,7
ARTHUR,M,2020,02,4
ARTHUR,M,2020,03,7
ARTHUR,M,2020,05,9
ARTHUR,M,2020,06,1
ARTHUR,M,2020,07,6
ARTHUR,M,2020,08,3
ARTHUR,M,2020,09,5
ARTHUR,M,2020,10,1
ARTHUR,M,2020,11,3
ARTHUR,M,2020,12,1
ARTHUR,M,2020,13,4
ARTHUR,M,2020,14,2
ARTHUR,M,2020,15,2
ARTHUR,M,2020,16,3
ARTHUR,M,2020,17,4
ARTHUR,M,2020,18,5
ARTHUR,M,2020,19,4
ARTHUR,M,2020,21,4
ARTHUR,M,2020,22,1
ARTHUR,M,2020,23,2
ARTHUR,M,2020,24,3
ARTHUR,M,2020,25,5
ARTHUR,M,2020,26,5
ARTHUR,M,2020,27,1
ARTHUR,M,2020,28,7
ARTHUR,M,2020,29,6
ARTHUR,M,2020,2A,3
ARTHUR,M,2020,2B,6
ARTHUR,M,2020,30,6
ARTHUR,M,2020,31,3
ARTHUR,M,2020,32,2
ARTHUR,M,2020,33,4
ARTHUR,M,2020,34,4
ARTHUR,M,2020,35,3
ARTHUR,M,2020,36,1
ARTHUR,M,2020,37,5
ARTHUR,M,2020,38,5
ARTHUR,M,2020,39,6
ARTHUR,M,2020,40,9
ARTHUR,M,2020,41,2
ARTHUR,M,2020,43,3
ARTHUR,M,2020,44,8
ARTHUR,M,2020,45,1
ARTHUR,M,2020,46,5
ARTHUR,M,2020,47,4
ARTHUR,M,2020,48,3
ARTHUR,M,2020,49,4
ARTHUR,M,2020,50,5
ARTHUR,M,2020,51,1
ARTHUR,M,2020,52,1
ARTHUR,M,2020,53,4
ARTHUR,M,2020,54,2
ARTHUR,M,2020,55,6
ARTHUR,M,2020,56,5
ARTHUR,M,2020,57,4
ARTHUR,M,2020,58,5
ARTHUR,M,2020,59,3
ARTHUR,M,2020,61,5
ARTHUR,M,2020,62,3
ARTHUR,M,2020,63,5
ARTHUR,M,2020,64,7
ARTHUR,M,2020,65,3
ARTHUR,M,2020,66,2
ARTHUR,M,2020,67,3
ARTHUR,M,2020,68,3
ARTHUR,M,2020,69,3
ARTHUR,M,2020,70,8
ARTHUR,M,2020,71,6
ARTHUR,M,2020,73,3
ARTHUR,M,2020,74,3
ARTHUR,M,2020,75,9
ARTHUR,M,2020,76,3
ARTHUR,M,2020,77,5
ARTHUR,M,2020,78,3
ARTHUR,M,2020,79,6
ARTHUR,M,2020,80,6
ARTHUR,M,2020,81,4
ARTHUR,M,2020,82,7
ARTHUR,M,2020,83,2
ARTHUR,M,2020,84,1
ARTHUR,M,2020,85,4
ARTHUR,M,2020,86,2
ARTHUR,M,2020,87,4
ARTHUR,M,2020,88,4
ARTHUR,M,2020,89,2
ARTHUR,M,2020,90,2
ARTHUR,M,2020,91,7
ARTHUR,M,2020,92,3
ARTHUR,M,2020,93,5
ARTHUR,M,2020,94,6
ARTHUR,M,2020,95,6
MAELIG,F,2021,01,6
MAELIG,F,2021,02,3
MAELIG,F,2021,03,2
MAELIG,F,2021,04,5
MAELIG,F,2021,05,3
MAELIG,F,2021,06,3
MAELIG,F,2021,07,4
MAELIG,F,2021,08,2
MAELIG,F,2021,09,3
MAELIG,F,2021,10,3
MAELIG,F,2021,11,3
MAELIG,F,2021,12,6
MAELIG,F,2021,13,3
MAELIG,F,2021,14,4
MAELIG,F,2021,15,2
MAELIG,F,2021,16,3
MAELIG,F,2021,17,6
MAELIG,F,2021,18,4
MAELIG,F,2021,19,10
MAELIG,F,2021,22,20
MAELIG,F,2021,23,4
MAELIG,F,2021,24,2
MAELIG,F,2021,25,5
MAELIG,F,2021,26,3
MAELIG,F,2021,27,2
MAELIG,F,2021,28,4
MAELIG,F,2021,29,21
MAELIG,F,2021,2A,4
MAELIG,F,2021,2B,4
MAELIG,F,2021,30,5
MAELIG,F,2021,32,3
MAELIG,F,2021,33,7
MAELIG,F,2021,34,4
MAELIG,F,2021,35,23
MAELIG,F,2021,36,3
MAELIG,F,2021,37,2
MAELIG,F,2021,38,3
MAELIG,F,2021,39,6
MAELIG,F,2021,40,7
MAELIG,F,2021,41,1
MAELIG,F,2021,42,5
MAELIG,F,2021,43,5
MAELIG,F,2021,44,22
MAELIG,F,2021,45,8
MAELIG,F,2021,46,2
MAELIG,F,2021,47,2
MAELIG,F,2021,48,2
MAELIG,F,2021,49,5
MAELIG,F,2021,51,5
MAELIG,F,2021,52,8
MAELIG,F,2021,53,7
MAELIG,F,2021,54,4
MAELIG,F,2021,55,3
MAELIG,F,2021,56,35
MAELIG,F,2021,57,5
MAELIG,F,2021,58,5
MAELIG,F,2021,59,5
MAELIG,F,2021,60,4
MAELIG,F,2021,61,3
MAELIG,F,2021,62,3
MAELIG,F,2021,63,5
MAELIG,F,2021,64,2
MAELIG,F,2021,65,2
MAELIG,F,2021,66,6
MAELIG,F,2021,67,4
MAELIG,F,2021,68,2
MAELIG,F,2021,69,1
MAELIG,F,2021,70,3
MAELIG,F,2021,71,4
MAELIG,F,2021,72,7
MAELIG,F,2021,73,3
MAELIG,F,2021,74,6
MAELIG,F,2021,75,4
MAELIG,F,2021,76,5
MAELIG,F,2021,77,4
MAELIG,F,2021,78,4
MAELIG,F,2021,79,3
MAELIG,F,2021,80,6
MAELIG,F,2021,81,10
MAELIG,F,2021,82,3
MAELIG,F,2021,83,3
MAELIG,F,2021,84,1
MAELIG,F,2021,85,1
MAELIG,F,2021,86,3
MAELIG,F,2021,87,5
MAELIG,F,2021,88,4
MAELIG,F,2021,89,4
MAELIG,F,2021,90,6
MAELIG,F,2021,91,4
MAELIG,F,2021,92,6
MAELIG,F,2021,93,4
MAELIG,F,2021,94,4
MAELIG,F,2021,95,6
MAELIG,M,2021,01,5
MAELIG,M,2021,02,7
MAELIG,M,2021,03,3
MAELIG,M,2021,04,2
MAELIG,M,2021,05,4
MAELIG,M,2021,06,5
MAELIG,M,2021,07,5
MAELIG,M,2021,08,8
MAELIG,M,2021,09,4
MAELIG,M,2021,10,3
MAELIG,M,2021,11,3
MAELIG,M,2021,12,7
MAELIG,M,2021,13,4
MAELIG,M,2021,14,8
MAELIG,M,2021,15,4
MAELIG,M,2021,16,5
MAELIG,M,2021,17,1
MAELIG,M,2021,18,4
MAELIG,M,2021,19,4
MAELIG,M,2021,21,4
MAELIG,M,2021,22,31
MAELIG,M,2021,23,3
MAELIG,M,2021,24,5
MAELIG,M,2021,25,8
MAELIG,M,2021,26,10
MAELIG,M,2021,27,3
MAELIG,M,2021,28,3
MAELIG,M,2021,29,24
MAELIG,M,2021,2A,2
MAELIG,M,2021,2B,9
MAELIG,M,2021,30,5
MAELIG,M,2021,31,11
MAELIG,M,2021,32,5
MAELIG,M,2021,33,6
MAELIG,M,2021,34,4
MAELIG,M,2021,35,26
MAELIG,M,2021,36,5
MAELIG,M,2021,37,1
MAELIG,M,2021,38,3
MAELIG,M,2021,39,4
MAELIG,M,2021,40,5
MAELIG,M,2021,41,5
MAELIG,M,2021,42,4
MAELIG,M,2021,43,3
MAELIG,M,2021,44,30
MAELIG,M,2021,45,2
MAELIG,M,2021,46,6
MAELIG,M,2021,47,7
MAELIG,M,2021,48,5
MAELIG,M,2021,49,1
MAELIG,M,2021,50,7
MAELIG,M,2021,51,3
MAELIG,M,2021,52,4
MAELIG,M,2021,53,2
MAELIG,M,2021,54,2
MAELIG,M,2021,55,2
MAELIG,M,2021,56,26
MAELIG,M,2021,57,7
MAELIG,M,2021,58,3
MAELIG,M,2021,59,6
MAELIG,M,2021,60,6
MAELIG,M,2021,61,4
MAELIG,M,2021,62,3
MAELIG,M,2021,63,7
MAELIG,M,2021,64,4
MAELIG,M,2021,65,6
MAELIG,M,2021,66,3
MAELIG,M,2021,67,1
MAELIG,M,2021,69,8
MAELIG,M,2021,70,8
MAELIG,M,2021,71,8
MAELIG,M,2021,72,2
MAELIG,M,2021,73,5
MAELIG,M,2021,74,3
MAELIG,M,2021,76,4
MAELIG,M,2021,77,1
MAELIG,M,2021,78,5
MAELIG,M,2021,79,4
MAELIG,M,2021,80,3
MAELIG,M,2021,81,3
MAELIG,M,2021,82,4
MAELIG,M,2021,83,2
MAELIG,M,2021,84,3
MAELIG,M,2021,85,3
MAELIG,M,2021,86,7
MAELIG,M,2021,87,7
MAELIG,M,2021,88,5
MAELIG,M,2021,89,1
MAELIG,M,2021,90,8
MAELIG,M,2021,91,4
MAELIG,M,2021,92,9
MAELIG,M,2021,93,4
MAELIG,M,2021,94,2
MAELIG,M,2021,95,4
LOUISE,F,2021,01,3
LOUISE,F,2021,02,8
LOUISE,F,2021,03,2
LOUISE,F,2021,04,2
LOUISE,F,2021,05,1
LOUISE,F,2021,06,1
LOUISE,F,2021,07,7
LOUISE,F,2021,08,2
LOUISE,F,2021,09,8
LOUISE,F,2021,10,8
LOUISE,F,2021,11,8
LOUISE,F,2021,12,2
LOUISE,F,2021,13,6
LOUISE,F,2021,14,7
LOUISE,F,2021,15,8
LOUISE,F,2021,16,4
LOUISE,F,2021,17,3
LOUISE,F,2021,18,3
LOUISE,F,2021,19,3
LOUISE,F,2021,21,6
LOUISE,F,2021,22,2
LOUISE,F,2021,23,4
LOUISE,F,2021,24,4
LOUISE,F,2021,25,4
LOUISE,F,2021,26,4
LOUISE,F,2021,27,5
LOUISE,F,2021,28,3
LOUISE,F,2021,29,4
LOUISE,F,2021,2A,6
LOUISE,F,2021,2B,4
LOUISE,F,2021,30,6
LOUISE,F,2021,31,4
LOUISE,F,2021,32,5
LOUISE,F,2021,33,3
LOUISE,F,2021,34,3
LOUISE,F,2021,35,5
LOUISE,F,2021,36,4
LOUISE,F,2021,37,2
LOUISE,F,2021,38,8
LOUISE,F,2021,39,2
LOUISE,F,2021,40,2
LOUISE,F,2021,41,6
LOUISE,F,2021,42,6
LOUISE,F,2021,43,5
LOUISE,F,2021,44,4
LOUISE,F,2021,45,4
LOUISE,F,2021,46,8
LOUISE,F,2021,47,6
LOUISE,F,2021,48,4
LOUISE,F,2021,49,3
LOUISE,F,2021,50,3
LOUISE,F,2021,51,7
LOUISE,F,2021,52,2
LOUISE,F,2021,53,4
LOUISE,F,2021,54,2
LOUISE,F,2021,55,2
LOUISE,F,2021,56,4
LOUISE,F,2021,57,3
LOUISE,F,2021,58,7
LOUISE,F,2021,59,6
LOUISE,F,2021,60,5
LOUISE,F,2021,61,8
LOUISE,F,2021,62,5
LOUISE,F,2021,63,7
LOUISE,F,2021,64,5
LOUISE,F,2021,65,5
LOUISE,F,2021,66,4
LOUISE,F,2021,67,2
LOUISE,F,2021,68,2
LOUISE,F,2021,69,1
LOUISE,F,2021,70,4
LOUISE,F,2021,71,7
LOUISE,F,2021,72,7
LOUISE,F,2021,73,5
LOUISE,F,2021,74,4
LOUISE,F,2021,75,6
LOUISE,F,2021,76,5
LOUISE,F,2021,77,3
LOUISE,F,2021,78,4
LOUISE,F,2021,79,9
LOUISE,F,2021,80,9
LOUISE,F,2021,81,4
LOUISE,F,2021,82,5
LOUISE,F,2021,83,7
LOUISE,F,2021,84,6
LOUISE,F,2021,85,4
LOUISE,F,2021,86,6
LOUISE,F,2021,87,1
LOUISE,F,2021,88,2
LOUISE,F,2021,89,3
LOUISE,F,2021,90,2
LOUISE,F,2021,91,5
LOUISE,F,2021,92,3
LOUISE,F,2021,93,6
LOUISE,F,2021,94,6
LOUISE,F,2021,95,3
LOUISE,M,2021,01,5
LOUISE,M,2021,02,2
LOUISE,M,2021,03,4
LOUISE,M,2021,04,7
LOUISE,M,2021,05,9
LOUISE,M,2021,06,1
LOUISE,M,2021,07,3
LOUISE,M,2021,08,2
LOUISE,M,2021,09,4
LOUISE,M,2021,10,2
LOUISE,M,2021,11,4
LOUISE,M,2021,13,4
LOUISE,M,2021,14,6
LOUISE,M,2021,15,3
LOUISE,M,2021,16,4
LOUISE,M,2021,17,2
LOUISE,M,2021,18,7
LOUISE,M,2021,19,5
LOUISE,M,2021,21,2
LOUISE,M,2021,22,2
LOUISE,M,2021,23,3
LOUISE,M,2021,24,5
LOUISE,M,2021,25,1
LOUISE,M,2021,26,6
LOUISE,M,2021,27,5
LOUISE,M,2021,28,4
LOUISE,M,2021,29,4
LOUISE,M,2021,2A,2
LOUISE,M,2021,2B,2
LOUISE,M,2021,30,2
LOUISE,M,2021,31,7
LOUISE,M,2021,32,2
LOUISE,M,2021,33,7
LOUISE,M,2021,34,2
LOUISE,M,2021,35,4
LOUISE,M,2021,36,4
LOUISE,M,2021,37,4
LOUISE,M,2021,38,10
LOUISE,M,2021,39,4
LOUISE,M,2021,40,1
LOUISE,M,2021,41,5
LOUISE,M,2021,42,4
LOUISE,M,2021,43,2
LOUISE,M,2021,44,6
LOUISE,M,2021,45,3
LOUISE,M,2021,46,4
LOUISE,M,2021,47,5
LOUISE,M,2021,48,4
LOUISE,M,2021,49,1
LOUISE,M,2021,50,3
LOUISE,M,2021,51,3
LOUISE,M,2021,52,5
LOUISE,M,2021,53,5
LOUISE,M,2021,54,3
LOUISE,M,2021,55,3
LOUISE,M,2021,56,3
LOUISE,M,2021,57,2
LOUISE,M,2021,58,3
LOUISE,M,2021,59,4
LOUISE,M,2021,60,4
LOUISE,M,2021,61,4
LOUISE,M,2021,62,6
LOUISE,M,2021,63,2
LOUISE,M,2021,64,4
LOUISE,M,2021,65,1
LOUISE,M,2021,66,3
LOUISE,M,2021,67,3
LOUISE,M,2021,68,6
LOUISE,M,2021,69,8
LOUISE,M,2021,70,1
LOUISE,M,2021,71,4
LOUISE,M,2021,72,6
LOUISE,M,2021,74,4
LOUISE,M,2021,75,3
LOUISE,M,2021,76,3
LOUISE,M,2021,77,9
LOUISE,M,2021,79,5
LOUISE,M,2021,80,6
LOUISE,M,2021,81,1
LOUISE,M,2021,82,3
LOUISE,M,2021,83,5
LOUISE,M,2021,84,4
LOUISE,M,2021,85,3
LOUISE,M,2021,86,1
LOUISE,M,2021,87,2
LOUISE,M,2021,88,4
LOUISE,M,2021,89,6
LOUISE,M,2021,90,6
LOUISE,M,2021,91,7
LOUISE,M,2021,92,2
LOUISE,M,2021,93,6
LOUISE,M,2021,94,4
LOUISE,M,2021,95,2
GABRIEL,F,2021,01,7
GABRIEL,F,2021,02,5
GABRIEL,F,2021,03,3
GABRIEL,F,2021,04,4
GABRIEL,F,2021,05,1
GABRIEL,F,2021,06,1
GABRIEL,F,2021,07,5
GABRIEL,F,2021,08,6
GABRIEL,F,2021,09,4
GABRIEL,F,2021,10,5
GABRIEL,F,2021,11,6
GABRIEL,F,2021,12,7
GABRIEL,F,2021,13,2
GABRIEL,F,2021,14,3
GABRIEL,F,2021,15,4
GABRIEL,F,2021,16,5
GABRIEL,F,2021,17,1
GABRIEL,F,2021,18,7
GABRIEL,F,2021,19,6
GABRIEL,F,2021,21,3
GABRIEL,F,2021,22,2
GABRIEL,F,2021,23,5
GABRIEL,F,2021,24,9
GABRIEL,F,2021,25,7
GABRIEL,F,2021,26,2
GABRIEL,F,2021,27,4
GABRIEL,F,2021,28,7
GABRIEL,F,2021,29,4
GABRIEL,F,2021,2A,6
GABRIEL,F,2021,2B,3
GABRIEL,F,2021,31,3
GABRIEL,F,2021,32,4
GABRIEL,F,2021,33,3
GABRIEL,F,2021,34,4
GABRIEL,F,2021,35,8
GABRIEL,F,2021,36,5
GABRIEL,F,2021,37,10
GABRIEL,F,2021,38,3
GABRIEL,F,2021,39,10
GABRIEL,F,2021,40,3
GABRIEL,F,2021,41,5
GABRIEL,F,2021,42,1
GABRIEL,F,2021,43,1
GABRIEL,F,2021,44,3
GABRIEL,F,2021,46,5
GABRIEL,F,2021,47,4
GABRIEL,F,2021,48,2
GABRIEL,F,2021,49,2
GABRIEL,F,2021,50,1
GABRIEL,F,2021,51,2
GABRIEL,F,2021,52,3
GABRIEL,F,2021,53,6
GABRIEL,F,2021,54,9
GABRIEL,F,2021,55,3
GABRIEL,F,2021,56,4
GABRIEL,F,2021,57,4
GABRIEL,F,2021,58,1
GABRIEL,F,2021,59,5
GABRIEL,F,2021,60,3
GABRIEL,F,2021,61,8
GABRIEL,F,2021,62,2
GABRIEL,F,2021,63,4
GABRIEL,F,2021,64,6
GABRIEL,F,2021,65,4
GABRIEL,F,2021,66,2
GABRIEL,F,2021,67,2
GABRIEL,F,2021,68,6
GABRIEL,F,2021,69,4
GABRIEL,F,2021,70,3
GABRIEL,F,2021,71,2
GABRIEL,F,2021,72,3
GABRIEL,F,2021,73,6
GABRIEL,F,2021,74,4
GABRIEL,F,2021,75,4
GABRIEL,F,2021,76,4
GABRIEL,F,2021,77,5
GABRIEL,F,2021,78,2
GABRIEL,F,2021,79,10
GABRIEL,F,2021,80,1
GABRIEL,F,2021,81,3
GABRIEL,F,2021,82,6
GABRIEL,F,2021,83,5
GABRIEL,F,2021,84,7
GABRIEL,F,2021,85,4
GABRIEL,F,2021,86,3
GABRIEL,F,2021,87,3
GABRIEL,F,2021,88,6
GABRIEL,F,2021,89,3
GABRIEL,F,2021,90,3
GABRIEL,F,2021,91,4
GABRIEL,F,2021,92,7
GABRIEL,F,2021,93,4
GABRIEL,F,2021,94,5
GABRIEL,F,2021,95,3
GABRIEL,M,2021,01,2
GABRIEL,M,2021,02,7
GABRIEL,M,2021,03,4
GABRIEL,M,2021,04,5
GABRIEL,M,2021,05,5
GABRIEL,M,2021,06,2
GABRIEL,M,2021,07,6
GABRIEL,M,2021,08,2
GABRIEL,M,2021,09,3
GABRIEL,M,2021,10,6
GABRIEL,M,2021,11,6
GABRIEL,M,2021,12,2
GABRIEL,M,2021,13,4
GABRIEL,M,2021,14,5
GABRIEL,M,2021,15,4
GABRIEL,M,2021,16,5
GABRIEL,M,2021,17,1
GABRIEL,M,2021,18,2
GABRIEL,M,2021,19,3
GABRIEL,M,2021,21,4
GABRIEL,M,2021,22,3
GABRIEL,M,2021,23,2
GABRIEL,M,2021,24,4
GABRIEL,M,2021,25,3
GABRIEL,M,2021,26,8
GABRIEL,M,2021,27,3
GABRIEL,M,2021,28,3
GABRIEL,M,2021,29,2
GABRIEL,M,2021,2A,3
GABRIEL,M,2021,2B,3
GABRIEL,M,2021,30,5
GABRIEL,M,2021,31,5
GABRIEL,M,2021,32,4
GABRIEL,M,2021,33,3
GABRIEL,M,2021,34,4
GABRIEL,M,2021,35,1
GABRIEL,M,2021,36,5
GABRIEL,M,2021,37,3
GABRIEL,M,2021,38,7
GABRIEL,M,2021,39,4
GABRIEL,M,2021,40,5
GABRIEL,M,2021,41,4
GABRIEL,M,2021,43,3
GABRIEL,M,2021,44,1
GABRIEL,M,2021,45,3
GABRIEL,M,2021,46,8
GABRIEL,M,2021,47,4
GABRIEL,M,2021,48,5
GABRIEL,M,2021,49,3
GABRIEL,M,2021,50,5
GABRIEL,M,2021,51,4
GABRIEL,M,2021,52,5
GABRIEL,M,2021,53,5
GABRIEL,M,2021,54,6
GABRIEL,M,2021,55,1
GABRIEL,M,2021,56,6
GABRIEL,M,2021,57,4
GABRIEL,M,2021,59,1
GABRIEL,M,2021,60,7
GABRIEL,M,2021,61,5
GABRIEL,M,2021,62,3
GABRIEL,M,2021,63,5
GABRIEL,M,2021,64,2
GABRIEL,M,2021,65,1
GABRIEL,M,2021,66,3
GABRIEL,M,2021,67,7
GABRIEL,M,2021,68,9
GABRIEL,M,2021,69,7
GABRIEL,M,2021,70,4
GABRIEL,M,2021,71,6
GABRIEL,M,2021,72,5
GABRIEL,M,2021,73,5
GABRIEL,M,2021,74,2
GABRIEL,M,2021,75,5
GABRIEL,M,2021,76,4
GABRIEL,M,2021,77,3
GABRIEL,M,2021,78,3
GABRIEL,M,2021,80,2
GABRIEL,M,2021,81,2
GABRIEL,M,2021,82,4
GABRIEL,M,2021,83,8
GABRIEL,M,2021,84,4
GABRIEL,M,2021,85,7
GABRIEL,M,2021,86,2
GABRIEL,M,2021,87,1
GABRIEL,M,2021,88,4
GABRIEL,M,2021,89,4
GABRIEL,M,2021,90,6
GABRIEL,M,2021,91,6
GABRIEL,M,2021,92,3
GABRIEL,M,2021,93,4
GABRIEL,M,2021,94,5
GABRIEL,M,2021,95,3
JADE,F,2021,01,3
JADE,F,2021,02,4
JADE,F,2021,03,6
JADE,F,2021,05,5
JADE,F,2021,06,6
JADE,F,2021,07,5
JADE,F,2021,08,4
JADE,F,2021,09,2
JADE,F,2021,10,4
JADE,F,2021,11,4
JADE,F,2021,12,5
JADE,F,2021,13,1
JADE,F,2021,14,5
JADE,F,2021,15,1
JADE,F,2021,16,4
JADE,F,2021,17,5
JADE,F,2021,18,5
JADE,F,2021,19,2
JADE,F,2021,21,3
JADE,F,2021,22,5
JADE,F,2021,23,7
JADE,F,2021,24,2
JADE,F,2021,25,2
JADE,F,2021,26,6
JADE,F,2021,27,5
JADE,F,2021,28,6
JADE,F,2021,29,6
JADE,F,2021,2A,2
JADE,F,2021,2B,4
JADE,F,2021,30,3
JADE,F,2021,31,8
JADE,F,2021,32,2
JADE,F,2021,33,9
JADE,F,2021,34,5
JADE,F,2021,35,5
JADE,F,2021,36,5
JADE,F,2021,37,3
JADE,F,2021,38,4
JADE,F,2021,39,2
JADE,F,2021,40,3
JADE,F,2021,41,3
JADE,F,2021,42,4
JADE,F,2021,43,2
JADE,F,2021,44,9
JADE,F,2021,45,6
JADE,F,2021,46,5
JADE,F,2021,47,4
JADE,F,2021,48,1
JADE,F,2021,49,3
JADE,F,2021,50,4
JADE,F,2021,51,8
JADE,F,2021,52,5
JADE,F,2021,53,5
JADE,F,2021,54,3
JADE,F,2021,55,7
JADE,F,2021,56,6
JADE,F,2021,57,3
JADE,F,2021,58,2
JADE,F,2021,59,2
JADE,F,2021,60,6
JADE,F,2021,61,7
JADE,F,2021,62,4
JADE,F,2021,63,4
JADE,F,2021,64,1
JADE,F,2021,65,3
JADE,F,2021,66,3
JADE,F,2021,67,5
JADE,F,2021,68,1
JADE,F,2021,69,6
JADE,F,2021,70,4
JADE,F,2021,71,6
JADE,F,2021,72,3
JADE,F,2021,73,5
JADE,F,2021,74,6
JADE,F,2021,75,2
JADE,F,2021,76,10
JADE,F,2021,77,1
JADE,F,2021,78,7
JADE,F,2021,79,3
JADE,F,2021,80,3
JADE,F,2021,81,4
JADE,F,2021,82,3
JADE,F,2021,83,5
JADE,F,2021,84,3
JADE,F,2021,85,4
JADE,F,2021,86,4
JADE,F,2021,87,4
JADE,F,2021,88,5
JADE,F,2021,89,5
JADE,F,2021,90,6
JADE,F,2021,91,1
JADE,F,2021,92,2
JADE,F,2021,93,7
JADE,F,2021,94,2
JADE,F,2021,95,6
JADE,M,2021,01,4
JADE,M,2021,02,4
JADE,M,2021,03,2
JADE,M,2021,04,5
JADE,M,2021,05,9
JADE,M,2021,06,3
JADE,M,2021,07,4
JADE,M,2021,08,4
JADE,M,2021,09,5
JADE,M,2021,10,7
JADE,M,2021,11,3
JADE,M,2021,12,5
JADE,M,2021,13,2
JADE,M,2021,14,4
JADE,M,2021,15,4
JADE,M,2021,16,5
JADE,M,2021,17,2
JADE,M,2021,18,6
JADE,M,2021,19,2
JADE,M,2021,21,3
JADE,M,2021,22,3
JADE,M,2021,23,5
JADE,M,2021,24,7
JADE,M,2021,25,2
JADE,M,2021,26,5
JADE,M,2021,27,3
JADE,M,2021,28,4
JADE,M,2021,29,5
JADE,M,2021,2A,1
JADE,M,2021,2B,5
JADE,M,2021,30,7
JADE,M,2021,31,3
JADE,M,2021,32,3
JADE,M,2021,33,2
JADE,M,2021,34,5
JADE,M,2021,35,2
JADE,M,2021,36,4
JADE,M,2021,37,3
JADE,M,2021,38,6
JADE,M,2021,39,5
JADE,M,2021,40,3
JADE,M,2021,41,3
JADE,M,2021,42,3
JADE,M,2021,43,2
JADE,M,2021,44,5
JADE,M,2021,45,3
JADE,M,2021,46,2
JADE,M,2021,47,5
JADE,M,2021,48,2
JADE,M,2021,49,3
JADE,M,2021,50,4
JADE,M,2021,51,5
JADE,M,2021,52,4
JADE,M,2021,53,4
JADE,M,2021,54,2
JADE,M,2021,55,4
JADE,M,2021,56,5
JADE,M,2021,57,2
JADE,M,2021,58,3
JADE,M,2021,59,4
JADE,M,2021,60,3
JADE,M,2021,61,3
JADE,M,2021,62,4
JADE,M,2021,63,1
JADE,M,2021,64,3
JADE,M,2021,65,2
JADE,M,2021,66,6
JADE,M,2021,67,4
JADE,M,2021,68,8
JADE,M,2021,69,2
JADE,M,2021,70,5
JADE,M,2021,71,2
JADE,M,2021,72,6
JADE,M,2021,73,5
JADE,M,2021,74,4
JADE,M,2021,75,3
JADE,M,2021,76,3
JADE,M,2021,77,8
JADE,M,2021,78,2
JADE,M,2021,79,2
JADE,M,2021,80,4
JADE,M,2021,81,3
JADE,M,2021,82,5
JADE,M,2021,84,1
JADE,M,2021,85,2
JADE,M,2021,86,9
JADE,M,2021,87,1
JADE,M,2021,88,5
JADE,M,2021,89,4
JADE,M,2021,90,5
JADE,M,2021,91,2
JADE,M,2021,92,9
JADE,M,2021,93,8
JADE,M,2021,94,4
JADE,M,2021,95,4
ARTHUR,F,2021,01,6
ARTHUR,F,2021,03,4
ARTHUR,F,2021,04,5
ARTHUR,F,2021,05,5
ARTHUR,F,2021,06,6
ARTHUR,F,2021,07,3
ARTHUR,F,2021,08,1
ARTHUR,F,2021,09,3
ARTHUR,F,2021,10,3
ARTHUR,F,2021,11,6
ARTHUR,F,2021,12,9
ARTHUR,F,2021,13,7
ARTHUR,F,2021,14,5
ARTHUR,F,2021,15,5
ARTHUR,F,2021,16,3
ARTHUR,F,2021,17,3
ARTHUR,F,2021,18,2
ARTHUR,F,2021,19,4
ARTHUR,F,2021,21,6
ARTHUR,F,2021,22,3
ARTHUR,F,2021,23,6
ARTHUR,F,2021,24,5
ARTHUR,F,2021,25,7
ARTHUR,F,2021,26,6
ARTHUR,F,2021,27,7
ARTHUR,F,2021,28,1
ARTHUR,F,2021,29,6
ARTHUR,F,2021,2A,3
ARTHUR,F,2021,2B,1
ARTHUR,F,2021,30,7
ARTHUR,F,2021,31,4
ARTHUR,F,2021,32,2
ARTHUR,F,2021,33,6
ARTHUR,F,2021,34,2
ARTHUR,F,2021,35,4
ARTHUR,F,2021,37,4
ARTHUR,F,2021,38,2
ARTHUR,F,2021,39,4
ARTHUR,F,2021,40,5
ARTHUR,F,2021,41,6
ARTHUR,F,2021,42,8
ARTHUR,F,2021,43,3
ARTHUR,F,2021,44,3
ARTHUR,F,2021,45,4
ARTHUR,F,2021,46,5
ARTHUR,F,2021,47,3
ARTHUR,F,2021,48,6
ARTHUR,F,2021,49,4
ARTHUR,F,2021,50,1
ARTHUR,F,2021,51,2
ARTHUR,F,2021,52,5
ARTHUR,F,2021,53,1
ARTHUR,F,2021,54,5
ARTHUR,F,2021,55,3
ARTHUR,F,2021,56,4
ARTHUR,F,2021,57,3
ARTHUR,F,2021,58,6
ARTHUR,F,2021,59,3
ARTHUR,F,2021,60,7
ARTHUR,F,2021,61,3
ARTHUR,F,2021,62,4
ARTHUR,F,2021,63,8
ARTHUR,F,2021,64,2
ARTHUR,F,2021,65,9
ARTHUR,F,2021,66,3
ARTHUR,F,2021,67,2
ARTHUR,F,2021,68,3
ARTHUR,F,2021,69,3
ARTHUR,F,2021,70,2
ARTHUR,F,2021,71,1
ARTHUR,F,2021,72,9
ARTHUR,F,2021,74,3
ARTHUR,F,2021,75,2
ARTHUR,F,2021,76,3
ARTHUR,F,2021,77,3
ARTHUR,F,2021,78,1
ARTHUR,F,2021,79,4
ARTHUR,F,2021,80,4
ARTHUR,F,2021,81,5
ARTHUR,F,2021,82,3
ARTHUR,F,2021,83,5
ARTHUR,F,2021,84,4
ARTHUR,F,2021,85,5
ARTHUR,F,2021,86,4
ARTHUR,F,2021,87,3
ARTHUR,F,2021,88,6
ARTHUR,F,2021,89,6
ARTHUR,F,2021,90,3
ARTHUR,F,2021,91,6
ARTHUR,F,2021,92,4
ARTHUR,F,2021,93,5
ARTHUR,F,2021,94,5
ARTHUR,F,2021,95,8
ARTHUR,M,2021,01,4
ARTHUR,M,2021,02,6
ARTHUR,M,2021,03,4
ARTHUR,M,2021,04,6
ARTHUR,M,2021,05,4
ARTHUR,M,2021,06,4
ARTHUR,M,2021,07,3
ARTHUR,M,2021,08,4
ARTHUR,M,2021,09,2
ARTHUR,M,2021,10,3
ARTHUR,M,2021,11,6
ARTHUR,M,2021,12,2
ARTHUR,M,2021,13,2
ARTHUR,M,2021,14,4
ARTHUR,M,2021,15,6
ARTHUR,M,2021,16,5
ARTHUR,M,2021,17,7
ARTHUR,M,2021,18,6
ARTHUR,M,2021,19,6
ARTHUR,M,2021,21,8
ARTHUR,M,2021,22,2
ARTHUR,M,2021,23,5
ARTHUR,M,2021,24,3
ARTHUR,M,2021,25,7
ARTHUR,M,2021,26,4
ARTHUR,M,2021,27,6
ARTHUR,M,2021,28,4
ARTHUR,M,2021,29,3
ARTHUR,M,2021,2A,4
ARTHUR,M,2021,2B,1
ARTHUR,M,2021,30,5
ARTHUR,M,2021,32,3
ARTHUR,M,2021,33,5
ARTHUR,M,2021,34,1
ARTHUR,M,2021,35,3
ARTHUR,M,2021,36,3
ARTHUR,M,2021,37,2
ARTHUR,M,2021,38,4
ARTHUR,M,2021,39,4
ARTHUR,M,2021,40,5
ARTHUR,M,2021,41,5
ARTHUR,M,2021,42,4
ARTHUR,M,2021,44,1
ARTHUR,M,2021,45,4
ARTHUR,M,2021,46,3
ARTHUR,M,2021,47,3
ARTHUR,M,2021,48,2
ARTHUR,M,2021,49,4
ARTHUR,M,2021,50,4
ARTHUR,M,2021,51,4
ARTHUR,M,2021,52,1
ARTHUR,M,2021,53,6
ARTHUR,M,2021,54,5
ARTHUR,M,2021,55,4
ARTHUR,M,2021,56,1
ARTHUR,M,2021,57,3
ARTHUR,M,2021,58,1
ARTHUR,M,2021,59,2
ARTHUR,M,2021,60,2
ARTHUR,M,2021,61,3
ARTHUR,M,2021,62,4
ARTHUR,M,2021,63,4
ARTHUR,M,2021,64,4
ARTHUR,M,2021,65,5
ARTHUR,M,2021,66,8
ARTHUR,M,2021,67,4
ARTHUR,M,2021,68,5
ARTHUR,M,2021,69,7
ARTHUR,M,2021,70,2
ARTHUR,M,2021,71,3
ARTHUR,M,2021,72,5
ARTHUR,M,2021,73,4
ARTHUR,M,2021,74,3
ARTHUR,M,2021,75,8
ARTHUR,M,2021,76,6
ARTHUR,M,2021,77,3
ARTHUR,M,2021,78,7
ARTHUR,M,2021,79,4
ARTHUR,M,2021,80,2
ARTHUR,M,2021,81,3
ARTHUR,M,2021,82,3
ARTHUR,M,2021,83,2
ARTHUR,M,2021,84,2
ARTHUR,M,2021,85,3
ARTHUR,M,2021,86,4
ARTHUR,M,2021,87,3
ARTHUR,M,2021,88,5
ARTHUR,M,2021,89,1
ARTHUR,M,2021,90,3
ARTHUR,M,2021,91,5
ARTHUR,M,2021,92,6
ARTHUR,M,2021,93,5
ARTHUR,M,2021,94,4
ARTHUR,M,2021,95,4
MAELIG,F,2022,01,8
MAELIG,F,2022,02,3
MAELIG,F,2022,03,4
MAELIG,F,2022,04,3
MAELIG,F,2022,05,3
MAELIG,F,2022,06,6
MAELIG,F,2022,07,3
MAELIG,F,2022,08,2
MAELIG,F,2022,09,5
MAELIG,F,2022,10,2
MAELIG,F,2022,11,6
MAELIG,F,2022,12,2
MAELIG,F,2022,13,3
MAELIG,F,2022,14,3
MAELIG,F,2022,15,1
MAELIG,F,2022,16,5
MAELIG,F,2022,17,6
MAELIG,F,2022,18,3
MAELIG,F,2022,19,3
MAELIG,F,2022,21,6
MAELIG,F,2022,22,35
MAELIG,F,2022,23,5
MAELIG,F,2022,24,4
MAELIG,F,2022,25,2
MAELIG,F,2022,26,3
MAELIG,F,2022,27,2
MAELIG,F,2022,28,2
MAELIG,F,2022,29,33
MAELIG,F,2022,2A,4
MAELIG,F,2022,2B,3
MAELIG,F,2022,30,4
MAELIG,F,2022,31,7
MAELIG,F,2022,32,4
MAELIG,F,2022,33,4
MAELIG,F,2022,34,5
MAELIG,F,2022,35,20
MAELIG,F,2022,36,2
MAELIG,F,2022,37,5
MAELIG,F,2022,38,3
MAELIG,F,2022,39,6
MAELIG,F,2022,40,2
MAELIG,F,2022,41,4
MAELIG,F,2022,42,3
MAELIG,F,2022,43,5
MAELIG,F,2022,44,27
MAELIG,F,2022,45,1
MAELIG,F,2022,46,4
MAELIG,F,2022,47,3
MAELIG,F,2022,48,3
MAELIG,F,2022,49,5
MAELIG,F,2022,50,6
MAELIG,F,2022,51,6
MAELIG,F,2022,52,8
MAELIG,F,2022,53,4
MAELIG,F,2022,54,1
MAELIG,F,2022,55,3
MAELIG,F,2022,56,27
MAELIG,F,2022,57,3
MAELIG,F,2022,58,5
MAELIG,F,2022,59,5
MAELIG,F,2022,60,7
MAELIG,F,2022,61,3
MAELIG,F,2022,62,4
MAELIG,F,2022,63,4
MAELIG,F,2022,64,5
MAELIG,F,2022,65,8
MAELIG,F,2022,66,2
MAELIG,F,2022,67,3
MAELIG,F,2022,68,6
MAELIG,F,2022,69,5
MAELIG,F,2022,70,5
MAELIG,F,2022,71,2
MAELIG,F,2022,72,3
MAELIG,F,2022,73,6
MAELIG,F,2022,74,1
MAELIG,F,2022,75,4
MAELIG,F,2022,76,11
MAELIG,F,2022,77,6
MAELIG,F,2022,78,5
MAELIG,F,2022,79,4
MAELIG,F,2022,80,6
MAELIG,F,2022,81,4
MAELIG,F,2022,82,7
MAELIG,F,2022,83,7
MAELIG,F,2022,84,4
MAELIG,F,2022,85,6
MAELIG,F,2022,86,2
MAELIG,F,2022,87,2
MAELIG,F,2022,88,4
MAELIG,F,2022,89,2
MAELIG,F,2022,90,4
MAELIG,F,2022,91,4
MAELIG,F,2022,92,3
MAELIG,F,2022,93,3
MAELIG,F,2022,94,2
MAELIG,F,2022,95,5
MAELIG,M,2022,01,3
MAELIG,M,2022,02,7
MAELIG,M,2022,03,4
MAELIG,M,2022,04,8
MAELIG,M,2022,05,4
MAELIG,M,2022,06,2
MAELIG,M,2022,07,6
MAELIG,M,2022,08,3
MAELIG,M,2022,09,6
MAELIG,M,2022,10,3
MAELIG,M,2022,11,3
MAELIG,M,2022,12,3
MAELIG,M,2022,13,1
MAELIG,M,2022,14,1
MAELIG,M,2022,15,3
MAELIG,M,2022,16,1
MAELIG,M,2022,17,3
MAELIG,M,2022,18,5
MAELIG,M,2022,19,5
MAELIG,M,2022,21,6
MAELIG,M,2022,22,30
MAELIG,M,2022,23,4
MAELIG,M,2022,24,1
MAELIG,M,2022,25,3
MAELIG,M,2022,26,4
MAELIG,M,2022,27,3
MAELIG,M,2022,28,8
MAELIG,M,2022,29,24
MAELIG,M,2022,2A,4
MAELIG,M,2022,2B,3
MAELIG,M,2022,30,4
MAELIG,M,2022,31,4
MAELIG,M,2022,32,9
MAELIG,M,2022,33,2
MAELIG,M,2022,34,1
MAELIG,M,2022,35,25
MAELIG,M,2022,36,2
MAELIG,M,2022,37,7
MAELIG,M,2022,38,2
MAELIG,M,2022,39,8
MAELIG,M,2022,40,4
MAELIG,M,2022,41,5
MAELIG,M,2022,42,5
MAELIG,M,2022,43,4
MAELIG,M,2022,44,21
MAELIG,M,2022,45,3
MAELIG,M,2022,46,5
MAELIG,M,2022,47,4
MAELIG,M,2022,48,1
MAELIG,M,2022,49,2
MAELIG,M,2022,50,4
MAELIG,M,2022,51,3
MAELIG,M,2022,52,3
MAELIG,M,2022,53,7
MAELIG,M,2022,54,7
MAELIG,M,2022,55,3
MAELIG,M,2022,56,29
MAELIG,M,2022,57,5
MAELIG,M,2022,58,5
MAELIG,M,2022,59,4
MAELIG,M,2022,60,3
MAELIG,M,2022,62,3
MAELIG,M,2022,63,8
MAELIG,M,2022,64,4
MAELIG,M,2022,65,6
MAELIG,M,2022,66,1
MAELIG,M,2022,67,2
MAELIG,M,2022,68,3
MAELIG,M,2022,69,3
MAELIG,M,2022,70,4
MAELIG,M,2022,71,3
MAELIG,M,2022,72,2
MAELIG,M,2022,73,2
MAELIG,M,2022,74,4
MAELIG,M,2022,75,4
MAELIG,M,2022,76,2
MAELIG,M,2022,77,5
MAELIG,M,2022,78,10
MAELIG,M,2022,79,2
MAELIG,M,2022,80,4
MAELIG,M,2022,81,2
MAELIG,M,2022,82,1
MAELIG,M,2022,83,4
MAELIG,M,2022,84,4
MAELIG,M,2022,85,5
MAELIG,M,2022,86,2
MAELIG,M,2022,87,6
MAELIG,M,2022,88,5
MAELIG,M,2022,89,2
MAELIG,M,2022,90,4
MAELIG,M,2022,91,5
MAELIG,M,2022,92,4
MAELIG,M,2022,93,7
MAELIG,M,2022,94,2
MAELIG,M,2022,95,6
LOUISE,F,2022,01,7
LOUISE,F,2022,02,10
LOUISE,F,2022,03,7
LOUISE,F,2022,04,6
LOUISE,F,2022,06,3
LOUISE,F,2022,07,5
LOUISE,F,2022,08,3
LOUISE,F,2022,09,1
LOUISE,F,2022,10,6
LOUISE,F,2022,11,5
LOUISE,F,2022,12,4
LOUISE,F,2022,13,4
LOUISE,F,2022,14,1
LOUISE,F,2022,15,4
LOUISE,F,2022,16,5
LOUISE,F,2022,17,6
LOUISE,F,2022,18,4
LOUISE,F,2022,19,3
LOUISE,F,2022,21,1
LOUISE,F,2022,22,1
LOUISE,F,2022,23,2
LOUISE,F,2022,24,4
LOUISE,F,2022,25,4
LOUISE,F,2022,26,5
LOUISE,F,2022,27,4
LOUISE,F,2022,28,3
LOUISE,F,2022,29,6
LOUISE,F,2022,2A,6
LOUISE,F,2022,2B,2
LOUISE,F,2022,30,4
LOUISE,F,2022,31,2
LOUISE,F,2022,32,7
LOUISE,F,2022,33,6
LOUISE,F,2022,34,3
LOUISE,F,2022,35,6
LOUISE,F,2022,36,1
LOUISE,F,2022,37,4
LOUISE,F,2022,38,3
LOUISE,F,2022,39,3
LOUISE,F,2022,40,2
LOUISE,F,2022,41,4
LOUISE,F,2022,42,6
LOUISE,F,2022,43,4
LOUISE,F,2022,44,3
LOUISE,F,2022,45,1
LOUISE,F,2022,46,4
LOUISE,F,2022,47,5
LOUISE,F,2022,48,4
LOUISE,F,2022,49,1
LOUISE,F,2022,50,4
LOUISE,F,2022,51,4
LOUISE,F,2022,52,3
LOUISE,F,2022,53,6
LOUISE,F,2022,54,2
LOUISE,F,2022,55,5
LOUISE,F,2022,56,4
LOUISE,F,2022,57,2
LOUISE,F,2022,58,5
LOUISE,F,2022,59,11
LOUISE,F,2022,60,5
LOUISE,F,2022,61,4
LOUISE,F,2022,62,4
LOUISE,F,2022,63,3
LOUISE,F,2022,64,1
LOUISE,F,2022,65,3
LOUISE,F,2022,66,7
LOUISE,F,2022,67,3
LOUISE,F,2022,68,2
LOUISE,F,2022,69,5
LOUISE,F,2022,70,4
LOUISE,F,2022,71,3
LOUISE,F,2022,72,5
LOUISE,F,2022,73,3
LOUISE,F,2022,74,2
LOUISE,F,2022,75,6
LOUISE,F,2022,76,7
LOUISE,F,2022,77,1
LOUISE,F,2022,78,7
LOUISE,F,2022,79,4
LOUISE,F,2022,80,8
LOUISE,F,2022,81,3
LOUISE,F,2022,82,5
LOUISE,F,2022,83,2
LOUISE,F,2022,84,4
LOUISE,F,2022,85,3
LOUISE,F,2022,86,1
LOUISE,F,2022,87,3
LOUISE,F,2022,88,3
LOUISE,F,2022,89,3
LOUISE,F,2022,90,5
LOUISE,F,2022,91,3
LOUISE,F,2022,92,3
LOUISE,F,2022,93,5
LOUISE,F,2022,94,5
LOUISE,F,2022,95,4
LOUISE,M,2022,01,7
LOUISE,M,2022,02,5
LOUISE,M,2022,03,4
LOUISE,M,2022,04,7
LOUISE,M,2022,05,3
LOUISE,M,2022,06,2
LOUISE,M,2022,07,3
LOUISE,M,2022,08,6
LOUISE,M,2022,09,3
LOUISE,M,2022,10,8
LOUISE,M,2022,11,6
LOUISE,M,2022,12,3
LOUISE,M,2022,13,6
LOUISE,M,2022,14,7
LOUISE,M,2022,15,4
LOUISE,M,2022,16,2
LOUISE,M,2022,17,1
LOUISE,M,2022,18,6
LOUISE,M,2022,19,7
LOUISE,M,2022,21,4
LOUISE,M,2022,22,2
LOUISE,M,2022,23,4
LOUISE,M,2022,24,6
LOUISE,M,2022,25,4
LOUISE,M,2022,26,3
LOUISE,M,2022,27,4
LOUISE,M,2022,28,2
LOUISE,M,2022,29,5
LOUISE,M,2022,2A,5
LOUISE,M,2022,2B,4
LOUISE,M,2022,30,5
LOUISE,M,2022,31,2
LOUISE,M,2022,32,4
LOUISE,M,2022,33,2
LOUISE,M,2022,34,4
LOUISE,M,2022,35,3
LOUISE,M,2022,36,5
LOUISE,M,2022,37,6
LOUISE,M,2022,38,3
LOUISE,M,2022,39,3
LOUISE,M,2022,40,5
LOUISE,M,2022,41,7
LOUISE,M,2022,42,2
LOUISE,M,2022,43,5
LOUISE,M,2022,44,2
LOUISE,M,2022,45,2
LOUISE,M,2022,46,5
LOUISE,M,2022,47,5
LOUISE,M,2022,48,1
LOUISE,M,2022,49,6
LOUISE,M,2022,50,3
LOUISE,M,2022,51,3
LOUISE,M,2022,52,3
LOUISE,M,2022,53,2
LOUISE,M,2022,54,4
LOUISE,M,2022,55,5
LOUISE,M,2022,56,4
LOUISE,M,2022,57,3
LOUISE,M,2022,58,6
LOUISE,M,2022,59,4
LOUISE,M,2022,60,3
LOUISE,M,2022,61,7
LOUISE,M,2022,62,3
LOUISE,M,2022,63,1
LOUISE,M,2022,64,3
LOUISE,M,2022,65,4
LOUISE,M,2022,66,5
LOUISE,M,2022,67,6
LOUISE,M,2022,68,5
LOUISE,M,2022,69,1
LOUISE,M,2022,70,4
LOUISE,M,2022,71,3
LOUISE,M,2022,72,3
LOUISE,M,2022,73,2
LOUISE,M,2022,74,3
LOUISE,M,2022,75,4
LOUISE,M,2022,76,3
LOUISE,M,2022,77,4
LOUISE,M,2022,78,3
LOUISE,M,2022,79,3
LOUISE,M,2022,80,4
LOUISE,M,2022,81,6
LOUISE,M,2022,82,4
LOUISE,M,2022,83,3
LOUISE,M,2022,84,4
LOUISE,M,2022,85,4
LOUISE,M,2022,86,2
LOUISE,M,2022,87,6
LOUISE,M,2022,88,9
LOUISE,M,2022,89,2
LOUISE,M,2022,90,7
LOUISE,M,2022,91,1
LOUISE,M,2022,92,1
LOUISE,M,2022,93,5
LOUISE,M,2022,94,9
LOUISE,M,2022,95,5
GABRIEL,F,2022,01,2
GABRIEL,F,2022,02,3
GABRIEL,F,2022,03,3
GABRIEL,F,2022,04,4
GABRIEL,F,2022,05,3
GABRIEL,F,2022,06,5
GABRIEL,F,2022,07,2
GABRIEL,F,2022,08,4
GABRIEL,F,2022,09,3
GABRIEL,F,2022,10,3
GABRIEL,F,2022,11,4
GABRIEL,F,2022,12,6
GABRIEL,F,2022,13,6
GABRIEL,F,2022,14,3
GABRIEL,F,2022,15,5
GABRIEL,F,2022,16,3
GABRIEL,F,2022,18,3
GABRIEL,F,2022,19,4
GABRIEL,F,2022,21,5
GABRIEL,F,2022,22,4
GABRIEL,F,2022,24,5
GABRIEL,F,2022,25,1
GABRIEL,F,2022,26,5
GABRIEL,F,2022,27,4
GABRIEL,F,2022,28,6
GABRIEL,F,2022,29,5
GABRIEL,F,2022,2A,4
GABRIEL,F,2022,2B,4
GABRIEL,F,2022,30,3
GABRIEL,F,2022,31,6
GABRIEL,F,2022,32,3
GABRIEL,F,2022,33,4
GABRIEL,F,2022,34,3
GABRIEL,F,2022,35,4
GABRIEL,F,2022,36,8
GABRIEL,F,2022,37,6
GABRIEL,F,2022,38,2
GABRIEL,F,2022,39,6
GABRIEL,F,2022,40,5
GABRIEL,F,2022,42,3
GABRIEL,F,2022,43,2
GABRIEL,F,2022,44,2
GABRIEL,F,2022,45,5
GABRIEL,F,2022,46,3
GABRIEL,F,2022,47,5
GABRIEL,F,2022,48,3
GABRIEL,F,2022,49,3
GABRIEL,F,2022,50,3
GABRIEL,F,2022,51,1
GABRIEL,F,2022,52,4
GABRIEL,F,2022,53,4
GABRIEL,F,2022,54,5
GABRIEL,F,2022,55,3
GABRIEL,F,2022,56,1
GABRIEL,F,2022,57,3
GABRIEL,F,2022,58,4
GABRIEL,F,2022,59,4
GABRIEL,F,2022,60,6
GABRIEL,F,2022,61,3
GABRIEL,F,2022,62,3
GABRIEL,F,2022,63,5
GABRIEL,F,2022,64,3
GABRIEL,F,2022,65,5
GABRIEL,F,2022,66,4
GABRIEL,F,2022,67,4
GABRIEL,F,2022,68,2
GABRIEL,F,2022,70,3
GABRIEL,F,2022,71,4
GABRIEL,F,2022,72,4
GABRIEL,F,2022,73,4
GABRIEL,F,2022,74,3
GABRIEL,F,2022,75,7
GABRIEL,F,2022,76,6
GABRIEL,F,2022,77,5
GABRIEL,F,2022,78,6
GABRIEL,F,2022,79,3
GABRIEL,F,2022,80,4
GABRIEL,F,2022,81,4
GABRIEL,F,2022,82,6
GABRIEL,F,2022,83,8
GABRIEL,F,2022,85,3
GABRIEL,F,2022,86,3
GABRIEL,F,2022,87,5
GABRIEL,F,2022,88,4
GABRIEL,F,2022,89,1
GABRIEL,F,2022,90,1
GABRIEL,F,2022,91,3
GABRIEL,F,2022,92,5
GABRIEL,F,2022,93,4
GABRIEL,F,2022,94,3
GABRIEL,F,2022,95,6
GABRIEL,M,2022,01,3
GABRIEL,M,2022,02,4
GABRIEL,M,2022,03,7
GABRIEL,M,2022,04,4
GABRIEL,M,2022,05,6
GABRIEL,M,2022,06,4
GABRIEL,M,2022,07,3
GABRIEL,M,2022,08,3
GABRIEL,M,2022,09,4
GABRIEL,M,2022,10,3
GABRIEL,M,2022,11,3
GABRIEL,M,2022,12,6
GABRIEL,M,2022,13,3
GABRIEL,M,2022,14,3
GABRIEL,M,2022,15,7
GABRIEL,M,2022,16,1
GABRIEL,M,2022,17,2
GABRIEL,M,2022,18,8
GABRIEL,M,2022,19,6
GABRIEL,M,2022,21,3
GABRIEL,M,2022,22,3
GABRIEL,M,2022,23,4
GABRIEL,M,2022,24,1
GABRIEL,M,2022,25,5
GABRIEL,M,2022,26,3
GABRIEL,M,2022,27,6
GABRIEL,M,2022,28,2
GABRIEL,M,2022,29,2
GABRIEL,M,2022,2A,4
GABRIEL,M,2022,2B,9
GABRIEL,M,2022,30,3
GABRIEL,M,2022,31,8
GABRIEL,M,2022,32,3
GABRIEL,M,2022,33,4
GABRIEL,M,2022,34,8
GABRIEL,M,2022,35,3
GABRIEL,M,2022,36,2
GABRIEL,M,2022,37,4
GABRIEL,M,2022,38,1
GABRIEL,M,2022,39,1
GABRIEL,M,2022,40,3
GABRIEL,M,2022,41,2
GABRIEL,M,2022,42,5
GABRIEL,M,2022,43,5
GABRIEL,M,2022,44,4
GABRIEL,M,2022,45,3
GABRIEL,M,2022,46,4
GABRIEL,M,2022,47,4
GABRIEL,M,2022,48,3
GABRIEL,M,2022,49,6
GABRIEL,M,2022,50,6
GABRIEL,M,2022,51,6
GABRIEL,M,2022,52,4
GABRIEL,M,2022,53,5
GABRIEL,M,2022,54,3
GABRIEL,M,2022,55,6
GABRIEL,M,2022,56,2
GABRIEL,M,2022,57,4
GABRIEL,M,2022,58,2
GABRIEL,M,2022,59,6
GABRIEL,M,2022,60,1
GABRIEL,M,2022,61,2
GABRIEL,M,2022,62,5
GABRIEL,M,2022,63,7
GABRIEL,M,2022,64,6
GABRIEL,M,2022,65,4
GABRIEL,M,2022,66,1
GABRIEL,M,2022,67,2
GABRIEL,M,2022,68,5
GABRIEL,M,2022,69,5
GABRIEL,M,2022,70,8
GABRIEL,M,2022,71,1
GABRIEL,M,2022,72,5
GABRIEL,M,2022,73,3
GABRIEL,M,2022,74,2
GABRIEL,M,2022,75,3
GABRIEL,M,2022,76,3
GABRIEL,M,2022,77,5
GABRIEL,M,2022,78,3
GABRIEL,M,2022,79,3
GABRIEL,M,2022,80,5
GABRIEL,M,2022,81,3
GABRIEL,M,2022,82,6
GABRIEL,M,2022,83,3
GABRIEL,M,2022,84,7
GABRIEL,M,2022,85,1
GABRIEL,M,2022,86,4
GABRIEL,M,2022,87,2
GABRIEL,M,2022,88,5
GABRIEL,M,2022,89,4
GABRIEL,M,2022,90,2
GABRIEL,M,2022,91,5
GABRIEL,M,2022,92,6
GABRIEL,M,2022,93,2
GABRIEL,M,2022,94,2
GABRIEL,M,2022,95,5
JADE,F,2022,01,5
JADE,F,2022,02,2
JADE,F,2022,03,1
JADE,F,2022,04,4
JADE,F,2022,05,4
JADE,F,2022,06,8
JADE,F,2022,07,3
JADE,F,2022,08,3
JADE,F,2022,09,5
JADE,F,2022,10,2
JADE,F,2022,11,5
JADE,F,2022,12,1
JADE,F,2022,13,2
JADE,F,2022,14,2
JADE,F,2022,15,5
JADE,F,2022,16,3
JADE,F,2022,17,1
JADE,F,2022,18,2
JADE,F,2022,19,7
JADE,F,2022,21,5
JADE,F,2022,22,3
JADE,F,2022,23,6
JADE,F,2022,24,4
JADE,F,2022,25,1
JADE,F,2022,26,8
JADE,F,2022,27,3
JADE,F,2022,28,4
JADE,F,2022,29,3
JADE,F,2022,2A,4
JADE,F,2022,2B,4
JADE,F,2022,30,5
JADE,F,2022,31,3
JADE,F,2022,32,4
JADE,F,2022,33,6
JADE,F,2022,34,3
JADE,F,2022,35,3
JADE,F,2022,36,2
JADE,F,2022,37,7
JADE,F,2022,38,9
JADE,F,2022,39,2
JADE,F,2022,40,4
JADE,F,2022,41,4
JADE,F,2022,42,4
JADE,F,2022,43,1
JADE,F,2022,44,3
JADE,F,2022,45,8
JADE,F,2022,46,7
JADE,F,2022,47,8
JADE,F,2022,48,2
JADE,F,2022,49,4
JADE,F,2022,50,6
JADE,F,2022,51,3
JADE,F,2022,52,5
JADE,F,2022,53,6
JADE,F,2022,54,6
JADE,F,2022,55,4
JADE,F,2022,56,4
JADE,F,2022,57,5
JADE,F,2022,58,4
JADE,F,2022,59,3
JADE,F,2022,60,6
JADE,F,2022,61,8
JADE,F,2022,62,8
JADE,F,2022,63,4
JADE,F,2022,64,5
JADE,F,2022,65,4
JADE,F,2022,66,7
JADE,F,2022,67,4
JADE,F,2022,68,4
JADE,F,2022,69,1
JADE,F,2022,70,4
JADE,F,2022,71,4
JADE,F,2022,72,5
JADE,F,2022,73,6
JADE,F,2022,74,7
JADE,F,2022,75,3
JADE,F,2022,76,2
JADE,F,2022,77,3
JADE,F,2022,78,6
JADE,F,2022,79,4
JADE,F,2022,80,1
JADE,F,2022,81,3
JADE,F,2022,83,3
JADE,F,2022,84,3
JADE,F,2022,85,4
JADE,F,2022,86,4
JADE,F,2022,87,1
JADE,F,2022,88,3
JADE,F,2022,89,3
JADE,F,2022,90,6
JADE,F,2022,91,5
JADE,F,2022,92,6
JADE,F,2022,93,6
JADE,F,2022,94,5
JADE,F,2022,95,2
JADE,M,2022,01,2
JADE,M,2022,02,5
JADE,M,2022,03,3
JADE,M,2022,04,2
JADE,M,2022,05,4
JADE,M,2022,06,5
JADE,M,2022,07,3
JADE,M,2022,08,1
JADE,M,2022,09,5
JADE,M,2022,10,2
JADE,M,2022,11,7
JADE,M,2022,12,4
JADE,M,2022,13,5
JADE,M,2022,14,3
JADE,M,2022,15,3
JADE,M,2022,16,2
JADE,M,2022,17,5
JADE,M,2022,18,4
JADE,M,2022,19,7
JADE,M,2022,21,2
JADE,M,2022,22,3
JADE,M,2022,23,2
JADE,M,2022,24,2
JADE,M,2022,25,3
JADE,M,2022,26,3
JADE,M,2022,27,4
JADE,M,2022,28,5
JADE,M,2022,29,6
JADE,M,2022,2A,4
JADE,M,2022,2B,7
JADE,M,2022,30,4
JADE,M,2022,31,3
JADE,M,2022,32,4
JADE,M,2022,33,5
JADE,M,2022,34,6
JADE,M,2022,35,8
JADE,M,2022,36,3
JADE,M,2022,37,4
JADE,M,2022,38,4
JADE,M,2022,39,5
JADE,M,2022,40,2
JADE,M,2022,41,2
JADE,M,2022,42,6
JADE,M,2022,43,2
JADE,M,2022,44,1
JADE,M,2022,45,4
JADE,M,2022,46,5
JADE,M,2022,47,3
JADE,M,2022,48,1
JADE,M,2022,49,4
JADE,M,2022,50,5
JADE,M,2022,51,1
JADE,M,2022,52,1
JADE,M,2022,53,4
JADE,M,2022,54,5
JADE,M,2022,55,3
JADE,M,2022,56,7
JADE,M,2022,57,7
JADE,M,2022,58,1
JADE,M,2022,59,9
JADE,M,2022,60,2
JADE,M,2022,61,4
JADE,M,2022,62,7
JADE,M,2022,63,4
JADE,M,2022,64,7
JADE,M,2022,65,5
JADE,M,2022,66,4
JADE,M,2022,67,6
JADE,M,2022,68,3
JADE,M,2022,69,4
JADE,M,2022,70,4
JADE,M,2022,71,10
JADE,M,2022,72,3
JADE,M,2022,73,2
JADE,M,2022,74,2
JADE,M,2022,75,3
JADE,M,2022,76,3
JADE,M,2022,77,4
JADE,M,2022,78,2
JADE,M,2022,79,3
JADE,M,2022,80,2
JADE,M,2022,81,5
JADE,M,2022,82,5
JADE,M,2022,83,3
JADE,M,2022,84,6
JADE,M,2022,85,2
JADE,M,2022,86,2
JADE,M,2022,87,8
JADE,M,2022,88,2
JADE,M,2022,89,2
JADE,M,2022,90,6
JADE,M,2022,91,5
JADE,M,2022,92,4
JADE,M,2022,93,4
JADE,M,2022,94,1
JADE,M,2022,95,7
ARTHUR,F,2022,01,2
ARTHUR,F,2022,02,7
ARTHUR,F,2022,03,5
ARTHUR,F,2022,04,5
ARTHUR,F,2022,05,5
ARTHUR,F,2022,06,3
ARTHUR,F,2022,07,8
ARTHUR,F,2022,08,3
ARTHUR,F,2022,09,4
ARTHUR,F,2022,10,3
ARTHUR,F,2022,11,2
ARTHUR,F,2022,12,3
ARTHUR,F,2022,13,4
ARTHUR,F,2022,14,3
ARTHUR,F,2022,15,6
ARTHUR,F,2022,16,4
ARTHUR,F,2022,17,8
ARTHUR,F,2022,18,7
ARTHUR,F,2022,19,3
ARTHUR,F,2022,21,3
ARTHUR,F,2022,22,5
ARTHUR,F,2022,23,2
ARTHUR,F,2022,24,1
ARTHUR,F,2022,25,3
ARTHUR,F,2022,26,4
ARTHUR,F,2022,27,5
ARTHUR,F,2022,28,3
ARTHUR,F,2022,29,2
ARTHUR,F,2022,2A,6
ARTHUR,F,2022,2B,4
ARTHUR,F,2022,30,7
ARTHUR,F,2022,31,2
ARTHUR,F,2022,32,5
ARTHUR,F,2022,33,4
ARTHUR,F,2022,35,2
ARTHUR,F,2022,36,9
ARTHUR,F,2022,37,4
ARTHUR,F,2022,38,5
ARTHUR,F,2022,39,4
ARTHUR,F,2022,40,7
ARTHUR,F,2022,41,4
ARTHUR,F,2022,42,1
ARTHUR,F,2022,43,7
ARTHUR,F,2022,44,3
ARTHUR,F,2022,45,5
ARTHUR,F,2022,46,1
ARTHUR,F,2022,47,4
ARTHUR,F,2022,48,7
ARTHUR,F,2022,49,4
ARTHUR,F,2022,50,5
ARTHUR,F,2022,51,2
ARTHUR,F,2022,52,3
ARTHUR,F,2022,53,4
ARTHUR,F,2022,54,6
ARTHUR,F,2022,55,9
ARTHUR,F,2022,56,1
ARTHUR,F,2022,57,5
ARTHUR,F,2022,58,3
ARTHUR,F,2022,59,5
ARTHUR,F,2022,60,3
ARTHUR,F,2022,61,2
ARTHUR,F,2022,62,1
ARTHUR,F,2022,63,6
ARTHUR,F,2022,65,3
ARTHUR,F,2022,66,6
ARTHUR,F,2022,67,3
ARTHUR,F,2022,68,1
ARTHUR,F,2022,69,4
ARTHUR,F,2022,70,6
ARTHUR,F,2022,71,7
ARTHUR,F,2022,72,4
ARTHUR,F,2022,73,2
ARTHUR,F,2022,74,4
ARTHUR,F,2022,75,4
ARTHUR,F,2022,76,1
ARTHUR,F,2022,77,5
ARTHUR,F,2022,78,2
ARTHUR,F,2022,79,5
ARTHUR,F,2022,80,2
ARTHUR,F,2022,81,3
ARTHUR,F,2022,82,5
ARTHUR,F,2022,83,1
ARTHUR,F,2022,84,5
ARTHUR,F,2022,85,5
ARTHUR,F,2022,86,4
ARTHUR,F,2022,87,4
ARTHUR,F,2022,88,7
ARTHUR,F,2022,89,1
ARTHUR,F,2022,90,1
ARTHUR,F,2022,91,5
ARTHUR,F,2022,92,6
ARTHUR,F,2022,93,5
ARTHUR,F,2022,94,3
ARTHUR,F,2022,95,7
ARTHUR,M,2022,01,4
ARTHUR,M,2022,02,7
ARTHUR,M,2022,03,4
ARTHUR,M,2022,04,3
ARTHUR,M,2022,05,2
ARTHUR,M,2022,06,1
ARTHUR,M,2022,07,2
ARTHUR,M,2022,08,3
ARTHUR,M,2022,09,2
ARTHUR,M,2022,10,2
ARTHUR,M,2022,11,8
ARTHUR,M,2022,12,6
ARTHUR,M,2022,13,3
ARTHUR,M,2022,14,2
ARTHUR,M,2022,15,3
ARTHUR,M,2022,16,4
ARTHUR,M,2022,17,1
ARTHUR,M,2022,18,3
ARTHUR,M,2022,19,5
ARTHUR,M,2022,21,5
ARTHUR,M,2022,22,6
ARTHUR,M,2022,23,3
ARTHUR,M,2022,24,5
ARTHUR,M,2022,25,5
ARTHUR,M,2022,26,7
ARTHUR,M,2022,27,6
ARTHUR,M,2022,28,7
ARTHUR,M,2022,29,1
ARTHUR,M,2022,2A,3
ARTHUR,M,2022,2B,4
ARTHUR,M,2022,30,4
ARTHUR,M,2022,31,4
ARTHUR,M,2022,32,4
ARTHUR,M,2022,33,7
ARTHUR,M,2022,35,5
ARTHUR,M,2022,36,4
ARTHUR,M,2022,37,2
ARTHUR,M,2022,38,3
ARTHUR,M,2022,39,3
ARTHUR,M,2022,40,3
ARTHUR,M,2022,41,3
ARTHUR,M,2022,42,4
ARTHUR,M,2022,43,4
ARTHUR,M,2022,44,4
ARTHUR,M,2022,45,6
ARTHUR,M,2022,46,5
ARTHUR,M,2022,47,3
ARTHUR,M,2022,48,4
ARTHUR,M,2022,49,3
ARTHUR,M,2022,50,1
ARTHUR,M,2022,51,7
ARTHUR,M,2022,52,3
ARTHUR,M,2022,53,3
ARTHUR,M,2022,54,3
ARTHUR,M,2022,55,6
ARTHUR,M,2022,56,1
ARTHUR,M,2022,57,7
ARTHUR,M,2022,58,3
ARTHUR,M,2022,59,3
ARTHUR,M,2022,60,6
ARTHUR,M,2022,61,4
ARTHUR,M,2022,62,4
ARTHUR,M,2022,63,6
ARTHUR,M,2022,65,6
ARTHUR,M,2022,66,6
ARTHUR,M,2022,67,6
ARTHUR,M,2022,68,2
ARTHUR,M,2022,69,2
ARTHUR,M,2022,70,5
ARTHUR,M,2022,71,5
ARTHUR,M,2022,72,7
ARTHUR,M,2022,73,4
ARTHUR,M,2022,74,3
ARTHUR,M,2022,75,6
ARTHUR,M,2022,76,4
ARTHUR,M,2022,77,1
ARTHUR,M,2022,78,6
ARTHUR,M,2022,80,3
ARTHUR,M,2022,81,4
ARTHUR,M,2022,82,3
ARTHUR,M,2022,83,5
ARTHUR,M,2022,84,3
ARTHUR,M,2022,85,1
ARTHUR,M,2022,86,3
ARTHUR,M,2022,87,6
ARTHUR,M,2022,88,4
ARTHUR,M,2022,89,7
ARTHUR,M,2022,90,2
ARTHUR,M,2022,91,3
ARTHUR,M,2022,92,4
ARTHUR,M,2022,93,3
ARTHUR,M,2022,94,4
ARTHUR,M,2022,95,1
MAELIG,F,2023,01,7
MAELIG,F,2023,02,4
MAELIG,F,2023,03,4
MAELIG,F,2023,04,1
MAELIG,F,2023,05,3
MAELIG,F,2023,06,3
MAELIG,F,2023,07,2
MAELIG,F,2023,09,3
MAELIG,F,2023,10,5
MAELIG,F,2023,11,3
MAELIG,F,2023,12,7
MAELIG,F,2023,13,2
MAELIG,F,2023,14,4
MAELIG,F,2023,15,3
MAELIG,F,2023,16,4
MAELIG,F,2023,17,7
MAELIG,F,2023,18,2
MAELIG,F,2023,19,6
MAELIG,F,2023,21,4
MAELIG,F,2023,22,23
MAELIG,F,2023,23,5
MAELIG,F,2023,24,4
MAELIG,F,2023,25,3
MAELIG,F,2023,26,5
MAELIG,F,2023,27,1
MAELIG,F,2023,28,1
MAELIG,F,2023,29,17
MAELIG,F,2023,2A,5
MAELIG,F,2023,2B,4
MAELIG,F,2023,31,4
MAELIG,F,2023,32,4
MAELIG,F,2023,33,4
MAELIG,F,2023,34,4
MAELIG,F,2023,35,22
MAELIG,F,2023,36,1
MAELIG,F,2023,37,5
MAELIG,F,2023,38,4
MAELIG,F,2023,39,2
MAELIG,F,2023,40,3
MAELIG,F,2023,41,2
MAELIG,F,2023,42,4
MAELIG,F,2023,43,6
MAELIG,F,2023,44,15
MAELIG,F,2023,45,2
MAELIG,F,2023,46,3
MAELIG,F,2023,47,4
MAELIG,F,2023,48,4
MAELIG,F,2023,49,7
MAELIG,F,2023,50,6
MAELIG,F,2023,51,6
MAELIG,F,2023,52,6
MAELIG,F,2023,53,2
MAELIG,F,2023,54,6
MAELIG,F,2023,55,3
MAELIG,F,2023,56,14
MAELIG,F,2023,57,2
MAELIG,F,2023,58,3
MAELIG,F,2023,59,4
MAELIG,F,2023,60,3
MAELIG,F,2023,62,2
MAELIG,F,2023,63,2
MAELIG,F,2023,64,3
MAELIG,F,2023,65,2
MAELIG,F,2023,66,5
MAELIG,F,2023,67,3
MAELIG,F,2023,68,6
MAELIG,F,2023,69,6
MAELIG,F,2023,70,3
MAELIG,F,2023,71,5
MAELIG,F,2023,72,6
MAELIG,F,2023,73,1
MAELIG,F,2023,74,2
MAELIG,F,2023,75,2
MAELIG,F,2023,76,3
MAELIG,F,2023,77,3
MAELIG,F,2023,78,1
MAELIG,F,2023,79,1
MAELIG,F,2023,80,5
MAELIG,F,2023,81,4
MAELIG,F,2023,82,4
MAELIG,F,2023,83,3
MAELIG,F,2023,84,4
MAELIG,F,2023,85,5
MAELIG,F,2023,86,5
MAELIG,F,2023,87,6
MAELIG,F,2023,88,2
MAELIG,F,2023,89,2
MAELIG,F,2023,90,1
MAELIG,F,2023,91,4
MAELIG,F,2023,92,5
MAELIG,F,2023,93,6
MAELIG,F,2023,94,5
MAELIG,F,2023,95,3
MAELIG,M,2023,01,4
MAELIG,M,2023,02,5
MAELIG,M,2023,03,2
MAELIG,M,2023,04,5
MAELIG,M,2023,05,2
MAELIG,M,2023,06,5
MAELIG,M,2023,07,3
MAELIG,M,2023,08,1
MAELIG,M,2023,09,5
MAELIG,M,2023,10,4
MAELIG,M,2023,11,2
MAELIG,M,2023,12,7
MAELIG,M,2023,13,3
MAELIG,M,2023,14,4
MAELIG,M,2023,15,3
MAELIG,M,2023,16,2
MAELIG,M,2023,17,2
MAELIG,M,2023,18,6
MAELIG,M,2023,19,2
MAELIG,M,2023,21,5
MAELIG,M,2023,22,19
MAELIG,M,2023,23,5
MAELIG,M,2023,24,2
MAELIG,M,2023,25,3
MAELIG,M,2023,26,6
MAELIG,M,2023,27,2
MAELIG,M,2023,28,5
MAELIG,M,2023,29,16
MAELIG,M,2023,2A,3
MAELIG,M,2023,30,4
MAELIG,M,2023,31,2
MAELIG,M,2023,32,2
MAELIG,M,2023,33,5
MAELIG,M,2023,34,4
MAELIG,M,2023,35,25
MAELIG,M,2023,36,3
MAELIG,M,2023,37,3
MAELIG,M,2023,38,4
MAELIG,M,2023,39,4
MAELIG,M,2023,40,2
MAELIG,M,2023,41,6
MAELIG,M,2023,42,1
MAELIG,M,2023,43,3
MAELIG,M,2023,44,29
MAELIG,M,2023,45,1
MAELIG,M,2023,46,6
MAELIG,M,2023,47,4
MAELIG,M,2023,48,5
MAELIG,M,2023,49,3
MAELIG,M,2023,50,2
MAELIG,M,2023,51,3
MAELIG,M,2023,52,2
MAELIG,M,2023,53,8
MAELIG,M,2023,54,3
MAELIG,M,2023,55,2
MAELIG,M,2023,56,23
MAELIG,M,2023,57,5
MAELIG,M,2023,58,1
MAELIG,M,2023,59,6
MAELIG,M,2023,60,3
MAELIG,M,2023,61,5
MAELIG,M,2023,62,4
MAELIG,M,2023,63,5
MAELIG,M,2023,64,3
MAELIG,M,2023,65,3
MAELIG,M,2023,66,2
MAELIG,M,2023,67,5
MAELIG,M,2023,68,5
MAELIG,M,2023,69,4
MAELIG,M,2023,70,3
MAELIG,M,2023,71,6
MAELIG,M,2023,72,4
MAELIG,M,2023,73,7
MAELIG,M,2023,74,3
MAELIG,M,2023,75,5
MAELIG,M,2023,76,5
MAELIG,M,2023,77,3
MAELIG,M,2023,78,3
MAELIG,M,2023,80,3
MAELIG,M,2023,81,4
MAELIG,M,2023,82,3
MAELIG,M,2023,83,6
MAELIG,M,2023,84,4
MAELIG,M,2023,85,3
MAELIG,M,2023,86,5
MAELIG,M,2023,87,8
MAELIG,M,2023,88,3
MAELIG,M,2023,89,3
MAELIG,M,2023,90,7
MAELIG,M,2023,91,3
MAELIG,M,2023,92,1
MAELIG,M,2023,93,3
MAELIG,M,2023,94,8
MAELIG,M,2023,95,3
LOUISE,F,2023,01,3
LOUISE,F,2023,02,5
LOUISE,F,2023,03,4
LOUISE,F,2023,04,4
LOUISE,F,2023,05,4
LOUISE,F,2023,06,4
LOUISE,F,2023,07,3
LOUISE,F,2023,08,10
LOUISE,F,2023,09,6
LOUISE,F,2023,10,5
LOUISE,F,2023,11,6
LOUISE,F,2023,12,8
LOUISE,F,2023,13,2
LOUISE,F,2023,14,4
LOUISE,F,2023,15,2
LOUISE,F,2023,16,4
LOUISE,F,2023,17,6
LOUISE,F,2023,18,3
LOUISE,F,2023,19,11
LOUISE,F,2023,21,5
LOUISE,F,2023,22,1
LOUISE,F,2023,23,3
LOUISE,F,2023,24,1
LOUISE,F,2023,25,3
LOUISE,F,2023,26,2
LOUISE,F,2023,27,4
LOUISE,F,2023,28,4
LOUISE,F,2023,29,2
LOUISE,F,2023,2A,4
LOUISE,F,2023,2B,2
LOUISE,F,2023,30,3
LOUISE,F,2023,31,1
LOUISE,F,2023,32,3
LOUISE,F,2023,33,5
LOUISE,F,2023,34,1
LOUISE,F,2023,35,1
LOUISE,F,2023,36,2
LOUISE,F,2023,37,2
LOUISE,F,2023,38,2
LOUISE,F,2023,39,2
LOUISE,F,2023,40,6
LOUISE,F,2023,41,2
LOUISE,F,2023,42,4
LOUISE,F,2023,43,8
LOUISE,F,2023,44,3
LOUISE,F,2023,45,1
LOUISE,F,2023,46,4
LOUISE,F,2023,47,10
LOUISE,F,2023,48,2
LOUISE,F,2023,49,6
LOUISE,F,2023,50,5
LOUISE,F,2023,51,6
LOUISE,F,2023,52,4
LOUISE,F,2023,53,3
LOUISE,F,2023,54,8
LOUISE,F,2023,55,7
LOUISE,F,2023,56,3
LOUISE,F,2023,57,4
LOUISE,F,2023,58,1
LOUISE,F,2023,59,3
LOUISE,F,2023,60,3
LOUISE,F,2023,61,7
LOUISE,F,2023,62,4
LOUISE,F,2023,63,4
LOUISE,F,2023,64,1
LOUISE,F,2023,65,8
LOUISE,F,2023,66,5
LOUISE,F,2023,67,6
LOUISE,F,2023,68,5
LOUISE,F,2023,69,3
LOUISE,F,2023,70,4
LOUISE,F,2023,71,3
LOUISE,F,2023,72,2
LOUISE,F,2023,73,6
LOUISE,F,2023,74,6
LOUISE,F,2023,75,3
LOUISE,F,2023,76,6
LOUISE,F,2023,77,5
LOUISE,F,2023,78,3
LOUISE,F,2023,79,5
LOUISE,F,2023,80,1
LOUISE,F,2023,81,2
LOUISE,F,2023,82,6
LOUISE,F,2023,83,2
LOUISE,F,2023,85,9
LOUISE,F,2023,86,5
LOUISE,F,2023,87,3
LOUISE,F,2023,88,5
LOUISE,F,2023,89,6
LOUISE,F,2023,90,6
LOUISE,F,2023,91,3
LOUISE,F,2023,92,6
LOUISE,F,2023,93,2
LOUISE,F,2023,94,4
LOUISE,F,2023,95,3
LOUISE,M,2023,01,5
LOUISE,M,2023,02,9
LOUISE,M,2023,03,4
LOUISE,M,2023,04,6
LOUISE,M,2023,05,1
LOUISE,M,2023,06,5
LOUISE,M,2023,07,5
LOUISE,M,2023,08,3
LOUISE,M,2023,09,7
LOUISE,M,2023,10,4
LOUISE,M,2023,11,5
LOUISE,M,2023,12,5
LOUISE,M,2023,13,3
LOUISE,M,2023,14,5
LOUISE,M,2023,15,4
LOUISE,M,2023,16,3
LOUISE,M,2023,17,5
LOUISE,M,2023,18,2
LOUISE,M,2023,19,1
LOUISE,M,2023,21,4
LOUISE,M,2023,22,4
LOUISE,M,2023,23,6
LOUISE,M,2023,24,1
LOUISE,M,2023,25,1
LOUISE,M,2023,26,7
LOUISE,M,2023,27,3
LOUISE,M,2023,28,3
LOUISE,M,2023,29,3
LOUISE,M,2023,2A,5
LOUISE,M,2023,2B,4
LOUISE,M,2023,30,7
LOUISE,M,2023,31,5
LOUISE,M,2023,32,3
LOUISE,M,2023,33,2
LOUISE,M,2023,34,4
LOUISE,M,2023,35,1
LOUISE,M,2023,36,4
LOUISE,M,2023,37,4
LOUISE,M,2023,38,4
LOUISE,M,2023,39,2
LOUISE,M,2023,40,4
LOUISE,M,2023,41,5
LOUISE,M,2023,42,6
LOUISE,M,2023,43,3
LOUISE,M,2023,44,4
LOUISE,M,2023,45,4
LOUISE,M,2023,46,4
LOUISE,M,2023,47,5
LOUISE,M,2023,48,5
LOUISE,M,2023,49,3
LOUISE,M,2023,50,7
LOUISE,M,2023,51,2
LOUISE,M,2023,52,4
LOUISE,M,2023,53,6
LOUISE,M,2023,54,3
LOUISE,M,2023,55,6
LOUISE,M,2023,56,4
LOUISE,M,2023,57,5
LOUISE,M,2023,58,4
LOUISE,M,2023,59,6
LOUISE,M,2023,60,5
LOUISE,M,2023,61,4
LOUISE,M,2023,62,4
LOUISE,M,2023,63,5
LOUISE,M,2023,64,4
LOUISE,M,2023,65,3
LOUISE,M,2023,66,5
LOUISE,M,2023,67,5
LOUISE,M,2023,68,7
LOUISE,M,2023,69,5
LOUISE,M,2023,70,4
LOUISE,M,2023,71,3
LOUISE,M,2023,72,6
LOUISE,M,2023,73,6
LOUISE,M,2023,74,2
LOUISE,M,2023,75,7
LOUISE,M,2023,76,4
LOUISE,M,2023,77,5
LOUISE,M,2023,78,6
LOUISE,M,2023,79,4
LOUISE,M,2023,80,3
LOUISE,M,2023,81,4
LOUISE,M,2023,82,3
LOUISE,M,2023,83,2
LOUISE,M,2023,84,1
LOUISE,M,2023,85,6
LOUISE,M,2023,86,3
LOUISE,M,2023,87,3
LOUISE,M,2023,88,5
LOUISE,M,2023,89,4
LOUISE,M,2023,90,4
LOUISE,M,2023,91,6
LOUISE,M,2023,92,1
LOUISE,M,2023,93,4
LOUISE,M,2023,94,1
LOUISE,M,2023,95,3
GABRIEL,F,2023,01,4
GABRIEL,F,2023,02,2
GABRIEL,F,2023,03,7
GABRIEL,F,2023,04,6
GABRIEL,F,2023,05,6
GABRIEL,F,2023,06,3
GABRIEL,F,2023,07,5
GABRIEL,F,2023,08,1
GABRIEL,F,2023,09,4
GABRIEL,F,2023,10,7
GABRIEL,F,2023,11,1
GABRIEL,F,2023,12,5
GABRIEL,F,2023,13,5
GABRIEL,F,2023,14,2
GABRIEL,F,2023,15,3
GABRIEL,F,2023,16,2
GABRIEL,F,2023,17,2
GABRIEL,F,2023,18,2
GABRIEL,F,2023,19,4
GABRIEL,F,2023,21,4
GABRIEL,F,2023,23,3
GABRIEL,F,2023,24,3
GABRIEL,F,2023,25,4
GABRIEL,F,2023,26,6
GABRIEL,F,2023,27,6
GABRIEL,F,2023,28,1
GABRIEL,F,2023,29,1
GABRIEL,F,2023,2A,8
GABRIEL,F,2023,2B,6
GABRIEL,F,2023,30,2
GABRIEL,F,2023,31,2
GABRIEL,F,2023,32,3
GABRIEL,F,2023,33,1
GABRIEL,F,2023,34,4
GABRIEL,F,2023,35,7
GABRIEL,F,2023,36,7
GABRIEL,F,2023,37,3
GABRIEL,F,2023,38,5
GABRIEL,F,2023,39,6
GABRIEL,F,2023,40,5
GABRIEL,F,2023,41,3
GABRIEL,F,2023,42,6
GABRIEL,F,2023,43,3
GABRIEL,F,2023,44,4
GABRIEL,F,2023,45,3
GABRIEL,F,2023,46,4
GABRIEL,F,2023,47,6
GABRIEL,F,2023,48,3
GABRIEL,F,2023,49,6
GABRIEL,F,2023,50,3
GABRIEL,F,2023,51,2
GABRIEL,F,2023,52,7
GABRIEL,F,2023,53,1
GABRIEL,F,2023,54,6
GABRIEL,F,2023,55,2
GABRIEL,F,2023,56,5
GABRIEL,F,2023,57,6
GABRIEL,F,2023,58,6
GABRIEL,F,2023,59,5
GABRIEL,F,2023,60,4
GABRIEL,F,2023,61,9
GABRIEL,F,2023,62,2
GABRIEL,F,2023,63,5
GABRIEL,F,2023,64,6
GABRIEL,F,2023,65,5
GABRIEL,F,2023,66,5
GABRIEL,F,2023,67,5
GABRIEL,F,2023,68,3
GABRIEL,F,2023,69,3
GABRIEL,F,2023,70,2
GABRIEL,F,2023,71,3
GABRIEL,F,2023,72,4
GABRIEL,F,2023,73,4
GABRIEL,F,2023,74,7
GABRIEL,F,2023,75,3
GABRIEL,F,2023,76,7
GABRIEL,F,2023,77,6
GABRIEL,F,2023,78,7
GABRIEL,F,2023,79,8
GABRIEL,F,2023,80,6
GABRIEL,F,2023,81,3
GABRIEL,F,2023,82,3
GABRIEL,F,2023,83,7
GABRIEL,F,2023,84,2
GABRIEL,F,2023,85,2
GABRIEL,F,2023,86,8
GABRIEL,F,2023,87,5
GABRIEL,F,2023,88,3
GABRIEL,F,2023,89,2
GABRIEL,F,2023,90,4
GABRIEL,F,2023,91,8
GABRIEL,F,2023,92,2
GABRIEL,F,2023,93,5
GABRIEL,F,2023,94,2
GABRIEL,F,2023,95,7
GABRIEL,M,2023,01,2
GABRIEL,M,2023,02,2
GABRIEL,M,2023,03,8
GABRIEL,M,2023,04,5
GABRIEL,M,2023,05,3
GABRIEL,M,2023,06,4
GABRIEL,M,2023,07,4
GABRIEL,M,2023,08,3
GABRIEL,M,2023,09,5
GABRIEL,M,2023,10,2
GABRIEL,M,2023,11,3
GABRIEL,M,2023,12,4
GABRIEL,M,2023,13,4
GABRIEL,M,2023,14,1
GABRIEL,M,2023,15,5
GABRIEL,M,2023,16,9
GABRIEL,M,2023,17,5
GABRIEL,M,2023,18,3
GABRIEL,M,2023,19,5
GABRIEL,M,2023,21,4
GABRIEL,M,2023,22,4
GABRIEL,M,2023,23,9
GABRIEL,M,2023,24,3
GABRIEL,M,2023,25,3
GABRIEL,M,2023,26,3
GABRIEL,M,2023,27,5
GABRIEL,M,2023,28,6
GABRIEL,M,2023,29,6
GABRIEL,M,2023,2A,3
GABRIEL,M,2023,2B,4
GABRIEL,M,2023,30,6
GABRIEL,M,2023,31,4
GABRIEL,M,2023,32,5
GABRIEL,M,2023,33,6
GABRIEL,M,2023,34,3
GABRIEL,M,2023,35,4
GABRIEL,M,2023,36,4
GABRIEL,M,2023,37,8
GABRIEL,M,2023,38,6
GABRIEL,M,2023,40,3
GABRIEL,M,2023,41,4
GABRIEL,M,2023,42,1
GABRIEL,M,2023,43,4
GABRIEL,M,2023,44,2
GABRIEL,M,2023,45,6
GABRIEL,M,2023,46,7
GABRIEL,M,2023,47,4
GABRIEL,M,2023,48,1
GABRIEL,M,2023,49,5
GABRIEL,M,2023,50,2
GABRIEL,M,2023,51,1
GABRIEL,M,2023,52,3
GABRIEL,M,2023,53,3
GABRIEL,M,2023,54,3
GABRIEL,M,2023,55,7
GABRIEL,M,2023,56,4
GABRIEL,M,2023,57,5
GABRIEL,M,2023,58,8
GABRIEL,M,2023,59,4
GABRIEL,M,2023,60,4
GABRIEL,M,2023,61,6
GABRIEL,M,2023,62,5
GABRIEL,M,2023,63,5
GABRIEL,M,2023,64,2
GABRIEL,M,2023,65,5
GABRIEL,M,2023,66,5
GABRIEL,M,2023,67,5
GABRIEL,M,2023,68,5
GABRIEL,M,2023,69,5
GABRIEL,M,2023,70,8
GABRIEL,M,2023,71,4
GABRIEL,M,2023,72,5
GABRIEL,M,2023,73,2
GABRIEL,M,2023,74,4
GABRIEL,M,2023,75,2
GABRIEL,M,2023,76,1
GABRIEL,M,2023,77,3
GABRIEL,M,2023,78,6
GABRIEL,M,2023,79,8
GABRIEL,M,2023,80,3
GABRIEL,M,2023,81,8
GABRIEL,M,2023,82,5
GABRIEL,M,2023,83,6
GABRIEL,M,2023,84,1
GABRIEL,M,2023,85,4
GABRIEL,M,2023,86,2
GABRIEL,M,2023,87,4
GABRIEL,M,2023,88,6
GABRIEL,M,2023,89,5
GABRIEL,M,2023,90,3
GABRIEL,M,2023,91,4
GABRIEL,M,2023,92,4
GABRIEL,M,2023,93,3
GABRIEL,M,2023,94,1
GABRIEL,M,2023,95,4
JADE,F,2023,01,6
JADE,F,2023,02,3
JADE,F,2023,03,5
JADE,F,2023,04,5
JADE,F,2023,05,4
JADE,F,2023,06,5
JADE,F,2023,07,7
JADE,F,2023,08,4
JADE,F,2023,09,3
JADE,F,2023,10,3
JADE,F,2023,11,9
JADE,F,2023,12,1
JADE,F,2023,13,3
JADE,F,2023,14,2
JADE,F,2023,15,1
JADE,F,2023,16,4
JADE,F,2023,17,3
JADE,F,2023,18,5
JADE,F,2023,19,5
JADE,F,2023,21,6
JADE,F,2023,22,3
JADE,F,2023,23,6
JADE,F,2023,24,3
JADE,F,2023,25,3
JADE,F,2023,26,7
JADE,F,2023,27,1
JADE,F,2023,28,7
JADE,F,2023,29,2
JADE,F,2023,2A,6
JADE,F,2023,2B,5
JADE,F,2023,30,6
JADE,F,2023,31,6
JADE,F,2023,32,6
JADE,F,2023,33,3
JADE,F,2023,34,3
JADE,F,2023,35,2
JADE,F,2023,36,5
JADE,F,2023,37,1
JADE,F,2023,38,3
JADE,F,2023,39,4
JADE,F,2023,40,3
JADE,F,2023,41,2
JADE,F,2023,42,3
JADE,F,2023,43,1
JADE,F,2023,44,1
JADE,F,2023,45,4
JADE,F,2023,46,3
JADE,F,2023,47,1
JADE,F,2023,48,2
JADE,F,2023,49,2
JADE,F,2023,50,5
JADE,F,2023,51,6
JADE,F,2023,52,7
JADE,F,2023,53,5
JADE,F,2023,54,2
JADE,F,2023,55,7
JADE,F,2023,56,4
JADE,F,2023,57,3
JADE,F,2023,58,5
JADE,F,2023,59,3
JADE,F,2023,60,5
JADE,F,2023,61,7
JADE,F,2023,62,5
JADE,F,2023,63,6
JADE,F,2023,64,8
JADE,F,2023,65,4
JADE,F,2023,66,3
JADE,F,2023,67,4
JADE,F,2023,68,7
JADE,F,2023,69,3
JADE,F,2023,70,7
JADE,F,2023,71,1
JADE,F,2023,72,1
JADE,F,2023,73,7
JADE,F,2023,74,2
JADE,F,2023,75,3
JADE,F,2023,76,7
JADE,F,2023,77,3
JADE,F,2023,78,3
JADE,F,2023,79,1
JADE,F,2023,80,8
JADE,F,2023,81,3
JADE,F,2023,82,5
JADE,F,2023,83,6
JADE,F,2023,84,5
JADE,F,2023,85,3
JADE,F,2023,86,6
JADE,F,2023,87,4
JADE,F,2023,88,1
JADE,F,2023,89,5
JADE,F,2023,90,2
JADE,F,2023,91,3
JADE,F,2023,92,4
JADE,F,2023,93,4
JADE,F,2023,94,7
JADE,F,2023,95,6
JADE,M,2023,01,3
JADE,M,2023,02,3
JADE,M,2023,03,2
JADE,M,2023,04,3
JADE,M,2023,05,2
JADE,M,2023,06,3
JADE,M,2023,08,4
JADE,M,2023,09,5
JADE,M,2023,10,1
JADE,M,2023,11,3
JADE,M,2023,12,6
JADE,M,2023,13,5
JADE,M,2023,14,4
JADE,M,2023,15,4
JADE,M,2023,16,3
JADE,M,2023,17,2
JADE,M,2023,18,5
JADE,M,2023,19,6
JADE,M,2023,21,3
JADE,M,2023,23,5
JADE,M,2023,24,2
JADE,M,2023,25,4
JADE,M,2023,26,6
JADE,M,2023,27,4
JADE,M,2023,28,1
JADE,M,2023,29,5
JADE,M,2023,2A,3
JADE,M,2023,2B,3
JADE,M,2023,30,4
JADE,M,2023,31,4
JADE,M,2023,32,4
JADE,M,2023,33,5
JADE,M,2023,34,3
JADE,M,2023,35,3
JADE,M,2023,36,1
JADE,M,2023,37,6
JADE,M,2023,38,2
JADE,M,2023,39,3
JADE,M,2023,40,6
JADE,M,2023,41,3
JADE,M,2023,42,2
JADE,M,2023,43,6
JADE,M,2023,44,5
JADE,M,2023,45,5
JADE,M,2023,46,2
JADE,M,2023,47,1
JADE,M,2023,48,7
JADE,M,2023,49,3
JADE,M,2023,50,5
JADE,M,2023,51,2
JADE,M,2023,52,4
JADE,M,2023,54,4
JADE,M,2023,55,7
JADE,M,2023,56,8
JADE,M,2023,57,3
JADE,M,2023,58,6
JADE,M,2023,59,5
JADE,M,2023,60,2
JADE,M,2023,61,5
JADE,M,2023,62,5
JADE,M,2023,63,5
JADE,M,2023,64,2
JADE,M,2023,65,3
JADE,M,2023,66,4
JADE,M,2023,67,1
JADE,M,2023,68,5
JADE,M,2023,69,5
JADE,M,2023,70,5
JADE,M,2023,71,7
JADE,M,2023,72,1
JADE,M,2023,73,2
JADE,M,2023,74,2
JADE,M,2023,75,5
JADE,M,2023,76,5
JADE,M,2023,77,3
JADE,M,2023,78,7
JADE,M,2023,79,4
JADE,M,2023,80,5
JADE,M,2023,81,4
JADE,M,2023,82,1
JADE,M,2023,83,7
JADE,M,2023,84,1
JADE,M,2023,85,2
JADE,M,2023,86,7
JADE,M,2023,87,5
JADE,M,2023,88,3
JADE,M,2023,89,3
JADE,M,2023,90,3
JADE,M,2023,91,4
JADE,M,2023,92,5
JADE,M,2023,93,4
JADE,M,2023,94,1
JADE,M,2023,95,7
ARTHUR,F,2023,01,8
ARTHUR,F,2023,02,4
ARTHUR,F,2023,03,3
ARTHUR,F,2023,04,5
ARTHUR,F,2023,05,3
ARTHUR,F,2023,06,9
ARTHUR,F,2023,07,6
ARTHUR,F,2023,08,7
ARTHUR,F,2023,09,4
ARTHUR,F,2023,10,3
ARTHUR,F,2023,11,4
ARTHUR,F,2023,12,7
ARTHUR,F,2023,13,4
ARTHUR,F,2023,14,1
ARTHUR,F,2023,15,4
ARTHUR,F,2023,16,5
ARTHUR,F,2023,17,5
ARTHUR,F,2023,18,3
ARTHUR,F,2023,19,4
ARTHUR,F,2023,21,5
ARTHUR,F,2023,22,1
ARTHUR,F,2023,23,4
ARTHUR,F,2023,24,3
ARTHUR,F,2023,25,5
ARTHUR,F,2023,26,1
ARTHUR,F,2023,27,5
ARTHUR,F,2023,28,4
ARTHUR,F,2023,29,4
ARTHUR,F,2023,2A,2
ARTHUR,F,2023,2B,3
ARTHUR,F,2023,30,6
ARTHUR,F,2023,31,4
ARTHUR,F,2023,33,7
ARTHUR,F,2023,34,5
ARTHUR,F,2023,35,7
ARTHUR,F,2023,36,4
ARTHUR,F,2023,37,2
ARTHUR,F,2023,38,5
ARTHUR,F,2023,39,2
ARTHUR,F,2023,40,2
ARTHUR,F,2023,41,6
ARTHUR,F,2023,42,3
ARTHUR,F,2023,43,7
ARTHUR,F,2023,44,5
ARTHUR,F,2023,45,5
ARTHUR,F,2023,46,5
ARTHUR,F,2023,47,8
ARTHUR,F,2023,48,5
ARTHUR,F,2023,49,3
ARTHUR,F,2023,50,5
ARTHUR,F,2023,52,3
ARTHUR,F,2023,53,2
ARTHUR,F,2023,54,4
ARTHUR,F,2023,55,4
ARTHUR,F,2023,56,2
ARTHUR,F,2023,57,5
ARTHUR,F,2023,58,4
ARTHUR,F,2023,59,6
ARTHUR,F,2023,60,3
ARTHUR,F,2023,61,4
ARTHUR,F,2023,62,6
ARTHUR,F,2023,63,5
ARTHUR,F,2023,64,8
ARTHUR,F,2023,65,4
ARTHUR,F,2023,66,3
ARTHUR,F,2023,67,4
ARTHUR,F,2023,68,2
ARTHUR,F,2023,69,3
ARTHUR,F,2023,71,2
ARTHUR,F,2023,72,4
ARTHUR,F,2023,73,3
ARTHUR,F,2023,74,6
ARTHUR,F,2023,75,1
ARTHUR,F,2023,76,2
ARTHUR,F,2023,77,3
ARTHUR,F,2023,78,5
ARTHUR,F,2023,80,2
ARTHUR,F,2023,81,4
ARTHUR,F,2023,82,4
ARTHUR,F,2023,83,3
ARTHUR,F,2023,84,2
ARTHUR,F,2023,85,5
ARTHUR,F,2023,86,3
ARTHUR,F,2023,87,4
ARTHUR,F,2023,88,10
ARTHUR,F,2023,89,2
ARTHUR,F,2023,90,3
ARTHUR,F,2023,91,3
ARTHUR,F,2023,92,4
ARTHUR,F,2023,93,7
ARTHUR,F,2023,94,8
ARTHUR,F,2023,95,11
ARTHUR,M,2023,01,3
ARTHUR,M,2023,02,5
ARTHUR,M,2023,03,9
ARTHUR,M,2023,04,3
ARTHUR,M,2023,05,3
ARTHUR,M,2023,06,4
ARTHUR,M,2023,07,3
ARTHUR,M,2023,08,2
ARTHUR,M,2023,09,1
ARTHUR,M,2023,10,3
ARTHUR,M,2023,11,3
ARTHUR,M,2023,12,2
ARTHUR,M,2023,13,2
ARTHUR,M,2023,14,4
ARTHUR,M,2023,16,3
ARTHUR,M,2023,17,3
ARTHUR,M,2023,18,4
ARTHUR,M,2023,19,4
ARTHUR,M,2023,21,2
ARTHUR,M,2023,22,3
ARTHUR,M,2023,23,2
ARTHUR,M,2023,24,3
ARTHUR,M,2023,25,5
ARTHUR,M,2023,26,4
ARTHUR,M,2023,27,5
ARTHUR,M,2023,28,1
ARTHUR,M,2023,29,4
ARTHUR,M,2023,2A,4
ARTHUR,M,2023,2B,3
ARTHUR,M,2023,30,1
ARTHUR,M,2023,31,5
ARTHUR,M,2023,32,1
ARTHUR,M,2023,33,2
ARTHUR,M,2023,34,4
ARTHUR,M,2023,35,2
ARTHUR,M,2023,36,3
ARTHUR,M,2023,37,4
ARTHUR,M,2023,38,3
ARTHUR,M,2023,39,1
ARTHUR,M,2023,40,2
ARTHUR,M,2023,41,3
ARTHUR,M,2023,42,2
ARTHUR,M,2023,43,5
ARTHUR,M,2023,44,4
ARTHUR,M,2023,45,7
ARTHUR,M,2023,46,2
ARTHUR,M,2023,47,5
ARTHUR,M,2023,48,7
ARTHUR,M,2023,49,3
ARTHUR,M,2023,50,4
ARTHUR,M,2023,51,7
ARTHUR,M,2023,52,4
ARTHUR,M,2023,53,6
ARTHUR,M,2023,54,3
ARTHUR,M,2023,55,6
ARTHUR,M,2023,56,5
ARTHUR,M,2023,57,3
ARTHUR,M,2023,58,3
ARTHUR,M,2023,59,3
ARTHUR,M,2023,60,4
ARTHUR,M,2023,61,2
ARTHUR,M,2023,62,5
ARTHUR,M,2023,63,2
ARTHUR,M,2023,64,3
ARTHUR,M,2023,65,4
ARTHUR,M,2023,66,4
ARTHUR,M,2023,67,4
ARTHUR,M,2023,68,2
ARTHUR,M,2023,69,5
ARTHUR,M,2023,70,9
ARTHUR,M,2023,71,7
ARTHUR,M,2023,72,6
ARTHUR,M,2023,73,5
ARTHUR,M,2023,74,5
ARTHUR,M,2023,75,2
ARTHUR,M,2023,77,2
ARTHUR,M,2023,78,1
ARTHUR,M,2023,79,4
ARTHUR,M,2023,80,3
ARTHUR,M,2023,81,3
ARTHUR,M,2023,82,2
ARTHUR,M,2023,83,9
ARTHUR,M,2023,84,4
ARTHUR,M,2023,85,3
ARTHUR,M,2023,86,3
ARTHUR,M,2023,87,6
ARTHUR,M,2023,88,4
ARTHUR,M,2023,89,7
ARTHUR,M,2023,90,4
ARTHUR,M,2023,91,9
ARTHUR,M,2023,92,3
ARTHUR,M,2023,93,5
ARTHUR,M,2023,94,3
ARTHUR,M,2023,95,6
